업종명,업소명,소재지(도로명),소재지(지번),소재지전화,업태명,데이터기준일자
일반음식점,촌집닭갈비,강원특별자치도 춘천시 남산면 강촌로 68,강원특별자치도 춘천시 남산면 강촌리 227-71 ,,식육(숯불구이),2026-05-27
일반음식점,샘토명물닭갈비본점,"강원특별자치도 춘천시 충열로 175, 1,2동 1층 (우두동)",강원특별자치도 춘천시 우두동 1018-4 ,,한식,2026-05-27
일반음식점,해바라기,"강원특별자치도 춘천시 전원길 1, 1층 (운교동)",강원특별자치도 춘천시 운교동 188-8 ,,분식,2026-05-27
일반음식점,이모네장터,"강원특별자치도 춘천시 행촌로 36-1 (퇴계동, 1층)",강원특별자치도 춘천시 퇴계동 902-10 ,,한식,2026-05-27
일반음식점,화톳불,강원특별자치도 춘천시 세실로192번길 6 (후평동),강원특별자치도 춘천시 후평동 882-7 ,,호프/통닭,2026-05-27
일반음식점,오도순순대국,"강원특별자치도 춘천시 퇴계농공로 13, 1층 (석사동)",강원특별자치도 춘천시 석사동 890-2 (1층) ,,한식,2026-05-27
일반음식점,한량,"강원특별자치도 춘천시 약사고개길46번길 14-16, 2층 (약사동)",강원특별자치도 춘천시 약사동 86-7 ,,기타,2026-05-27
일반음식점,차이나게이트,"강원특별자치도 춘천시 애막골길7번길 31-1, 1층 (석사동)",강원특별자치도 춘천시 석사동 737-3 ,,중국식,2026-05-27
일반음식점,춘하추동,강원특별자치도 춘천시 북산면 오봉산길 697,강원특별자치도 춘천시 북산면 청평리 산 188-8 ,,한식,2026-05-27
일반음식점,문어랑,"강원특별자치도 춘천시 애막골길7번길 25, 1층 (석사동)",강원특별자치도 춘천시 석사동 737-9 (1층) ,,한식,2026-05-27
일반음식점,춘천집,강원특별자치도 춘천시 공지로 61-4 (석사동),강원특별자치도 춘천시 석사동 635-7 ,,한식,2026-05-27
일반음식점,잭밀러,"강원특별자치도 춘천시 스무숲2길 1, 1층 (석사동)",강원특별자치도 춘천시 석사동 940-1 (1층) ,,경양식,2026-05-27
일반음식점,진이식당,"강원특별자치도 춘천시 영서로 2352-44, 풍물시장 92, 93, 94호 (온의동)",강원특별자치도 춘천시 온의동 148-1 풍물시장 ,,한식,2026-05-27
일반음식점,육림집,"강원특별자치도 춘천시 영서로 2352-44, 12동 1층 90호 (온의동, 풍물시장)",강원특별자치도 춘천시 온의동 148-1 외29필지12동90호 ,,한식,2026-05-27
일반음식점,대박치킨,"강원특별자치도 춘천시 영서로 2352-12 (온의동, 온의동외23필지상가4동141호)",강원특별자치도 춘천시 온의동 45-2 외23필지 상가4동 141 ,,통닭(치킨),2026-05-27
일반음식점,대박포차,"강원특별자치도 춘천시 벌말길 92, 1층 (석사동)",강원특별자치도 춘천시 석사동 696-7 (1층) ,,분식,2026-05-27
일반음식점,연이네초밥,강원특별자치도 춘천시 영서로 2250-8 (퇴계동),강원특별자치도 춘천시 퇴계동 637-21 ,,일식,2026-05-27
일반음식점,꽃도야,"강원특별자치도 춘천시 서부대성로 129, 1층 (운교동)",강원특별자치도 춘천시 운교동 191-3 ,,한식,2026-05-27
일반음식점,부영식당,강원특별자치도 춘천시 북산면 오봉산길 697,강원특별자치도 춘천시 북산면 청평리 산 188-8 ,,한식,2026-05-27
일반음식점,처음처럼벼리네,"강원특별자치도 춘천시 서면 삿갓봉길 102, 1층",강원특별자치도 춘천시 서면 오월리 97-55 외1필지 1층 ,,한식,2026-05-27
일반음식점,누구나홀딱반한닭춘천후평점,"강원특별자치도 춘천시 후석로326번길 9, 1층 (후평동)",강원특별자치도 춘천시 후평동 457-4 ,,한식,2026-05-27
일반음식점,호반횟집,강원특별자치도 춘천시 서면 삿갓봉길 45,강원특별자치도 춘천시 서면 오월리 97-69 ,,횟집,2026-05-27
일반음식점,오렌지클럽,"강원특별자치도 춘천시 후석로 246, 지하1~2층 (후평동)",강원특별자치도 춘천시 후평동 891-2 지하1~2층 ,,라이브카페,2026-05-27
일반음식점,맛도리,강원특별자치도 춘천시 삭주로 33-1 (교동),강원특별자치도 춘천시 교동 136-13 ,,패스트푸드,2026-05-27
일반음식점,딱실내포장마차,강원특별자치도 춘천시 보안길 70 (후평동),강원특별자치도 춘천시 후평동 430-21 ,,호프/통닭,2026-05-27
일반음식점,미빠2,"강원특별자치도 춘천시 서부대성로 233, 지하1층 (효자동)",강원특별자치도 춘천시 효자동 628-8 ,,정종/대포집/소주방,2026-05-27
일반음식점,후떡볶이,"강원특별자치도 춘천시 서부대성로 239, 1층 (효자동)",강원특별자치도 춘천시 효자동 628-10 ,,분식,2026-05-27
일반음식점,리버팰리스,"강원특별자치도 춘천시 남산면 방하로 451, 1층",강원특별자치도 춘천시 남산면 방하리 366-1 ,,한식,2026-05-27
일반음식점,아키친,"강원특별자치도 춘천시 방송길36번길 53-6, 1층 (근화동)",강원특별자치도 춘천시 근화동 285-4 ,,기타,2026-05-27
일반음식점,옥탑방오봉자싸롱거두리점,"강원특별자치도 춘천시 동내면 거두택지길 12-1, 1층",강원특별자치도 춘천시 동내면 거두리 946-7 ,,호프/통닭,2026-05-27
일반음식점,곱분이곱창거두점,"강원특별자치도 춘천시 동내면 거두택지길 16-1, 1층",강원특별자치도 춘천시 동내면 거두리 946-10 ,,식육(숯불구이),2026-05-27
일반음식점,홍어랑돼지랑,"강원특별자치도 춘천시 춘천로282번길 3, 1층 (후평동)",강원특별자치도 춘천시 후평동 687-2 ,,기타,2026-05-27
일반음식점,잇빠이대박이네,"강원특별자치도 춘천시 공지로 367, 1층 36,42,47호 (효자동, 남부시장 )",강원특별자치도 춘천시 효자동 684-11 ,,정종/대포집/소주방,2026-05-27
일반음식점,이태원,"강원특별자치도 춘천시 남춘로36번길 79, 2층 (퇴계동)",강원특별자치도 춘천시 퇴계동 968-3 ,,기타,2026-05-27
일반음식점,일차앤이차,"강원특별자치도 춘천시 동내면 거두택지길 22, 1층",강원특별자치도 춘천시 동내면 거두리 956-3 1층 ,,중국식,2026-05-27
일반음식점,카페유나브라이튼춘천점(Caffe Youna Brighton),"강원특별자치도 춘천시 백령로119번길 4, 1층 (효자동)",강원특별자치도 춘천시 효자동 767-3 ,,기타,2026-05-27
일반음식점,포지티브즈(Positives),"강원특별자치도 춘천시 서부대성로205번길 10, 1층 (효자동)",강원특별자치도 춘천시 효자동 619-1 ,,기타,2026-05-27
일반음식점,메종,"강원특별자치도 춘천시 퇴계로145번길 11-5, 1층 (퇴계동)",강원특별자치도 춘천시 퇴계동 959-6 ,,정종/대포집/소주방,2026-05-27
일반음식점,오심오,"강원특별자치도 춘천시 신동면 김유정로 1407, 2층",강원특별자치도 춘천시 신동면 증리 1043-127 ,,기타,2026-05-27
일반음식점,그랑블루(바다향기칼국수),"강원특별자치도 춘천시 동내면 고은길 168, 3층",강원특별자치도 춘천시 동내면 사암리 148-3 ,,기타,2026-05-27
일반음식점,기쁨이네,"강원특별자치도 춘천시 춘천로296번길 14, 1층 (후평동)",강원특별자치도 춘천시 후평동 689-12 ,,한식,2026-05-27
일반음식점,민가,"강원특별자치도 춘천시 남춘천길 3, 1층 (퇴계동)",강원특별자치도 춘천시 퇴계동 1141-2 ,,한식,2026-05-27
일반음식점,다맛골,"강원특별자치도 춘천시 소양정길 23, 2층 (소양로1가)",강원특별자치도 춘천시 소양로1가 105-25 ,,한식,2026-05-27
일반음식점,어쩌다농부,"강원특별자치도 춘천시 중앙로77번길 35, 1층 (죽림동)",강원특별자치도 춘천시 죽림동 28-5 1층 ,,한식,2026-05-27
일반음식점,더로컬,"강원특별자치도 춘천시 영서로 2529-13, 1층 101호 (근화동)",강원특별자치도 춘천시 근화동 534-8 ,,기타,2026-05-27
일반음식점,오늘산책,"강원특별자치도 춘천시 전원안길33번길 8-5, 1층 (교동)",강원특별자치도 춘천시 교동 113-47 ,,한식,2026-05-27
일반음식점,공원삼겹살,"강원특별자치도 춘천시 동내면 춘천순환로72번길 50, 1층",강원특별자치도 춘천시 동내면 거두리 982-8 ,,한식,2026-05-27
일반음식점,묘한라이브펍,"강원특별자치도 춘천시 남춘로26번길 14, 3층 (퇴계동)",강원특별자치도 춘천시 퇴계동 1079 ,,라이브카페,2026-05-27
일반음식점,요선동꼬마김밥,"강원특별자치도 춘천시 서부대성로44번길 20-1, 1층 (요선동)",강원특별자치도 춘천시 요선동 13-10 ,,분식,2026-05-27
일반음식점,신북커피,"강원특별자치도 춘천시 신북읍 신샘밭로 622-7, 1층",강원특별자치도 춘천시 신북읍 천전리 672-5 ,,기타,2026-05-27
일반음식점,생그레,강원특별자치도 춘천시 소양정길 28-1 (소양로1가),강원특별자치도 춘천시 소양로1가 92-50 ,,기타,2026-05-27
일반음식점,화양연화커피,"강원특별자치도 춘천시 후석로46번길 11, 1층 (석사동)",강원특별자치도 춘천시 석사동 666-12 ,,기타,2026-05-27
일반음식점,심야화로,"강원특별자치도 춘천시 퇴계로 97, 1층 101호 (퇴계동)",강원특별자치도 춘천시 퇴계동 1094 ,,정종/대포집/소주방,2026-05-27
일반음식점,단우물카페,강원특별자치도 춘천시 신북읍 신북로 323,강원특별자치도 춘천시 신북읍 산천리 320-2 ,,기타,2026-05-27
일반음식점,바다수퍼해물천하조개구이찜춘천점,"강원특별자치도 춘천시 수변공원길 25-1, 1층 (삼천동)",강원특별자치도 춘천시 삼천동 13-2 ,,기타,2026-05-27
일반음식점,아가사식당,"강원특별자치도 춘천시 춘천로151번길 21-2, 1층 102호 (운교동)",강원특별자치도 춘천시 운교동 170 ,,분식,2026-05-27
일반음식점,허밍면옥,"강원특별자치도 춘천시 충열로16번길 29, 1층 101호 (우두동)",강원특별자치도 춘천시 우두동 1061-13 ,,분식,2026-05-27
일반음식점,발바닥애견카페,강원특별자치도 춘천시 동내면 거두길 26,강원특별자치도 춘천시 동내면 거두리 546-2 ,,기타,2026-05-27
일반음식점,싣나모,"강원특별자치도 춘천시 남면 충효로 489, 1층",강원특별자치도 춘천시 남면 추곡리 165-1 ,,기타,2026-05-27
일반음식점,추억의꼬마김밥,"강원특별자치도 춘천시 금강로 67, 1층 (조양동)",강원특별자치도 춘천시 조양동 37-4 ,,분식,2026-05-27
일반음식점,인더파인,"강원특별자치도 춘천시 서면 납실길 60, 1층",강원특별자치도 춘천시 서면 오월리 229-2 ,,기타,2026-05-27
일반음식점,딤섬하오,"강원특별자치도 춘천시 동내면 춘천순환로 131, 1층",강원특별자치도 춘천시 동내면 거두리 1058-1 ,,경양식,2026-05-27
일반음식점,로컬가치연구소 호미,"강원특별자치도 춘천시 서면 툇골길 9, 1층",강원특별자치도 춘천시 서면 서상리 1053-1 ,,기타,2026-05-27
일반음식점,미소만족,"강원특별자치도 춘천시 새롬공원길5번길 12, 1층 (석사동)",강원특별자치도 춘천시 석사동 840-14 ,,기타,2026-05-27
일반음식점,동부지짐이다정,"강원특별자치도 춘천시 동부시장길 8, 지하 1층 3호 (운교동, 동부시장현대아파트)",강원특별자치도 춘천시 운교동 183 동부시장현대아파트 ,,한식,2026-05-27
일반음식점,퇴계영월집,"강원특별자치도 춘천시 퇴계로93번길 10-8, 1층 104호 (퇴계동)",강원특별자치도 춘천시 퇴계동 1090 ,,정종/대포집/소주방,2026-05-27
일반음식점,해바라기,"강원특별자치도 춘천시 동부시장길 8, 1층 7,29호 (운교동, 동부시장현대아파트)",강원특별자치도 춘천시 운교동 183 동부시장현대아파트 ,,정종/대포집/소주방,2026-05-27
일반음식점,미소와,강원특별자치도 춘천시 보안길 59 (후평동),강원특별자치도 춘천시 후평동 701-5 ,,식육(숯불구이),2026-05-27
일반음식점,콩스키친,"강원특별자치도 춘천시 춘천로185번길 15, 1층 (운교동)",강원특별자치도 춘천시 운교동 184-5 ,,기타,2026-05-27
일반음식점,셀카페,"강원특별자치도 춘천시 수풍골길13번길 11, 1층 (후평동)",강원특별자치도 춘천시 후평동 95-16 ,,기타,2026-05-27
일반음식점,온찬,"강원특별자치도 춘천시 백령로 6, 1층 (효자동)",강원특별자치도 춘천시 효자동 250-51 ,,일식,2026-05-27
일반음식점,오페라,"강원특별자치도 춘천시 우석로38번길 74-7, 1층 (석사동)",강원특별자치도 춘천시 석사동 103-80 ,,정종/대포집/소주방,2026-05-27
일반음식점,명동우미닭갈비별관,"강원특별자치도 춘천시 영서로 2343, 1층 (온의동)",강원특별자치도 춘천시 온의동 65-35 ,,한식,2026-05-27
일반음식점,쌀러뷰,"강원특별자치도 춘천시 옥천길54번길 26, 1층 (옥천동)",강원특별자치도 춘천시 옥천동 14-33 ,,분식,2026-05-27
일반음식점,한배탄사람들,"강원특별자치도 춘천시 중앙로77번길 29, 1층 (죽림동)",강원특별자치도 춘천시 죽림동 28-38 ,,일식,2026-05-27
일반음식점,온이,"강원특별자치도 춘천시 영서로 2297, 1층 (온의동)",강원특별자치도 춘천시 온의동 152-26 152-23 ,,기타,2026-05-27
일반음식점,소주고개로닭갈비,"강원특별자치도 춘천시 남면 소주고개로 238, 1층",강원특별자치도 춘천시 남면 후동리 229-3 ,,한식,2026-05-27
일반음식점,꽃이다,"강원특별자치도 춘천시 성심로66번길 9-5, 1층 (효자동)",강원특별자치도 춘천시 효자동 114-7 ,,기타,2026-05-27
일반음식점,진양원양꼬치,"강원특별자치도 춘천시 애막골길7번길 22, 1층 (석사동)",강원특별자치도 춘천시 석사동 736-13 ,,식육(숯불구이),2026-05-27
일반음식점,joc젤라또(journey of cream),"강원특별자치도 춘천시 중앙로 88, 1층 (중앙로2가)",강원특별자치도 춘천시 중앙로2가 56 ,,기타,2026-05-27
일반음식점,거두리그집,"강원특별자치도 춘천시 동내면 거두택지길 93-9, 1층",강원특별자치도 춘천시 동내면 거두리 1111-2 ,,정종/대포집/소주방,2026-05-27
일반음식점,봄봄막걸리카페,"강원특별자치도 춘천시 서부대성로48번길 12, 1층 (요선동)",강원특별자치도 춘천시 요선동 10-2 ,,정종/대포집/소주방,2026-05-27
일반음식점,온,"강원특별자치도 춘천시 성심로 5, 1층 (교동)",강원특별자치도 춘천시 교동 156-1 ,,식육(숯불구이),2026-05-27
일반음식점,라벨로페,"강원특별자치도 춘천시 안마산로 114-1, 1층 (퇴계동)",강원특별자치도 춘천시 퇴계동 528-11 ,,호프/통닭,2026-05-27
일반음식점,알린(AHLIN),"강원특별자치도 춘천시 후석로46번길 23, 1층 (석사동)",강원특별자치도 춘천시 석사동 667-8 ,,기타,2026-05-27
일반음식점,구봉농원,강원특별자치도 춘천시 동면 만군길 155,강원특별자치도 춘천시 동면 만천리 329 ,,한식,2026-05-27
일반음식점,대룡산장,"강원특별자치도 춘천시 동내면 원창고개길 123-15, 1층",강원특별자치도 춘천시 동내면 학곡리 106-4 ,,기타,2026-05-27
일반음식점,모두숲,"강원특별자치도 춘천시 벌말길 89, 1층 (석사동)",강원특별자치도 춘천시 석사동 697-1 ,,한식,2026-05-27
일반음식점,핀든하우스,"강원특별자치도 춘천시 춘천로167번길 6-1, 1층 (운교동)",강원특별자치도 춘천시 운교동 134-9 ,,기타,2026-05-27
일반음식점,정아내,"강원특별자치도 춘천시 동부시장길 8, 상가동 1층 92호 (운교동, 동부시장현대아파트)",강원특별자치도 춘천시 운교동 183 동부시장현대아파트 ,,정종/대포집/소주방,2026-05-27
일반음식점,베스트프렌즈,"강원특별자치도 춘천시 지석로 80, 춘천시너스카펠라복합빌딩 6층 602호 (퇴계동)",강원특별자치도 춘천시 퇴계동 1017 ,,기타,2026-05-27
일반음식점,제이제이식당,"강원특별자치도 춘천시 서부대성로 221, 2층 (효자동)",강원특별자치도 춘천시 효자동 626-4 ,,기타,2026-05-27
일반음식점,지젤,"강원특별자치도 춘천시 백령로138번길 25, 1,2층 (효자동)",강원특별자치도 춘천시 효자동 629-2 ,,호프/통닭,2026-05-27
일반음식점,센트럴,"강원특별자치도 춘천시 공지로 448-1, 3층 (근화동)",강원특별자치도 춘천시 근화동 711-4 ,,기타,2026-05-27
일반음식점,카페429-1지내리,"강원특별자치도 춘천시 신북읍 금광길 77, 1층",강원특별자치도 춘천시 신북읍 지내리 429-12 ,,기타,2026-05-27
일반음식점,그루잠,강원특별자치도 춘천시 서면 박사로 233-9,강원특별자치도 춘천시 서면 덕두원리 134-13 ,,기타,2026-05-27
일반음식점,카페알로하,"강원특별자치도 춘천시 서면 박사로 1539, 1층",강원특별자치도 춘천시 서면 서상리 129 ,,기타,2026-05-27
일반음식점,카페20(CAFE20),"강원특별자치도 춘천시 스무숲2길 3, 1층 (석사동)",강원특별자치도 춘천시 석사동 940-2 ,,정종/대포집/소주방,2026-05-27
일반음식점,볶덖방,"강원특별자치도 춘천시 후석로393번길 30, 1층 (후평동)",강원특별자치도 춘천시 후평동 847-5 ,,기타,2026-05-27
일반음식점,셰프의연어,"강원특별자치도 춘천시 보안길 23, 1층 (후평동)",강원특별자치도 춘천시 후평동 795-8 ,,기타,2026-05-27
일반음식점,그락스,"강원특별자치도 춘천시 동면 춘천순환로 471, 1층",강원특별자치도 춘천시 동면 만천리 655-3 ,,경양식,2026-05-27
일반음식점,숙성회마트,"강원특별자치도 춘천시 안마산로 107, 마디온빌딩 1층 110호 (퇴계동)",강원특별자치도 춘천시 퇴계동 530-5 ,,횟집,2026-05-27
일반음식점,신포리커피집,"강원특별자치도 춘천시 사북면 영서로 4725, 1층",강원특별자치도 춘천시 사북면 신포리 411-4 ,,기타,2026-05-27
일반음식점,엘엑스엑스엑스엘(lxxxl),"강원특별자치도 춘천시 서부대성로227번길 7-1, 지하1층 (효자동)",강원특별자치도 춘천시 효자동 625-10 ,,감성주점,2026-05-27
일반음식점,프렌치쪽갈비춘천스무숲점,"강원특별자치도 춘천시 스무숲3길 2, 1층 (석사동)",강원특별자치도 춘천시 석사동 940-7 ,,기타,2026-05-27
일반음식점,굴봉산식당,"강원특별자치도 춘천시 남산면 서백길 295, 1층",강원특별자치도 춘천시 남산면 백양리 512-9 ,,한식,2026-05-27
일반음식점,온의동베이커리,"강원특별자치도 춘천시 충혼길18번길 17, 1층 (온의동)",강원특별자치도 춘천시 온의동 517-1 ,,기타,2026-05-27
일반음식점,정족리동치미막국수,"강원특별자치도 춘천시 신동면 김유정로 1772, 1층",강원특별자치도 춘천시 신동면 정족리 667-1 ,,한식,2026-05-27
일반음식점,상하이,"강원특별자치도 춘천시 동면 춘천로449번길 24, 1층",강원특별자치도 춘천시 동면 장학리 998-1 ,,중국식,2026-05-27
일반음식점,온정닭갈비,"강원특별자치도 춘천시 스무숲1길 32-3, 1층 (석사동)",강원특별자치도 춘천시 석사동 913-1 ,,한식,2026-05-27
일반음식점,심야화로스무숲점,"강원특별자치도 춘천시 스무숲1길 73, 1층 (석사동)",강원특별자치도 춘천시 석사동 917-7 ,,식육(숯불구이),2026-05-27
일반음식점,미미즈(mimi's),"강원특별자치도 춘천시 보안길 42, 1층 (후평동)",강원특별자치도 춘천시 후평동 43-7 ,,한식,2026-05-27
일반음식점,주안상춘천본점,"강원특별자치도 춘천시 스무숲1길 32-10, 1층 (석사동)",강원특별자치도 춘천시 석사동 911-10 ,,호프/통닭,2026-05-27
일반음식점,한림골,"강원특별자치도 춘천시 성심로 5-1, 지하층 (교동)",강원특별자치도 춘천시 교동 156-3 ,,호프/통닭,2026-05-27
일반음식점,을지로연탄구이춘천퇴계점,"강원특별자치도 춘천시 우묵길78번길 20, 1층 (퇴계동)",강원특별자치도 춘천시 퇴계동 1153-2 ,,한식,2026-05-27
일반음식점,두바퀴쉼터,"강원특별자치도 춘천시 서면 박사로 914-24, 1층",강원특별자치도 춘천시 서면 금산리 388-3 ,,기타,2026-05-27
일반음식점,마적산손만두,강원특별자치도 춘천시 신북읍 상천3길 56,강원특별자치도 춘천시 신북읍 천전리 224-3 ,,한식,2026-05-27
일반음식점,오브에스프레소바&레브케이크,"강원특별자치도 춘천시 애막골길16번길 19, 1층 (석사동)",강원특별자치도 춘천시 석사동 766-8 ,,기타,2026-05-27
일반음식점,다복향마라탕,"강원특별자치도 춘천시 서부대성로 247, 1층 (효자동)",강원특별자치도 춘천시 효자동 632-27 ,,중국식,2026-05-27
일반음식점,한식식당,"강원특별자치도 춘천시 중앙로 136, 6층 (소양로4가)",강원특별자치도 춘천시 소양로4가 115-10 ,,한식,2026-05-27
일반음식점,한신포차 춘천석사CGV점,"강원특별자치도 춘천시 지석로 85, 1층 111호 (석사동)",강원특별자치도 춘천시 석사동 888-4 ,,경양식,2026-05-27
일반음식점,화산마라탕,"강원특별자치도 춘천시 삭주로 74, 2층 (교동)",강원특별자치도 춘천시 교동 157-15 ,,중국식,2026-05-27
일반음식점,폴라리스,"강원특별자치도 춘천시 서부대성로 86, 1층 (조양동)",강원특별자치도 춘천시 조양동 5-48 ,,기타,2026-05-27
일반음식점,언니네토스트,"강원특별자치도 춘천시 공단로 52, 1층 (후평동)",강원특별자치도 춘천시 후평동 245-11 ,,한식,2026-05-27
일반음식점,무사피르(MUSAFIR),"강원특별자치도 춘천시 공지로252번길 22, 1층 (효자동)",강원특별자치도 춘천시 효자동 333-48 ,,기타,2026-05-27
일반음식점,팔호냉삼집본점,"강원특별자치도 춘천시 효자로150번길 11-4, 1층 (효자동)",강원특별자치도 춘천시 효자동 647 ,,탕류(보신용),2026-05-27
일반음식점,금화왕돈까스 춘천만천점,"강원특별자치도 춘천시 동면 춘천순환로 515, 1층 102호",강원특별자치도 춘천시 동면 만천리 763-2 ,,한식,2026-05-27
일반음식점,엠에스티(MST),"강원특별자치도 춘천시 백령로 165, 1층 (효자동)",강원특별자치도 춘천시 효자동 18-60 ,,기타,2026-05-27
일반음식점,뚱땡이버거,"강원특별자치도 춘천시 중앙로 지하 37-1, 다77-다78호 (중앙로1가)",강원특별자치도 춘천시 중앙로1가 91 다78 ,,기타,2026-05-27
일반음식점,샐러디춘천퇴계점,"강원특별자치도 춘천시 퇴계농공로 11, 106호 (석사동)",강원특별자치도 춘천시 석사동 888-1 ,,기타,2026-05-27
일반음식점,청평산장,"강원특별자치도 춘천시 북산면 오봉산길 661, 1층",강원특별자치도 춘천시 북산면 청평리 667-4 ,,기타,2026-05-27
일반음식점,주상옥,"강원특별자치도 춘천시 스무숲4길 10, 1층 (석사동)",강원특별자치도 춘천시 석사동 944-3 ,,한식,2026-05-27
일반음식점,우리동네전포차,"강원특별자치도 춘천시 효석로89번길 27, 1층 (석사동)",강원특별자치도 춘천시 석사동 698-1 ,,한식,2026-05-27
일반음식점,달콤한 삼겹살 거두점,"강원특별자치도 춘천시 동내면 외솔길19번길 80-56, 1층",강원특별자치도 춘천시 동내면 거두리 1055-5 ,,식육(숯불구이),2026-05-27
일반음식점,메가박스 중앙(주) 춘천석사지점,"강원특별자치도 춘천시 후석로 120, ENTA 2층 (석사동)",강원특별자치도 춘천시 석사동 980 ,,기타,2026-05-27
일반음식점,호주에서온스시 춘천우두점,"강원특별자치도 춘천시 우두1길 100, 116동 1층 112호 (우두동)",강원특별자치도 춘천시 우두동 1089 ,,일식,2026-05-27
일반음식점,산뜰,"강원특별자치도 춘천시 신북읍 영서로 3337, 1,2층",강원특별자치도 춘천시 신북읍 용산리 341-3 ,,기타,2026-05-27
일반음식점,임사부국밥&냉면,"강원특별자치도 춘천시 영서로 2918, 현대아파트 207호 (사농동)",강원특별자치도 춘천시 사농동 158-1 현대아파트 ,,한식,2026-05-27
일반음식점,핵밥 춘천 장학점,"강원특별자치도 춘천시 동면 춘천로449번길 16-2, 1층",강원특별자치도 춘천시 동면 장학리 1005-5 ,,기타,2026-05-27
일반음식점,진스키친,"강원특별자치도 춘천시 삭주로 55-1, 1층 (교동)",강원특별자치도 춘천시 교동 93-28 ,,경양식,2026-05-27
일반음식점,카페WLCM,"강원특별자치도 춘천시 공지로 255, 1층 (효자동)",강원특별자치도 춘천시 효자동 303-14 ,,기타,2026-05-27
일반음식점,꼬꼬닭발,"강원특별자치도 춘천시 사우로 46, 1층 우측호 (사농동)",강원특별자치도 춘천시 사농동 46-15 ,,기타,2026-05-27
일반음식점,열두달평양손만두,"강원특별자치도 춘천시 서부대성로44번길 19-2, 1층 (요선동)",강원특별자치도 춘천시 요선동 14-18 ,,기타,2026-05-27
일반음식점,하정식당,강원특별자치도 춘천시 소양로120번길 18-1 (소양로3가),강원특별자치도 춘천시 소양로3가 6 ,,중국식,2026-05-27
일반음식점,돈연가연탄,"강원특별자치도 춘천시 사우로 144, 1층 (우두동)",강원특별자치도 춘천시 우두동 160-7 ,,식육(숯불구이),2026-05-27
일반음식점,신아리랑,"강원특별자치도 춘천시 춘천로309번길 9, 1층 (후평동)",강원특별자치도 춘천시 후평동 706-11 ,,한식,2026-05-27
일반음식점,고려산장,강원특별자치도 춘천시 북산면 오봉산길 697,강원특별자치도 춘천시 북산면 청평리 산 188-1 ,,한식,2026-05-27
일반음식점,강가에닭갈비(강가에포차),"강원특별자치도 춘천시 남산면 방하로 1166-3, 1층",강원특별자치도 춘천시 남산면 서천리 689 ,,기타,2026-05-27
일반음식점,장호덕 손만두,"강원특별자치도 춘천시 남춘천새길 6, 101호 (퇴계동)",강원특별자치도 춘천시 퇴계동 1112 ,,기타,2026-05-27
일반음식점,백암토종순대,"강원특별자치도 춘천시 우두1길 21, 1층 102호 (우두동)",강원특별자치도 춘천시 우두동 1095 ,,한식,2026-05-27
일반음식점,국내산흑염소전문점,"강원특별자치도 춘천시 우두상리길 37, 1층 (우두동)",강원특별자치도 춘천시 우두동 187-1 ,,식육(숯불구이),2026-05-27
일반음식점,청춘꼬마김밥 신사우점,"강원특별자치도 춘천시 우두1길 101, 1층 108호 (우두동)",강원특별자치도 춘천시 우두동 1118-1 ,,분식,2026-05-27
일반음식점,고니,"강원특별자치도 춘천시 대양당길 27, 1동 1층 (후평동)",강원특별자치도 춘천시 후평동 802-5 ,,식육(숯불구이),2026-05-27
일반음식점,책방 바라타리아,"강원특별자치도 춘천시 당간지주길74번길 5, 1층 (근화동)",강원특별자치도 춘천시 근화동 798-6 ,,기타,2026-05-27
일반음식점,두리기갈매기살,"강원특별자치도 춘천시 스무숲1길 42, 1층 (석사동)",강원특별자치도 춘천시 석사동 919-10 ,,기타,2026-05-27
일반음식점,만천리 한우마을 밥집,"강원특별자치도 춘천시 후석로420번길 7, 1층 B108호 (후평동)",강원특별자치도 춘천시 후평동 558-1 ,,식육(숯불구이),2026-05-27
일반음식점,오돼지국밥,"강원특별자치도 춘천시 효자로92번길 2, 1층 (효자동)",강원특별자치도 춘천시 효자동 667 ,,기타,2026-05-27
일반음식점,인생건어물(춘천7호점),"강원특별자치도 춘천시 우두6길 5, 1층 103호 (우두동)",강원특별자치도 춘천시 우두동 1117-3 ,,호프/통닭,2026-05-27
일반음식점,소소오뎅,"강원특별자치도 춘천시 우두1길 79, 1층 (우두동)",강원특별자치도 춘천시 우두동 1113-3 ,,기타,2026-05-27
일반음식점,수미상회,"강원특별자치도 춘천시 안마산로 217-1, 한주아파트 상가동 1층 111호 (퇴계동)",강원특별자치도 춘천시 퇴계동 944 한주아파트 ,,기타,2026-05-27
일반음식점,(유)아웃백스테이크하우스코리아 춘천점,"강원특별자치도 춘천시 후석로 120, 2층 (석사동)",강원특별자치도 춘천시 석사동 980 ,,패밀리레스트랑,2026-05-27
일반음식점,바다가 내손아귀,"강원특별자치도 춘천시 스무숲1길 8-8, 1층 (석사동)",강원특별자치도 춘천시 석사동 909-2 ,,기타,2026-05-27
일반음식점,달빛아래주점,"강원특별자치도 춘천시 삭주로 94, 동보빌리지 지하1층 (후평동)",강원특별자치도 춘천시 후평동 857 동보빌리지 ,,정종/대포집/소주방,2026-05-27
일반음식점,감자아일랜드 온의점,"강원특별자치도 춘천시 방송길 77, 1층 1309,1310호 (온의동, 춘천 센트럴타워 푸르지오)",강원특별자치도 춘천시 온의동 601 춘천 센트럴타워 푸르지오 ,,경양식,2026-05-27
일반음식점,굽네치킨(신사우점),"강원특별자치도 춘천시 충열로 101, 102호 (우두동)",강원특별자치도 춘천시 우두동 409-11 ,,호프/통닭,2026-05-27
일반음식점,밀봄숲,강원특별자치도 춘천시 동산면 종자리로 224-53,강원특별자치도 춘천시 동산면 군자리 1031 ,,기타,2026-05-27
일반음식점,정원푸드,"강원특별자치도 춘천시 우두2길 1, 1층 (우두동)",강원특별자치도 춘천시 우두동 1093-7 ,,한식,2026-05-27
일반음식점,르포렘,"강원특별자치도 춘천시 새롬공원길5번길 6, 1층 (석사동)",강원특별자치도 춘천시 석사동 840-10 ,,경양식,2026-05-27
일반음식점,끼리끼리,"강원특별자치도 춘천시 삭주로 124, 2호 (후평동)",강원특별자치도 춘천시 후평동 842-5 ,,기타,2026-05-27
일반음식점,서면누각,"강원특별자치도 춘천시 서면 유천길 9, 1층",강원특별자치도 춘천시 서면 현암리 841-13 ,,한식,2026-05-27
일반음식점,굿손춘천엔타점,"강원특별자치도 춘천시 후석로 120, 212호 (석사동)",강원특별자치도 춘천시 석사동 980 ,,기타,2026-05-27
일반음식점,화계닭갈비,"강원특별자치도 춘천시 신북읍 신샘밭로 721, 1,2동",강원특별자치도 춘천시 신북읍 천전리 65-11 ,,한식,2026-05-27
일반음식점,샌드위치일상춘천점,"강원특별자치도 춘천시 서부대성로 67, 101호 (옥천동)",강원특별자치도 춘천시 옥천동 38-14 ,,한식,2026-05-27
일반음식점,오필승닭발 우두점,"강원특별자치도 춘천시 충열로16번길 20, 1층 (우두동)",강원특별자치도 춘천시 우두동 1060-2 ,,식육(숯불구이),2026-05-27
일반음식점,경안,"강원특별자치도 춘천시 약사고개길 13, 제일백화점 지하 1층 1B/L 1호 (죽림동)",강원특별자치도 춘천시 죽림동 32 제일백화점 ,,기타,2026-05-27
일반음식점,돼지바,"강원특별자치도 춘천시 동내면 외솔길19번길 56-20, 1층",강원특별자치도 춘천시 동내면 거두리 1044-2 ,,식육(숯불구이),2026-05-27
일반음식점,일미에프앤비,"강원특별자치도 춘천시 소양고개길 45, 1층 (요선동)",강원특별자치도 춘천시 요선동 11-22 ,,기타,2026-05-27
일반음식점,뽁밥,강원특별자치도 춘천시 중앙로 125 (중앙로3가),강원특별자치도 춘천시 중앙로3가 66-14 ,,기타,2026-05-27
일반음식점,가평솥뚜껑닭볶음탕춘천점,"강원특별자치도 춘천시 우두벌5길 82, 1층 (우두동)",강원특별자치도 춘천시 우두동 855 ,,기타,2026-05-27
일반음식점,숟가락과젓가락,"강원특별자치도 춘천시 신동면 김유정로 1417, 유정프라자 B동 102호",강원특별자치도 춘천시 신동면 증리 938-2 ,,한식,2026-05-27
일반음식점,메가엠지씨커피춘천애막골점,"강원특별자치도 춘천시 후석로186번길 16, 1층 (석사동)",강원특별자치도 춘천시 석사동 729-8 ,,기타,2026-05-27
일반음식점,피알(P.R),"강원특별자치도 춘천시 백령로138번길 18, 2층 (효자동)",강원특별자치도 춘천시 효자동 626-16 ,,한식,2026-05-27
일반음식점,호동장어(짱),"강원특별자치도 춘천시 사우로 38, 105, 106호 (사농동)",강원특별자치도 춘천시 사농동 46-5 ,,한식,2026-05-27
일반음식점,한전앞집,"강원특별자치도 춘천시 수풍골길 5, 1층 (후평동)",강원특별자치도 춘천시 후평동 728-8 ,,한식,2026-05-27
일반음식점,요리가,"강원특별자치도 춘천시 서부대성로 12, 지하1층 48호 (소양로2가, 신동아아파트)",강원특별자치도 춘천시 소양로2가 172-1 신동아아파트 ,,한식,2026-05-27
일반음식점,공식술상,"강원특별자치도 춘천시 백령로138번길 30, 2, 3층 (효자동)",강원특별자치도 춘천시 효자동 628-14 ,,기타,2026-05-27
일반음식점,육칠이 춘천점,"강원특별자치도 춘천시 서부대성로 198, 102호 (효자동)",강원특별자치도 춘천시 효자동 616-8 ,,기타,2026-05-27
일반음식점,와우당냉면,"강원특별자치도 춘천시 운교길 7, 1층 (운교동)",강원특별자치도 춘천시 운교동 168-10 ,,기타,2026-05-27
일반음식점,강촌닭갈비삼겹살집,"강원특별자치도 춘천시 남산면 강촌로 113, 1층",강원특별자치도 춘천시 남산면 강촌리 339-7 ,,기타,2026-05-27
일반음식점,아이엠어바텐더(Im a Bartender),"강원특별자치도 춘천시 금강로121번길 15, 1층 (효자동)",강원특별자치도 춘천시 효자동 655-2 ,,한식,2026-05-27
일반음식점,정직화벌집삼겹(춘천강원대점),"강원특별자치도 춘천시 서부대성로 167, 1층 (효자동)",강원특별자치도 춘천시 효자동 604-2 ,,한식,2026-05-27
일반음식점,커피나인아이엠씨,"강원특별자치도 춘천시 동면 순환대로 1154-112, 1, 2층",강원특별자치도 춘천시 동면 장학리 139-165 ,,기타,2026-05-27
일반음식점,동신 냉삼집,"강원특별자치도 춘천시 삭주로 67, 2층 (교동)",강원특별자치도 춘천시 교동 152-1 ,,식육(숯불구이),2026-05-27
일반음식점,사거리횟집,"강원특별자치도 춘천시 스포츠타운길 533, 1층 (온의동)",강원특별자치도 춘천시 온의동 65-44 ,,일식,2026-05-27
일반음식점,윤실식당,"강원특별자치도 춘천시 근화길15번길 23, 1층 101호 (근화동)",강원특별자치도 춘천시 근화동 286-11 ,,한식,2026-05-27
일반음식점,페리카나(국사봉점),"강원특별자치도 춘천시 솟발1길 4-59, 1층 (퇴계동)",강원특별자치도 춘천시 퇴계동 478 ,,한식,2026-05-27
일반음식점,소유화로,"강원특별자치도 춘천시 효석로9번길 4, 1층 1, 2호 (효자동, 윤일아파트)",강원특별자치도 춘천시 효자동 367-28 윤일아파트 ,,식육(숯불구이),2026-05-27
일반음식점,글로리아,"강원특별자치도 춘천시 후석로393번길 52-1, 1층 (후평동)",강원특별자치도 춘천시 후평동 855-12 ,,한식,2026-05-27
일반음식점,느린밀,"강원특별자치도 춘천시 동내면 춘천순환로94번길 52, 1,2층",강원특별자치도 춘천시 동내면 거두리 779-9 ,,기타,2026-05-27
일반음식점,송비카페,"강원특별자치도 춘천시 약사길 8-2, 1층 103,104호 (약사동)",강원특별자치도 춘천시 약사동 129-1 ,,기타,2026-05-27
일반음식점,어쩌다감자탕,"강원특별자치도 춘천시 퇴계로145번길 15-5, 1층 (퇴계동)",강원특별자치도 춘천시 퇴계동 956-6 ,,탕류(보신용),2026-05-27
일반음식점,개화강원,"강원특별자치도 춘천시 소양고개길 46, 1층 104호 (요선동)",강원특별자치도 춘천시 요선동 212-2 ,,호프/통닭,2026-05-27
일반음식점,인생건어물남춘천점,강원특별자치도 춘천시 퇴계로 36 (퇴계동),강원특별자치도 춘천시 퇴계동 1180-1 ,,정종/대포집/소주방,2026-05-27
일반음식점,버터하우스,"강원특별자치도 춘천시 새롬공원길5번길 26, 1층 (석사동)",강원특별자치도 춘천시 석사동 834-1 ,,기타,2026-05-27
일반음식점,존버당,"강원특별자치도 춘천시 삭주로70번길 4, 1층 (교동)",강원특별자치도 춘천시 교동 158-21 ,,기타,2026-05-27
일반음식점,다이닝원 춘천점,"강원특별자치도 춘천시 공지로 345, 2층 (효자동)",강원특별자치도 춘천시 효자동 692-1 ,,일식,2026-05-27
일반음식점,맛찜랭킹춘천점,"강원특별자치도 춘천시 남춘천새길 8, 1층 103호 (퇴계동)",강원특별자치도 춘천시 퇴계동 1111 ,,한식,2026-05-27
일반음식점,백계옥,"강원특별자치도 춘천시 영서로2279번길 19, 1층 (온의동)",강원특별자치도 춘천시 온의동 517-8 ,,한식,2026-05-27
일반음식점,돈끼니꾸,"강원특별자치도 춘천시 애막골길11번길 12, 1층 (석사동)",강원특별자치도 춘천시 석사동 742-12 ,,일식,2026-05-27
일반음식점,편편집 춘천퇴계점,"강원특별자치도 춘천시 안마산로 128, 1층 101호 (퇴계동)",강원특별자치도 춘천시 퇴계동 523-23 ,,한식,2026-05-27
일반음식점,덕수파스타 춘천온의점,"강원특별자치도 춘천시 방송길 77, 1층 1114,1136호 (온의동, 춘천 센트럴타워 푸르지오)",강원특별자치도 춘천시 온의동 601 춘천 센트럴타워 푸르지오 ,,경양식,2026-05-27
일반음식점,맘마,"강원특별자치도 춘천시 벌말길 59, 1층 (석사동)",강원특별자치도 춘천시 석사동 643-1 ,,한식,2026-05-27
일반음식점,더조은명가손만두김밥봄내점,"강원특별자치도 춘천시 퇴계로 220-16, 현대아파트 106호 (석사동)",강원특별자치도 춘천시 석사동 813 현대아파트 ,,한식,2026-05-27
일반음식점,오늘도맑음,"강원특별자치도 춘천시 신동면 정족길 176, 1층",강원특별자치도 춘천시 신동면 정족리 568 ,,기타,2026-05-27
일반음식점,풍류31,"강원특별자치도 춘천시 신동면 풍류길 31, 1층 2호",강원특별자치도 춘천시 신동면 증리 1043-132 ,,한식,2026-05-27
일반음식점,보돌미역춘천만천점,"강원특별자치도 춘천시 동면 춘천순환로 514, 1층",강원특별자치도 춘천시 동면 만천리 759-2 ,,한식,2026-05-27
일반음식점,둘둘치킨,"강원특별자치도 춘천시 퇴계로93번길 8, 106호 (퇴계동)",강원특별자치도 춘천시 퇴계동 1085 ,,기타,2026-05-27
일반음식점,묵은지한상,"강원특별자치도 춘천시 남춘로56번길 11, 1층 (효자동)",강원특별자치도 춘천시 효자동 305-26 ,,식육(숯불구이),2026-05-27
일반음식점,갯벌의진주,"강원특별자치도 춘천시 지석로 74-11, 1층 C03호 (퇴계동)",강원특별자치도 춘천시 퇴계동 1018 ,,한식,2026-05-27
일반음식점,홍가,"강원특별자치도 춘천시 명동길29번길 8-8, 1층 (죽림동)",강원특별자치도 춘천시 죽림동 11-54 ,,한식,2026-05-27
일반음식점,몰트앤뮤직,"강원특별자치도 춘천시 영서로 2261, 지하1층 (퇴계동)",강원특별자치도 춘천시 퇴계동 631-3 ,,기타,2026-05-27
일반음식점,메리키친,"강원특별자치도 춘천시 동면 금옥길 338, 1층",강원특별자치도 춘천시 동면 월곡리 364 ,,뷔페식,2026-05-27
일반음식점,가마솥흑염소,강원특별자치도 춘천시 옛경춘로 828 (삼천동),강원특별자치도 춘천시 삼천동 22-14 ,,한식,2026-05-27
일반음식점,강촌시골밥집,"강원특별자치도 춘천시 남산면 강촌로 111, 3호",강원특별자치도 춘천시 남산면 강촌리 339-8 ,,한식,2026-05-27
일반음식점,소묵(SOMUK),"강원특별자치도 춘천시 망대길 11, 1층 (죽림동)",강원특별자치도 춘천시 죽림동 108 ,,일식,2026-05-27
일반음식점,단금마켓,"강원특별자치도 춘천시 애막골길7번길 30-1, 101호 (석사동)",강원특별자치도 춘천시 석사동 736-19 ,,한식,2026-05-27
일반음식점,정할매국물닭발,"강원특별자치도 춘천시 춘천로185번길 6-4, 1층 좌측호 (운교동)",강원특별자치도 춘천시 운교동 206-1 ,,한식,2026-05-27
일반음식점,만두이섬춘천중앙점,"강원특별자치도 춘천시 서부대성로44번길 21, 1층 (코너)호 (요선동)",강원특별자치도 춘천시 요선동 14-8 ,,기타,2026-05-27
일반음식점,타코앤부리또,"강원특별자치도 춘천시 퇴계로145번길 3-2, 1층 101호 (퇴계동)",강원특별자치도 춘천시 퇴계동 961-7 ,,"외국음식전문점(인도,태국등)",2026-05-27
일반음식점,금돼지삼겹살,"강원특별자치도 춘천시 안마산로 169-3, 1층 2,3호 (퇴계동)",강원특별자치도 춘천시 퇴계동 152-31 ,,식육(숯불구이),2026-05-27
휴게음식점,둥지다방,강원특별자치도 춘천시 중앙로 88 (중앙로2가),강원특별자치도 춘천시 중앙로2가 56 ,,다방,2026-05-27
휴게음식점,세븐일레븐한림대점,강원특별자치도 춘천시 삭주로 78 (교동),강원특별자치도 춘천시 교동 156 ,,기타 휴게음식점,2026-05-27
휴게음식점,현다실,"강원특별자치도 춘천시 공지로 432-1, 1층 (근화동)",강원특별자치도 춘천시 근화동 710-17 ,,다방,2026-05-27
휴게음식점,피카소에스프레소(PICASSO),"강원특별자치도 춘천시 성심로 4 (교동, 1층)",강원특별자치도 춘천시 교동 157-25 ,,커피숍,2026-05-27
휴게음식점,스미레,"강원특별자치도 춘천시 지석로 11 (퇴계동, 춘천축협하나로마트)",강원특별자치도 춘천시 퇴계동 164-3 ,,기타 휴게음식점,2026-05-27
휴게음식점,공간,강원특별자치도 춘천시 삭주로 74 (교동),강원특별자치도 춘천시 교동 157-15 ,,기타 휴게음식점,2026-05-27
휴게음식점,던킨도넛츠춘천롯데마트점,"강원특별자치도 춘천시 방송길 84 (온의동, 롯데마트춘천점)",강원특별자치도 춘천시 온의동 6-25 ,,백화점,2026-05-27
휴게음식점,씨유시외버스터미널점,"강원특별자치도 춘천시 경춘로 2341 (온의동, 춘천시외버스터미널 1층)",강원특별자치도 춘천시 온의동 511 ,,편의점,2026-05-27
휴게음식점,블루밍,"강원특별자치도 춘천시 옥천길54번길 26-1, 1층 (옥천동)",강원특별자치도 춘천시 옥천동 14-61 ,,기타 휴게음식점,2026-05-27
휴게음식점,노말로커피,"강원특별자치도 춘천시 영서로 2260, 남춘천역내2층 (퇴계동)",강원특별자치도 춘천시 퇴계동 633-2 (남춘천역내 2층) ,,커피숍,2026-05-27
휴게음식점,카페별,강원특별자치도 춘천시 동내면 거두택지길 38 (1층),강원특별자치도 춘천시 동내면 거두리 964-5 (1층) ,,커피숍,2026-05-27
휴게음식점,카페베네춘천명동점,"강원특별자치도 춘천시 중앙로67번길 9 (조양동, 2층 3층)",강원특별자치도 춘천시 조양동 142-3 ,,커피숍,2026-05-27
휴게음식점,롤스푸드,강원특별자치도 춘천시 동면 만천양지길 33,강원특별자치도 춘천시 동면 만천리 768-20 ,,일반조리판매,2026-05-27
휴게음식점,씨유편의점,강원특별자치도 춘천시 신동면 김유정로 1427,강원특별자치도 춘천시 신동면 증리 938-3 ,,기타 휴게음식점,2026-05-27
휴게음식점,던킨도너츠(강원대병원점),강원특별자치도 춘천시 백령로 156 (효자동),강원특별자치도 춘천시 효자동 17-1 ,,패스트푸드,2026-05-27
휴게음식점,자수정커피,강원특별자치도 춘천시 춘천로81번길 10-3 (약사동),강원특별자치도 춘천시 약사동 150-10 ,,커피숍,2026-05-27
휴게음식점,씨유춘천뉴강남점,"강원특별자치도 춘천시 영서로2279번길 17, 1층 (온의동)",강원특별자치도 춘천시 온의동 517 ,,편의점,2026-05-27
휴게음식점,고스트캐슬,"강원특별자치도 춘천시 지석로 89, 2층 205호 (석사동, 더퍼스트빌딩)","강원특별자치도 춘천시 석사동 888-5 더퍼스트빌딩 2층, 205호 ",,일반조리판매,2026-05-27
휴게음식점,로케스토리,"강원특별자치도 춘천시 영서로 2315, 1층 (온의동)",강원특별자치도 춘천시 온의동 148-12 ,,일반조리판매,2026-05-27
휴게음식점,몽레브,"강원특별자치도 춘천시 옥천길 39, 1층 (옥천동)",강원특별자치도 춘천시 옥천동 65 ,,기타 휴게음식점,2026-05-27
휴게음식점,씨유강원대점,"강원특별자치도 춘천시 백령로 29 (효자동, 씨유강원대점 내)",강원특별자치도 춘천시 효자동 176-73 씨유강원대점 내 ,,일반조리판매,2026-05-27
휴게음식점,강촌떡볶이,"강원특별자치도 춘천시 남산면 강촌로 60-1, 1층",강원특별자치도 춘천시 남산면 강촌리 227-54 1층 ,,커피숍,2026-05-27
휴게음식점,아미쿠스,"강원특별자치도 춘천시 서면 박사로 1229, 1층",강원특별자치도 춘천시 서면 신매리 836-2 ,,커피숍,2026-05-27
휴게음식점,크레이저강원대점,"강원특별자치도 춘천시 백령로23번길 2, 1,2층 (효자동)",강원특별자치도 춘천시 효자동 176-63 ,,기타 휴게음식점,2026-05-27
휴게음식점,아그곳꿈꾸는다락방,"강원특별자치도 춘천시 후석로258번길 24, 1층 (후평동)",강원특별자치도 춘천시 후평동 817-6 ,,커피숍,2026-05-27
휴게음식점,세븐일레븐춘천퇴계행촌점,"강원특별자치도 춘천시 행촌로32번길 5-38, 1층 (퇴계동)",강원특별자치도 춘천시 퇴계동 905 ,,편의점,2026-05-27
휴게음식점,메이딘B,"강원특별자치도 춘천시 동내면 거두택지길 48, 1층",강원특별자치도 춘천시 동내면 거두리 1121-3 ,,커피숍,2026-05-27
휴게음식점,쵸즌커피로스팅하우스(Chosen Coffee Roasting House),"강원특별자치도 춘천시 춘주로 96, 전면 1층 (온의동)",강원특별자치도 춘천시 온의동 532-2 ,,커피숍,2026-05-27
휴게음식점,커피블루아울(Coffee Blue Owl),"강원특별자치도 춘천시 우묵길56번길 24, 1층 101호 (퇴계동)",강원특별자치도 춘천시 퇴계동 1191-2 ,,커피숍,2026-05-27
휴게음식점,세븐춘천천전리점,"강원특별자치도 춘천시 신북읍 신샘밭로 648, 1층",강원특별자치도 춘천시 신북읍 천전리 93-11 ,,편의점,2026-05-27
휴게음식점,굿마트춘천동내점,"강원특별자치도 춘천시 동내면 동내로 83, 1층",강원특별자치도 춘천시 동내면 신촌리 580-4 ,,편의점,2026-05-27
휴게음식점,지에스(GS)25춘천후평한신점,"강원특별자치도 춘천시 부평길 7, 상가동 1층 (후평동, 한신아파트)",강원특별자치도 춘천시 후평동 864 ,,편의점,2026-05-27
휴게음식점,세븐일레븐 춘천교동본점,"강원특별자치도 춘천시 삭주로 45-1, 1층 (교동)",강원특별자치도 춘천시 교동 150-9 ,,편의점,2026-05-27
휴게음식점,카페화,"강원특별자치도 춘천시 충열로20번길 12, 1층 (우두동)",강원특별자치도 춘천시 우두동 1062-8 ,,기타 휴게음식점,2026-05-27
휴게음식점,갸또,"강원특별자치도 춘천시 지석로 80, 1층 120호 (퇴계동, 춘천시너스카펠라)",강원특별자치도 춘천시 퇴계동 1017 ,,기타 휴게음식점,2026-05-27
휴게음식점,대룡산쉼터,"강원특별자치도 춘천시 동내면 순환대로 664, 1층",강원특별자치도 춘천시 동내면 사암리 1250-1 ,,기타 휴게음식점,2026-05-27
휴게음식점,레스트,"강원특별자치도 춘천시 사북면 화악지암길 600-112, 1층",강원특별자치도 춘천시 사북면 지암리 52 ,,편의점,2026-05-27
휴게음식점,GS25봄내박물관점,"강원특별자치도 춘천시 우석로 46, 1층 (석사동)",강원특별자치도 춘천시 석사동 764-1 ,,편의점,2026-05-27
휴게음식점,경강분식,강원특별자치도 춘천시 남산면 서백길 57,강원특별자치도 춘천시 남산면 서천리 226-6 ,,푸드트럭,2026-05-27
휴게음식점,노란커피,강원특별자치도 춘천시 당간지주길 83 (소양로1가),강원특별자치도 춘천시 소양로1가 100-59 ,,푸드트럭,2026-05-27
휴게음식점,카페13오7,"강원특별자치도 춘천시 남산면 서천길 137, 1층",강원특별자치도 춘천시 남산면 서천리 312-3 ,,커피숍,2026-05-27
휴게음식점,오밀곳,"강원특별자치도 춘천시 충혼길34번길 10, 1층 (온의동)",강원특별자치도 춘천시 온의동 524-2 ,,기타 휴게음식점,2026-05-27
휴게음식점,헤라피씨,"강원특별자치도 춘천시 삭주로 69, 지하1층 (교동)",강원특별자치도 춘천시 교동 152-3 ,,기타 휴게음식점,2026-05-27
휴게음식점,세븐일레븐춘천후평세경점,"강원특별자치도 춘천시 세실로 173, 1층 (후평동)",강원특별자치도 춘천시 후평동 885-1 ,,편의점,2026-05-27
휴게음식점,어반그린(Urban Green),"강원특별자치도 춘천시 서면 박사로 732, 지하1~1층",강원특별자치도 춘천시 서면 현암리 578-5 ,,기타 휴게음식점,2026-05-27
휴게음식점,올레피씨방,"강원특별자치도 춘천시 효자로 154, 2,3층 (효자동)",강원특별자치도 춘천시 효자동 653 ,,일반조리판매,2026-05-27
휴게음식점,지에스25춘천캐슬점,"강원특별자치도 춘천시 방송길 70, 상가동 1층 (온의동, 롯데캐슬스카이클래스)",강원특별자치도 춘천시 온의동 590 ,,편의점,2026-05-27
휴게음식점,씨유거두원룸점,"강원특별자치도 춘천시 동내면 거두택지길 64, 1층",강원특별자치도 춘천시 동내면 거두리 1123-4 ,,편의점,2026-05-27
휴게음식점,카툰다락방,"강원특별자치도 춘천시 중앙로67번길 18, 4동 2층 4207,8,9호 (죽림동, 브라운가)",강원특별자치도 춘천시 죽림동 189 ,,커피숍,2026-05-27
휴게음식점,타코앤꼬치,"강원특별자치도 춘천시 후만로 5, 1층 (효자동)",강원특별자치도 춘천시 효자동 633-6 ,,일반조리판매,2026-05-27
휴게음식점,커피홀릭쥬스홀릭,"강원특별자치도 춘천시 동면 춘천순환로 600, 1층 (엠에스리테일마트)",강원특별자치도 춘천시 동면 장학리 234 ,,커피숍,2026-05-27
휴게음식점,혜윰,"강원특별자치도 춘천시 신동면 옛경춘로 116, 1층",강원특별자치도 춘천시 신동면 의암리 311-2 ,,커피숍,2026-05-27
휴게음식점,CU춘천온의타운점,"강원특별자치도 춘천시 스포츠타운길 528, 1층 (온의동)",강원특별자치도 춘천시 온의동 70-4 ,,편의점,2026-05-27
휴게음식점,엄지척푸드트럭,"강원특별자치도 춘천시 영서로 2527 (근화동, 평창동계올림픽G-200불꽃축제행사장 도로구간))",강원특별자치도 춘천시 근화동 538-1 ,,푸드트럭,2026-05-27
휴게음식점,라운지PC방,"강원특별자치도 춘천시 후석로 47, 지하1층 (석사동)",강원특별자치도 춘천시 석사동 652 지하1층 ,,일반조리판매,2026-05-27
휴게음식점,쟌스키친,강원특별자치도 춘천시 동면 춘천순환로 901 (신북농협 로컬푸드 직매장 주차장내),강원특별자치도 춘천시 동면 장학리 450 ,,푸드트럭,2026-05-27
휴게음식점,노란커피,,강원특별자치도 춘천시 근화동 187-2 ,,푸드트럭,2026-05-27
휴게음식점,GS25뉴공지천점,"강원특별자치도 춘천시 옛경춘로 839, 1층 (삼천동)",강원특별자치도 춘천시 삼천동 15-6 ,,편의점,2026-05-27
휴게음식점,지에스25춘천세경,"강원특별자치도 춘천시 삭주로 125, 1층 103,104호 (후평동, 세경상가)",강원특별자치도 춘천시 후평동 845-1 ,,편의점,2026-05-27
휴게음식점,세븐일레븐춘천교동점,"강원특별자치도 춘천시 교동길 67, 1층 (교동)",강원특별자치도 춘천시 교동 11-25 ,,편의점,2026-05-27
휴게음식점,예움,"강원특별자치도 춘천시 동내면 순환대로 877, 2층",강원특별자치도 춘천시 동내면 거두리 516-1 ,,커피숍,2026-05-27
휴게음식점,퍼피쿵,"강원특별자치도 춘천시 안마산로 34-17, 1층 (퇴계동)",강원특별자치도 춘천시 퇴계동 802-5 ,,커피숍,2026-05-27
휴게음식점,초하공방,"강원특별자치도 춘천시 칠전서길 42-8, 1층 (칠전동)",강원특별자치도 춘천시 칠전동 556-3 ,,커피숍,2026-05-27
휴게음식점,GS25강원특별자치도청점,"강원특별자치도 춘천시 중앙로 1, 강원도청 A동 의회청사 4층 (봉의동)",강원특별자치도 춘천시 봉의동 15 강원도청 ,,편의점,2026-05-27
휴게음식점,세븐일레븐석사중앙점,"강원특별자치도 춘천시 우석로79번길 9, 1층 (석사동)",강원특별자치도 춘천시 석사동 744-1 ,,편의점,2026-05-27
휴게음식점,카페학곡,"강원특별자치도 춘천시 동내면 학곡서길 19, 1층",강원특별자치도 춘천시 동내면 학곡리 269 ,,커피숍,2026-05-27
휴게음식점,피카소,"강원특별자치도 춘천시 중앙로 지하 33, 다열 55호 (중앙로1가)",강원특별자치도 춘천시 중앙로1가 91 다열 55호 ,,커피숍,2026-05-27
휴게음식점,원스커피(one's coffee)춘천점,"강원특별자치도 춘천시 동내면 거두택지길 93-5, 1층",강원특별자치도 춘천시 동내면 거두리 1111-4 ,,커피숍,2026-05-27
휴게음식점,3팝PC카페,"강원특별자치도 춘천시 후석로326번길 5, 2층 (후평동)",강원특별자치도 춘천시 후평동 701-12 ,,기타 휴게음식점,2026-05-27
휴게음식점,헬로우슬라임카페,"강원특별자치도 춘천시 동내면 외솔길 49-3, 1층",강원특별자치도 춘천시 동내면 거두리 1003-2 ,,일반조리판매,2026-05-27
휴게음식점,커피핑크,"강원특별자치도 춘천시 삭주로108번길 6, 1층 (후평동)",강원특별자치도 춘천시 후평동 853-6 ,,커피숍,2026-05-27
휴게음식점,스윗멜로우(SWEET MELLOW),"강원특별자치도 춘천시 공지로242번길 23, 1층 (효자동)",강원특별자치도 춘천시 효자동 320 ,,기타 휴게음식점,2026-05-27
휴게음식점,우리돈까스,"강원특별자치도 춘천시 서부대성로 229-1, 1층 (효자동)",강원특별자치도 춘천시 효자동 628-5 ,,기타 휴게음식점,2026-05-27
휴게음식점,홍고네아마존,"강원특별자치도 춘천시 동면 만천로 26-97, 1층",강원특별자치도 춘천시 동면 만천리 448-3 ,,커피숍,2026-05-27
휴게음식점,캠프PC춘천우두점,"강원특별자치도 춘천시 충열로 10-10, 3층 (우두동)",강원특별자치도 춘천시 우두동 1067 3층 ,,기타 휴게음식점,2026-05-27
휴게음식점,쿠프만153,"강원특별자치도 춘천시 서부대성로 241, 2층 (효자동)",강원특별자치도 춘천시 효자동 632-1 ,,커피숍,2026-05-27
휴게음식점,씨유춘천뉴후평현대점,"강원특별자치도 춘천시 후만로24번길 13, 상가동 1층 101-102호 (후평동, 현대5차아파트)",강원특별자치도 춘천시 후평동 902 현대5차아파트 ,,편의점,2026-05-27
휴게음식점,있는그대로,"강원특별자치도 춘천시 동내면 거두택지길14번길 18, 1층",강원특별자치도 춘천시 동내면 거두리 976-6 1층 ,,커피숍,2026-05-27
휴게음식점,쓰리팝PC한림대점,"강원특별자치도 춘천시 삭주로 64, 2층 (교동)",강원특별자치도 춘천시 교동 15-3 ,,일반조리판매,2026-05-27
휴게음식점,춘천세븐일레븐춘천후평센터점,"강원특별자치도 춘천시 세실로192번길 1, 1층 (후평동)",강원특별자치도 춘천시 후평동 878-8 ,,편의점,2026-05-27
휴게음식점,컴온PC방,"강원특별자치도 춘천시 경춘로 2350, 2층 (온의동)",강원특별자치도 춘천시 온의동 514-6 ,,일반조리판매,2026-05-27
휴게음식점,이마트24춘천효자점,"강원특별자치도 춘천시 효자로 113, 1층 (효자동)",강원특별자치도 춘천시 효자동 661-15 ,,편의점,2026-05-27
휴게음식점,한입당,"강원특별자치도 춘천시 가연길16번길 7, 1층 (낙원동)",강원특별자치도 춘천시 낙원동 116-11 ,,기타 휴게음식점,2026-05-27
휴게음식점,냠냠냠,"강원특별자치도 춘천시 서부대성로239번길 69-4, 1층 (후평동)",강원특별자치도 춘천시 후평동 67-80 ,,일반조리판매,2026-05-27
휴게음식점,아지트,"강원특별자치도 춘천시 약사고개길 13, 제일백화점 지하1층 9B/L호 (죽림동)",강원특별자치도 춘천시 죽림동 32 제일백화점 ,,기타 휴게음식점,2026-05-27
휴게음식점,메밀전봄,"강원특별자치도 춘천시 영서로 2352-12, 풍물시장 5동 13호 (온의동)",강원특별자치도 춘천시 온의동 45-2 풍물시장 ,,기타 휴게음식점,2026-05-27
휴게음식점,CU춘천한숲시티점,"강원특별자치도 춘천시 안마산로 109, 1층 (퇴계동)",강원특별자치도 춘천시 퇴계동 446 ,,편의점,2026-05-27
휴게음식점,풍물쌀빵,"강원특별자치도 춘천시 영서로 2352-24, 풍물시장 8동 1층 35,36(807,8)호 (온의동)",강원특별자치도 춘천시 온의동 29-3 풍물시장 ,,기타 휴게음식점,2026-05-27
휴게음식점,엠브런치카페(M 브런치 Cafe),"강원특별자치도 춘천시 동면 춘천순환로 340-6, 1층",강원특별자치도 춘천시 동면 만천리 524-43 ,,커피숍,2026-05-27
휴게음식점,베드스테이션,"강원특별자치도 춘천시 송암길 25-1, 지1층 (송암동)",강원특별자치도 춘천시 송암동 211-2 ,,커피숍,2026-05-27
휴게음식점,민화카페,"강원특별자치도 춘천시 동면 춘천로 563, 1층",강원특별자치도 춘천시 동면 장학리 79-1 ,,커피숍,2026-05-27
휴게음식점,슬구네,"강원특별자치도 춘천시 성심로47번길 104, 1층 (후평동)",강원특별자치도 춘천시 후평동 710-3 ,,기타 휴게음식점,2026-05-27
휴게음식점,CU춘천이편한한숲점,"강원특별자치도 춘천시 안마산로 131, 이편한세상 춘천 한숲시티 상가 C동 1층 105호 (퇴계동)",강원특별자치도 춘천시 퇴계동 1240 ,,편의점,2026-05-27
휴게음식점,세븐일레븐춘천후평쉼터점,"강원특별자치도 춘천시 춘천로 338, 1층 101호 (후평동)",강원특별자치도 춘천시 후평동 728-7 ,,편의점,2026-05-27
휴게음식점,세븐일레븐춘천퇴계우성점,강원특별자치도 춘천시 미나리길 7-3 (퇴계동),강원특별자치도 춘천시 퇴계동 423-18 ,,기타 휴게음식점,2026-05-27
휴게음식점,이마트24춘천공지천점,"강원특별자치도 춘천시 수변공원길 11, 2동 1층 (삼천동)",강원특별자치도 춘천시 삼천동 13-1 ,,편의점,2026-05-27
휴게음식점,씨유춘천남산점,"강원특별자치도 춘천시 남산면 한치로 89, 1층",강원특별자치도 춘천시 남산면 창촌리 57-2 ,,편의점,2026-05-27
휴게음식점,라떼무인커피,"강원특별자치도 춘천시 성심로 44, 1층 (효자동)",강원특별자치도 춘천시 효자동 753-15 ,,커피숍,2026-05-27
휴게음식점,씨유피(C.U.P),"강원특별자치도 춘천시 동면 만군길 189-10, 1,2층",강원특별자치도 춘천시 동면 만천리 337-81 ,,커피숍,2026-05-27
휴게음식점,오차카페,"강원특별자치도 춘천시 동산면 영서로 1290-28, 1층",강원특별자치도 춘천시 동산면 원창리 388 ,,커피숍,2026-05-27
휴게음식점,엘린스샌드위치춘천점,"강원특별자치도 춘천시 수변공원길 11, 3동 1층 103호 (삼천동)",강원특별자치도 춘천시 삼천동 13-1 ,,일반조리판매,2026-05-27
휴게음식점,팬도로시한림성심대점,"강원특별자치도 춘천시 동면 장학길 48, 한림성심대학교복지관 지하1층",강원특별자치도 춘천시 동면 장학리 790 한림성심대학교 ,,커피숍,2026-05-27
휴게음식점,블루포트한림대본관점,"강원특별자치도 춘천시 한림대학길 1, 대학본부 1층 (옥천동)",강원특별자치도 춘천시 옥천동 1-1 ,,커피숍,2026-05-27
휴게음식점,씨유춘천학곡쉼터점,"강원특별자치도 춘천시 동내면 영서로 1776, 1층 102호",강원특별자치도 춘천시 동내면 학곡리 602 ,,일반조리판매,2026-05-27
휴게음식점,블루포트한림대사회경영관점,"강원특별자치도 춘천시 한림대학길 1, 한림대학교 사회과학관별관동 1층 (옥천동)",강원특별자치도 춘천시 옥천동 1-1 한림대학교 ,,기타 휴게음식점,2026-05-27
휴게음식점,GS25춘천중앙로점,"강원특별자치도 춘천시 금강로 42, 1층 (중앙로2가)",강원특별자치도 춘천시 중앙로2가 115 ,,편의점,2026-05-27
휴게음식점,그린보드,"강원특별자치도 춘천시 동내면 금촌로 35-2, 1동(1,2층),2동(1층)",강원특별자치도 춘천시 동내면 신촌리 227 ,,커피숍,2026-05-27
휴게음식점,카페딜라이트(cafe Delight),"강원특별자치도 춘천시 우석로 15, 1층 (석사동)",강원특별자치도 춘천시 석사동 769-12 ,,커피숍,2026-05-27
휴게음식점,요선동카페,"강원특별자치도 춘천시 소양고개길 47-1, 1층 (요선동)",강원특별자치도 춘천시 요선동 11-9 ,,커피숍,2026-05-27
휴게음식점,금병산약초카페,"강원특별자치도 춘천시 신동면 금병의숙길 31, 1층",강원특별자치도 춘천시 신동면 증리 430-1 ,,기타 휴게음식점,2026-05-27
휴게음식점,CU춘천효자푸른점,"강원특별자치도 춘천시 공지로 242, 1층 (효자동)",강원특별자치도 춘천시 효자동 287-6 ,,편의점,2026-05-27
휴게음식점,파인드커피(FIND COFFEE),"강원특별자치도 춘천시 서부대성로 84-1, 1층 (조양동)",강원특별자치도 춘천시 조양동 5-47 ,,커피숍,2026-05-27
휴게음식점,세븐일레븐춘천도청점,강원특별자치도 춘천시 서부대성로57번길 2 (옥천동),강원특별자치도 춘천시 옥천동 37-11 ,,편의점,2026-05-27
휴게음식점,브릭,강원특별자치도 춘천시 부평길 17-1 (후평동),강원특별자치도 춘천시 후평동 834-6 ,,커피숍,2026-05-27
휴게음식점,현미박사누룽지,"강원특별자치도 춘천시 신북읍 상천2길 45, 101호",강원특별자치도 춘천시 신북읍 천전리 232-5 ,,일반조리판매,2026-05-27
휴게음식점,옥산,강원특별자치도 춘천시 영서로 3063 (사농동),강원특별자치도 춘천시 사농동 265-4 ,,커피숍,2026-05-27
휴게음식점,미스터부엉이커피로스터즈,"강원특별자치도 춘천시 운교길6번길 29, 1층 (운교동)",강원특별자치도 춘천시 운교동 50-2 ,,커피숍,2026-05-27
휴게음식점,이마트24춘천하윤점,"강원특별자치도 춘천시 안마산로 110, 1동 -1층 103호 (퇴계동)",강원특별자치도 춘천시 퇴계동 529-1 ,,편의점,2026-05-27
휴게음식점,메이슨,"강원특별자치도 춘천시 스포츠타운길 225, 1-3층 (삼천동)",강원특별자치도 춘천시 삼천동 336 ,,커피숍,2026-05-27
휴게음식점,레인코브,강원특별자치도 춘천시 소양고개길 17-1 (소양로2가),강원특별자치도 춘천시 소양로2가 165-3 ,,커피숍,2026-05-27
휴게음식점,자연을담은카페,"강원특별자치도 춘천시 동산면 종자리로 341, 1층",강원특별자치도 춘천시 동산면 군자리 705 ,,커피숍,2026-05-27
휴게음식점,스톤파크(STONE PARK),"강원특별자치도 춘천시 신동면 김유정로 1688, 지하1층",강원특별자치도 춘천시 신동면 정족리 722-7 ,,커피숍,2026-05-27
휴게음식점,우림약선차,"강원특별자치도 춘천시 애막골길16번길 18, 1층 (석사동)",강원특별자치도 춘천시 석사동 767-5 ,,전통찻집,2026-05-27
휴게음식점,이마트24춘천호텔벤틀리점,"강원특별자치도 춘천시 춘천로170번길 17, 1층 (효자동)",강원특별자치도 춘천시 효자동 656-2 ,,편의점,2026-05-27
휴게음식점,유디,"강원특별자치도 춘천시 신북읍 장본길 54-10, 1층 102호",강원특별자치도 춘천시 신북읍 산천리 308-21 ,,커피숍,2026-05-27
휴게음식점,달달하게,"강원특별자치도 춘천시 부평길8번길 23, 1층 (후평동)",강원특별자치도 춘천시 후평동 839-2 ,,커피숍,2026-05-27
휴게음식점,영지당,"강원특별자치도 춘천시 소양로 118, 춘천농협,하나로마트 1층 (소양로3가)","강원특별자치도 춘천시 소양로3가 110-1 춘천농협,하나로마트 ",,기타 휴게음식점,2026-05-27
휴게음식점,세븐일레븐춘천칠전대박점,"강원특별자치도 춘천시 칠전동길 50, 1층 (칠전동)",강원특별자치도 춘천시 칠전동 607-1 ,,편의점,2026-05-27
휴게음식점,나인9PC,"강원특별자치도 춘천시 백령로 4, 2층 (효자동)",강원특별자치도 춘천시 효자동 315-4 ,,일반조리판매,2026-05-27
휴게음식점,킫샌드위치,"강원특별자치도 춘천시 우두3길 9, 1층 (우두동)",강원특별자치도 춘천시 우두동 1097-1 ,,기타 휴게음식점,2026-05-27
휴게음식점,그집과일,"강원특별자치도 춘천시 시청길10번길 6-1, 1층 (조양동)",강원특별자치도 춘천시 조양동 37-2 ,,일반조리판매,2026-05-27
휴게음식점,요거트아이스크림의정석,"강원특별자치도 춘천시 벌말길 70-1, 1층 (석사동)",강원특별자치도 춘천시 석사동 640-9 ,,아이스크림,2026-05-27
휴게음식점,카페모요,"강원특별자치도 춘천시 모수물길 7-1, 1층 (요선동)",강원특별자치도 춘천시 요선동 1-2 ,,커피숍,2026-05-27
휴게음식점,세븐일레븐리치하우스점,"강원특별자치도 춘천시 애막골길20번길 23-1, 1층 (석사동)",강원특별자치도 춘천시 석사동 765-7 ,,편의점,2026-05-27
휴게음식점,지에스25춘천스무숲점,"강원특별자치도 춘천시 스무숲4길 25, 1층 (석사동)",강원특별자치도 춘천시 석사동 961-1 ,,편의점,2026-05-27
휴게음식점,카페시온,"강원특별자치도 춘천시 두하길 6, 우측 1층 (효자동)",강원특별자치도 춘천시 효자동 615 ,,커피숍,2026-05-27
휴게음식점,올곧담,"강원특별자치도 춘천시 후석로 387, 1층 (후평동)",강원특별자치도 춘천시 후평동 710-17 ,,기타 휴게음식점,2026-05-27
휴게음식점,CU춘천모아엘가점,"강원특별자치도 춘천시 공지로 400-1, 모아엘가 센텀뷰 상가동 1층 103,104호 (약사동)",강원특별자치도 춘천시 약사동 77 모아엘가 센텀뷰 ,,편의점,2026-05-27
휴게음식점,정이가떡볶이,"강원특별자치도 춘천시 지석로 11, 하나로마트(퇴계점) 1층 (퇴계동)",강원특별자치도 춘천시 퇴계동 164-3 하나로마트(퇴계점) ,,일반조리판매,2026-05-27
휴게음식점,크라우드PC춘천퇴계점,"강원특별자치도 춘천시 퇴계로 175, 2층 202호 (퇴계동)",강원특별자치도 춘천시 퇴계동 968-7 ,,일반조리판매,2026-05-27
휴게음식점,세븐일레븐우두희망점,"강원특별자치도 춘천시 우두1길 40, 상가동 1층 3호 (우두동, 춘천우두엘에이치천년나무3단지)",강원특별자치도 춘천시 우두동 1088 춘천우두엘에이치천년나무3단지 ,,편의점,2026-05-27
휴게음식점,세븐일레븐석사쉼터점,"강원특별자치도 춘천시 퇴계농공로 13, 1층 (석사동)",강원특별자치도 춘천시 석사동 890-2 ,,편의점,2026-05-27
휴게음식점,호얌&코코롱,"강원특별자치도 춘천시 남춘로 23, 1층 101호 (퇴계동)",강원특별자치도 춘천시 퇴계동 344-23 ,,커피숍,2026-05-27
휴게음식점,이마트24R춘천퇴계쉼터점,강원특별자치도 춘천시 효자로14번길 1 (퇴계동),강원특별자치도 춘천시 퇴계동 1140-4 ,,편의점,2026-05-27
휴게음식점,세븐일레븐효자스타점,"강원특별자치도 춘천시 공지로 234-16, 1층 (효자동, 효자주공8단지아파트)",강원특별자치도 춘천시 효자동 333 효자주공8단지아파트 ,,편의점,2026-05-27
휴게음식점,카페담,"강원특별자치도 춘천시 복골길6번길 2, 1층 (후평동)",강원특별자치도 춘천시 후평동 814-1 ,,커피숍,2026-05-27
휴게음식점,세븐일레븐춘천후평행복점,"강원특별자치도 춘천시 후만로98번길 9, 상가동 103~107호 (후평동, 후평주공4단지아파트)",강원특별자치도 춘천시 후평동 809 후평주공4단지아파트 ,,편의점,2026-05-27
휴게음식점,세븐일레븐춘천신북스타점,"강원특별자치도 춘천시 신북읍 영서로 3346, 1층",강원특별자치도 춘천시 신북읍 용산리 349-12 ,,편의점,2026-05-27
휴게음식점,지에스(GS)25춘천프리미엄,"강원특별자치도 춘천시 동내면 거두택지길 41-94, 나동 1층",강원특별자치도 춘천시 동내면 거두리 827-1 나동 ,,편의점,2026-05-27
휴게음식점,육림푸드,"강원특별자치도 춘천시 소양고개길 46, 2층 (요선동)",강원특별자치도 춘천시 요선동 212-2 ,,일반조리판매,2026-05-27
휴게음식점,유포리아,"강원특별자치도 춘천시 신북읍 맥국4길 24, 1층",강원특별자치도 춘천시 신북읍 유포리 175 ,,커피숍,2026-05-27
휴게음식점,맹구효소꽈배기,"강원특별자치도 춘천시 세실로 200, 1층 우측상가호 (후평동)",강원특별자치도 춘천시 후평동 878-12 ,,기타 휴게음식점,2026-05-27
휴게음식점,컴포즈커피 춘천 강원대후문점,"강원특별자치도 춘천시 서부대성로 241, 1층 (효자동)",강원특별자치도 춘천시 효자동 632-1 ,,커피숍,2026-05-27
휴게음식점,교교커피,"강원특별자치도 춘천시 남산면 서백길 31, 1층",강원특별자치도 춘천시 남산면 서천리 272-3 ,,커피숍,2026-05-27
휴게음식점,오일육(516),"강원특별자치도 춘천시 지석로 74-11, 1층 D-19호 (퇴계동)",강원특별자치도 춘천시 퇴계동 1018 ,,커피숍,2026-05-27
휴게음식점,아녹도,"강원특별자치도 춘천시 서부대성로 184, 1층 (효자동)",강원특별자치도 춘천시 효자동 608-16 ,,커피숍,2026-05-27
휴게음식점,빅샌 2호점,"강원특별자치도 춘천시 효자로14번길 15, 1층 (퇴계동)",강원특별자치도 춘천시 퇴계동 1143-2 ,,커피숍,2026-05-27
휴게음식점,프렌즈 스크린 김유정로점,"강원특별자치도 춘천시 솟발1길 4-23, 1층 (퇴계동)",강원특별자치도 춘천시 퇴계동 494-1 ,,기타 휴게음식점,2026-05-27
휴게음식점,주식회사에노랩,"강원특별자치도 춘천시 당간지주길 70, 1층 (근화동)",강원특별자치도 춘천시 근화동 797-1 ,,커피숍,2026-05-27
휴게음식점,오달트,"강원특별자치도 춘천시 공지로 453, 107호 (근화동)",강원특별자치도 춘천시 근화동 267-9 ,,커피숍,2026-05-27
휴게음식점,지에스25 춘천하이테크점,"강원특별자치도 춘천시 후석로420번길 7, B117호 (후평동)",강원특별자치도 춘천시 후평동 558-1 ,,편의점,2026-05-27
휴게음식점,카페더피플 강원경찰청점,"강원특별자치도 춘천시 동내면 세실로 49, 강원지방경찰청 1층",강원특별자치도 춘천시 동내면 거두리 665-3 강원지방경찰청 ,,커피숍,2026-05-27
휴게음식점,설빙 춘천후평점,"강원특별자치도 춘천시 보안길 66, 2층 (후평동)",강원특별자치도 춘천시 후평동 456-8 ,,기타 휴게음식점,2026-05-27
휴게음식점,청춘꼬마김밥 강남점,"강원특별자치도 춘천시 영서로 2347-1, 1층 (온의동)",강원특별자치도 춘천시 온의동 65-32 ,,기타 휴게음식점,2026-05-27
휴게음식점,이디야커피 춘천신촌점,"강원특별자치도 춘천시 동내면 동내로 95, 1층",강원특별자치도 춘천시 동내면 신촌리 431 ,,커피숍,2026-05-27
휴게음식점,카페 상생,"강원특별자치도 춘천시 시청길12번길 5, 1층 (조양동)",강원특별자치도 춘천시 조양동 24-5 ,,커피숍,2026-05-27
휴게음식점,라고카페,"강원특별자치도 춘천시 남면 박암관천길 183-27, 1층",강원특별자치도 춘천시 남면 박암리 9-3 ,,기타 휴게음식점,2026-05-27
휴게음식점,FARM Cafe,"강원특별자치도 춘천시 옛경춘로 425-5, 1층 (칠전동)",강원특별자치도 춘천시 칠전동 300 ,,커피숍,2026-05-27
휴게음식점,세븐일레븐 춘천솟발길점,"강원특별자치도 춘천시 솟발1길 4-37, 1층 (퇴계동)",강원특별자치도 춘천시 퇴계동 493-11 ,,편의점,2026-05-27
휴게음식점,피자스쿨 춘천우두두미르점,"강원특별자치도 춘천시 영서로 2764, 1층 (우두동)",강원특별자치도 춘천시 우두동 1066-17 ,,패스트푸드,2026-05-27
휴게음식점,럭키베이글,"강원특별자치도 춘천시 효석로135번길 22, 104호 (석사동)",강원특별자치도 춘천시 석사동 674-10 ,,기타 휴게음식점,2026-05-27
휴게음식점,탐앤탐스 모다아울렛춘천점,"강원특별자치도 춘천시 방송길 77, 지하1층 (온의동, 춘천 센트럴타워 푸르지오)",강원특별자치도 춘천시 온의동 601 춘천 센트럴타워 푸르지오 ,,커피숍,2026-05-27
휴게음식점,카페 카빈,"강원특별자치도 춘천시 스포츠타운길 246, 1,2층 (삼천동)",강원특별자치도 춘천시 삼천동 356-1 ,,커피숍,2026-05-27
휴게음식점,자성당,"강원특별자치도 춘천시 춘천로282번길 4, 1층 (후평동)",강원특별자치도 춘천시 후평동 683-15 ,,기타 휴게음식점,2026-05-27
휴게음식점,달달꽈배기엔커피,"강원특별자치도 춘천시 우두로 27, 1층 (사농동)",강원특별자치도 춘천시 사농동 789 ,,기타 휴게음식점,2026-05-27
휴게음식점,강촌에살고싶네cafe,"강원특별자치도 춘천시 남면 충효로 1025, 1층",강원특별자치도 춘천시 남면 발산리 519-4 ,,커피숍,2026-05-27
휴게음식점,매머드익스프레스 춘천모다아울렛점,"강원특별자치도 춘천시 방송길 77, 1층 1120,1130호 (온의동, 춘천 센트럴타워 푸르지오)",강원특별자치도 춘천시 온의동 601 춘천 센트럴타워 푸르지오 ,,커피숍,2026-05-27
휴게음식점,배스킨라빈스 춘천우두점,"강원특별자치도 춘천시 우두6길 5, 101호 (우두동)",강원특별자치도 춘천시 우두동 1117-3 ,,아이스크림,2026-05-27
휴게음식점,나비찬카페,"강원특별자치도 춘천시 옛경춘로 830, 1층 (삼천동)",강원특별자치도 춘천시 삼천동 22-26 ,,커피숍,2026-05-27
휴게음식점,세븐일레븐춘천만천점,"강원특별자치도 춘천시 동면 후석로326번길 94, 춘천만천엘에이치아파트 상가103동 104호",강원특별자치도 춘천시 동면 만천리 977 춘천만천엘에이치아파트 ,,편의점,2026-05-27
휴게음식점,타임투웨이크업,"강원특별자치도 춘천시 아침길 17-1, 1층 (조양동)",강원특별자치도 춘천시 조양동 6-41 ,,커피숍,2026-05-27
휴게음식점,당도,"강원특별자치도 춘천시 충혼길18번길 1, 1층 (온의동)",강원특별자치도 춘천시 온의동 519-3 ,,커피숍,2026-05-27
휴게음식점,기세푸드,"강원특별자치도 춘천시 소양강로 10, 1층 111호 (후평동)",강원특별자치도 춘천시 후평동 623-4 ,,기타 휴게음식점,2026-05-27
휴게음식점,아르케이프커피,"강원특별자치도 춘천시 서면 박사로 890, 2동 1층",강원특별자치도 춘천시 서면 금산리 1018 ,,커피숍,2026-05-27
휴게음식점,노브랜드버거춘천엔타점,"강원특별자치도 춘천시 후석로 120, 엔타 1층 111호 (석사동)",강원특별자치도 춘천시 석사동 980 ,,패스트푸드,2026-05-27
휴게음식점,지에스(GS)25동춘천,"강원특별자치도 춘천시 성심로 69, 2층 (효자동)",강원특별자치도 춘천시 효자동 759-2 ,,편의점,2026-05-27
휴게음식점,플러스마이너스카페,"강원특별자치도 춘천시 아침길 12, 1층 (조양동)",강원특별자치도 춘천시 조양동 6-68 ,,커피숍,2026-05-27
휴게음식점,뽀시래케이크,"강원특별자치도 춘천시 영서로 2762, 1층 (우두동)",강원특별자치도 춘천시 우두동 1066-16 ,,기타 휴게음식점,2026-05-27
휴게음식점,크레이저커피 춘천점,"강원특별자치도 춘천시 동면 한솔만천로 15-14, 1층",강원특별자치도 춘천시 동면 만천리 278-1 ,,커피숍,2026-05-27
휴게음식점,세븐일레븐춘천거두택지길점,"강원특별자치도 춘천시 동내면 거두택지길 39, 1층 101호",강원특별자치도 춘천시 동내면 거두리 1090-3 ,,편의점,2026-05-27
휴게음식점,하루베이글,"강원특별자치도 춘천시 스무숲3길 4, 1층 (석사동)",강원특별자치도 춘천시 석사동 940-6 ,,커피숍,2026-05-27
휴게음식점,위키스마일,"강원특별자치도 춘천시 한림대학길 1, 한림대학교 (옥천동)",강원특별자치도 춘천시 옥천동 1-1 한림대학교 ,,푸드트럭,2026-05-27
휴게음식점,헤이댕댕,"강원특별자치도 춘천시 동면 춘천순환로 697, 1층",강원특별자치도 춘천시 동면 장학리 786-18 ,,기타 휴게음식점,2026-05-27
휴게음식점,그랜마스춘천점,"강원특별자치도 춘천시 동면 소양강로 560, 1,2층",강원특별자치도 춘천시 동면 지내리 685-18 ,,커피숍,2026-05-27
휴게음식점,옹기종기땅콩빵춘천점,"강원특별자치도 춘천시 중앙로 75-1, 1층 우측호 (중앙로2가)",강원특별자치도 춘천시 중앙로2가 38-3 ,,기타 휴게음식점,2026-05-27
휴게음식점,엠제이,"강원특별자치도 춘천시 소양정길 17-1, 1층 좌측호 (소양로1가)",강원특별자치도 춘천시 소양로1가 103-32 ,,일반조리판매,2026-05-27
휴게음식점,컴포즈커피춘천강원대이룸관점,"강원특별자치도 춘천시 강원대학길 1, 이룸관동 1층 (효자동)",강원특별자치도 춘천시 효자동 192-1 ,,다방,2026-05-27
휴게음식점,씨유남춘천새길점,"강원특별자치도 춘천시 효석로9번길 16, 1층 (효자동)",강원특별자치도 춘천시 효자동 303-9 ,,편의점,2026-05-27
휴게음식점,에이핏우즈,"강원특별자치도 춘천시 신동면 의암1길 129, 1층",강원특별자치도 춘천시 신동면 의암리 30 ,,커피숍,2026-05-27
휴게음식점,토비스,,강원특별자치도 춘천시 서면 신매리 71-1 ,,기타 휴게음식점,2026-05-27
제과점영업,르방베이커리,"강원특별자치도 춘천시 후석로 248, 1층 (후평동, 춘성할인마트내)",강원특별자치도 춘천시 후평동 891-1 ,,제과점영업,2026-05-27
제과점영업,파리바게뜨(후평점),"강원특별자치도 춘천시 후석로 293, 1층 (후평동)",강원특별자치도 춘천시 후평동 796-2 ,,제과점영업,2026-05-27
제과점영업,쁘띠마망(벨몽드점),강원특별자치도 춘천시 춘천로 197-1 (효자동),강원특별자치도 춘천시 효자동 641-5 ,,제과점영업,2026-05-27
제과점영업,내가만든케익&쿠키이야기,"강원특별자치도 춘천시 서부대성로 187 (효자동, 1층)",강원특별자치도 춘천시 효자동 612-3 ,,제과점영업,2026-05-27
제과점영업,브레드10,"강원특별자치도 춘천시 동내면 거두택지길14번길 20, 1층",강원특별자치도 춘천시 동내면 거두리 976-7 ,,제과점영업,2026-05-27
제과점영업,떡애정,"강원특별자치도 춘천시 지석로 80, 1층 152호 (퇴계동, 춘천시너스카펠라복합빌딩)",강원특별자치도 춘천시 퇴계동 1017 ,,제과점영업,2026-05-27
제과점영업,르방베이커리(CC베이커리),"강원특별자치도 춘천시 효자로 7-1, 1층 (퇴계동, CC마트 강대점)",강원특별자치도 춘천시 퇴계동 1152-2 ,,제과점영업,2026-05-27
제과점영업,카페음,"강원특별자치도 춘천시 공지로 126, 1층 (석사동, 춘천교육대학교내 학생회관)",강원특별자치도 춘천시 석사동 339 ,,제과점영업,2026-05-27
제과점영업,빵굽는마미갸또춘천,"강원특별자치도 춘천시 동면 춘천순환로 600, 지하1층",강원특별자치도 춘천시 동면 장학리 234 지하1층 ,,제과점영업,2026-05-27
제과점영업,구스타프케이크,"강원특별자치도 춘천시 춘천로151번길 21-2, 1층 (운교동)",강원특별자치도 춘천시 운교동 170 ,,제과점영업,2026-05-27
제과점영업,빵굽는사람들,"강원특별자치도 춘천시 지석로 11, 하나로마트(퇴계점) 1층 (퇴계동)",강원특별자치도 춘천시 퇴계동 164-3 하나로마트(퇴계점) ,,제과점영업,2026-05-27
제과점영업,라비베이커리(춘천점),"강원특별자치도 춘천시 세실로 108, 롯데마트 석사점 1층 (석사동)",강원특별자치도 춘천시 석사동 27-2 롯데마트 석사점 ,,제과점영업,2026-05-27
제과점영업,효자동디저트,"강원특별자치도 춘천시 공지로 276, 1층 (효자동)",강원특별자치도 춘천시 효자동 309-4 ,,제과점영업,2026-05-27
제과점영업,하루에베이커리,"강원특별자치도 춘천시 퇴계로 129-11, 1층 102호 (퇴계동)",강원특별자치도 춘천시 퇴계동 1104 ,,제과점영업,2026-05-27
제과점영업,진솔미과점,"강원특별자치도 춘천시 봉의산길22번길 25, 1층 (옥천동)",강원특별자치도 춘천시 옥천동 2-4 ,,제과점영업,2026-05-27
제과점영업,빵굽는사람들MS마트봄내점,"강원특별자치도 춘천시 퇴계로 235, MS마트봄내점 1층 (석사동)",강원특별자치도 춘천시 석사동 818-8 ,,제과점영업,2026-05-27
제과점영업,빵굽는사람들MS마트우두점,"강원특별자치도 춘천시 충열로79번길 37, MS마트우두점 1층 (우두동)",강원특별자치도 춘천시 우두동 707-1 ,,제과점영업,2026-05-27
제과점영업,자유빵집2호점,"강원특별자치도 춘천시 안마산로 5, 1층 (온의동)",강원특별자치도 춘천시 온의동 536-8 ,,제과점영업,2026-05-27
제과점영업,214도넛,"강원특별자치도 춘천시 서부대성로 196, 1층 (효자동)",강원특별자치도 춘천시 효자동 616 ,,제과점영업,2026-05-27
제과점영업,손정화떡케이크,"강원특별자치도 춘천시 춘주로179번길 16, 1층 (퇴계동)",강원특별자치도 춘천시 퇴계동 910-5 ,,제과점영업,2026-05-27
제과점영업,아뜰리에빠시옹,"강원특별자치도 춘천시 동면 가락재로 132-14, 1층",강원특별자치도 춘천시 동면 감정리 468-4 ,,제과점영업,2026-05-27
제과점영업,심플리움앤드,"강원특별자치도 춘천시 동내면 외솔길19번길 70, 1층 101호",강원특별자치도 춘천시 동내면 거두리 1046-3 ,,제과점영업,2026-05-27
제과점영업,파리바게뜨 춘천우두점,"강원특별자치도 춘천시 우두1길 101, 110호 (우두동)",강원특별자치도 춘천시 우두동 1118-1 ,,제과점영업,2026-05-27
제과점영업,빵굽는사람들MS마트애막점,"강원특별자치도 춘천시 후석로186번길 4, MS마트애막점 (석사동)",강원특별자치도 춘천시 석사동 728-2 ,,제과점영업,2026-05-27
제과점영업,파리바게뜨춘천삼천점,"강원특별자치도 춘천시 옛경춘로 773, 1층 (삼천동)",강원특별자치도 춘천시 삼천동 758-2 ,,제과점영업,2026-05-27
제과점영업,첨첨,"강원특별자치도 춘천시 춘주로 87, 1층 103호 (온의동)",강원특별자치도 춘천시 온의동 515-4 ,,제과점영업,2026-05-27
제과점영업,달콤한정원,"강원특별자치도 춘천시 스무숲2길 6, 지하1층 우측호 (석사동)",강원특별자치도 춘천시 석사동 186-36 ,,제과점영업,2026-05-27
일반음식점,춘천세종호텔,강원특별자치도 춘천시 봉의산길 31 (봉의동),강원특별자치도 춘천시 봉의동 15-3 , 033-252-1191,한식,2026-05-27
일반음식점,강촌식당,강원특별자치도 춘천시 남산면 강촌로 56,강원특별자치도 춘천시 남산면 강촌리 227-41 , 033-261-0021,한식,2026-05-27
일반음식점,중화루,"강원특별자치도 춘천시 둥지길 5-17, 2,3층 (효자동)",강원특별자치도 춘천시 효자동 652 ,033-254-2591,중국식,2026-05-27
일반음식점,옥산포코다리(춘천),강원특별자치도 춘천시 영서로 3048 (사농동),강원특별자치도 춘천시 사농동 274-29 ,033-251-0136,한식,2026-05-27
일반음식점,우미닭갈비본점,강원특별자치도 춘천시 금강로62번길 4 (조양동),강원특별자치도 춘천시 조양동 50-4 , 033-253-2428,한식,2026-05-27
일반음식점,원조숯불닭불고기집,"강원특별자치도 춘천시 중앙로 78 (중앙로2가, 1층)",강원특별자치도 춘천시 중앙로2가 70 ,033-257-5326,식육(숯불구이),2026-05-27
일반음식점,충북집,"강원특별자치도 춘천시 명동길29번길 5-5, 1층 (죽림동)",강원특별자치도 춘천시 죽림동 11-72 , 033-256-7629,한식,2026-05-27
일반음식점,몽우해장국,강원특별자치도 춘천시 공단로 44 (후평동),강원특별자치도 춘천시 후평동 245-17 ,033-252-2490,한식,2026-05-27
일반음식점,샘밭막국수,강원특별자치도 춘천시 신북읍 신샘밭로 644,강원특별자치도 춘천시 신북읍 천전리 118-11 ,033-242-1702,한식,2026-05-27
일반음식점,삼악산등선폭포에있는등선집,"강원특별자치도 춘천시 서면 경춘로 1401-21, 1층",강원특별자치도 춘천시 서면 덕두원리 118-18 (3리) ,033-262-2519,한식,2026-05-27
일반음식점,대청봉,강원특별자치도 춘천시 금강로62번길 14-1 (조양동),강원특별자치도 춘천시 조양동 51-7 ,033-257-2131,식육(숯불구이),2026-05-27
일반음식점,봉운장,강원특별자치도 춘천시 소양고개길 26 (소양로3가),강원특별자치도 춘천시 소양로3가 4 ,033-254-3203,식육(숯불구이),2026-05-27
일반음식점,히로(hiro),강원특별자치도 춘천시 낙원길 47-2 (낙원동),강원특별자치도 춘천시 낙원동 28-2 ,,한식,2026-05-27
일반음식점,배터식당,"강원특별자치도 춘천시 당간지주길 83, 1층 (소양로1가)",강원특별자치도 춘천시 소양로1가 100-59 (1층) ,033-243-6344,탕류(보신용),2026-05-27
일반음식점,동혜원,강원특별자치도 춘천시 가연길 5 (소양로4가),강원특별자치도 춘천시 소양로4가 104-13 ,033-242-1318,한식,2026-05-27
일반음식점,우물집,강원특별자치도 춘천시 남산면 한치로 105,강원특별자치도 춘천시 남산면 창촌리 46-8 ,033-263-3830,한식,2026-05-27
일반음식점,일흥불고기,"강원특별자치도 춘천시 서부대성로44번길 15 (요선동, 1층)",강원특별자치도 춘천시 요선동 14-13 , 033-254-1024,한식,2026-05-27
일반음식점,어촌,"강원특별자치도 춘천시 서부대성로44번길 7-7, 1층 (요선동)",강원특별자치도 춘천시 요선동 8-44 ,033-254-9526,한식,2026-05-27
일반음식점,회영루,,강원특별자치도 춘천시 소양로3가 180-6 , 033-254-3841,중국식,2026-05-27
일반음식점,대원장,"강원특별자치도 춘천시 중앙로134번길 24-1, 1층 (소양로4가)",강원특별자치도 춘천시 소양로4가 105-17 ,033-254-4520,중국식,2026-05-27
일반음식점,실비막국수,강원특별자치도 춘천시 소양고개길 25 (소양로2가),강원특별자치도 춘천시 소양로2가 127-1 , 033-254-2472,한식,2026-05-27
일반음식점,별미당,강원특별자치도 춘천시 명동길 49 (죽림동),강원특별자치도 춘천시 죽림동 159-3 , 033-254-1153,한식,2026-05-27
일반음식점,춘천원조1호닭갈비막국수(전남식당),강원특별자치도 춘천시 공지로 603-6 (근화동),강원특별자치도 춘천시 근화동 160-7 ,033-244-5592,한식,2026-05-27
일반음식점,이디오피아집(벳),"강원특별자치도 춘천시 이디오피아길 7, 2층 (근화동)",강원특별자치도 춘천시 근화동 371-3 , 033-252-6972,경양식,2026-05-27
일반음식점,복성원,강원특별자치도 춘천시 춘천로 195 (효자동),강원특별자치도 춘천시 효자동 641-3 ,033-251-3125,중국식,2026-05-27
일반음식점,등선식당,강원특별자치도 춘천시 서면 경춘로 1401-22,강원특별자치도 춘천시 서면 덕두원리 118-19 ,033-261-1443,한식,2026-05-27
일반음식점,유일관,강원특별자치도 춘천시 시청길 14 (조양동),강원특별자치도 춘천시 조양동 24-7 , 033-254-2897,한식,2026-05-27
일반음식점,세무서구내식당,강원특별자치도 춘천시 중앙로 115 (중앙로3가),강원특별자치도 춘천시 중앙로3가 33 ,033-250-0676,한식,2026-05-27
일반음식점,여주집,강원특별자치도 춘천시 중앙로 101 (중앙로3가),강원특별자치도 춘천시 중앙로3가 60 ,033-257-9073,한식,2026-05-27
일반음식점,본관남부막국수,"강원특별자치도 춘천시 춘천로81번길 16, 1,2층 (약사동)","강원특별자치도 춘천시 약사동 150 1,2층 ", 033-254-7859,한식,2026-05-27
일반음식점,팔각정,강원특별자치도 춘천시 서면 영서로 3876-28,강원특별자치도 춘천시 서면 오월리 105 , 033-244-1975,횟집,2026-05-27
일반음식점,폭포집,강원특별자치도 춘천시 서면 경춘로 1401-27,강원특별자치도 춘천시 서면 덕두원리 118-16 ,033-261-1448,한식,2026-05-27
일반음식점,중원식당,강원특별자치도 춘천시 동부시장길 8 (운교동),강원특별자치도 춘천시 운교동 183 ,033-257-0788,한식,2026-05-27
일반음식점,공지천우미닭갈비,강원특별자치도 춘천시 이디오피아길 13 (근화동),강원특별자치도 춘천시 근화동 700 ,033-252-0092,식육(숯불구이),2026-05-27
일반음식점,시간속의자유,강원특별자치도 춘천시 중앙로 182 (근화동),강원특별자치도 춘천시 근화동 264-28 ,033-241-0534,한식,2026-05-27
일반음식점,동춘관,강원특별자치도 춘천시 춘천로282번길 4 (후평동),강원특별자치도 춘천시 후평동 683-15 ,033-254-2270,중국식,2026-05-27
일반음식점,오봉식당,강원특별자치도 춘천시 북산면 오봉산길 697,강원특별자치도 춘천시 북산면 청평리 산 188-1 , 033-244-6606,한식,2026-05-27
일반음식점,소양강휴게소,"강원특별자치도 춘천시 북산면 신샘밭로 1152, 1~2층",강원특별자치도 춘천시 북산면 청평리 산 205-3 (1층~2층) , 033-242-5929,한식,2026-05-27
일반음식점,시민닭갈비,강원특별자치도 춘천시 벌말길 92 (석사동),강원특별자치도 춘천시 석사동 696-7 , 033-261-5106,한식,2026-05-27
일반음식점,중화요리 궁,강원특별자치도 춘천시 충열로 70-1 (우두동),강원특별자치도 춘천시 우두동 410-4 ,033-254-4988,중국식,2026-05-27
일반음식점,강촌막국수,강원특별자치도 춘천시 남산면 강촌로 62-1,강원특별자치도 춘천시 남산면 강촌리 241-3 , 033-262-9868,한식,2026-05-27
일반음식점,실비집,"강원특별자치도 춘천시 사북면 영서로 4751, 1층",강원특별자치도 춘천시 사북면 지촌리 432-4 ,033-243-1156,한식,2026-05-27
일반음식점,대정식당,강원특별자치도 춘천시 사북면 영서로 4755,강원특별자치도 춘천시 사북면 지촌리 431-10 ,033-243-1095,한식,2026-05-27
일반음식점,천미향,강원특별자치도 춘천시 동부시장길 11 (운교동),강원특별자치도 춘천시 운교동 138-13 ,033-242-3724,중국식,2026-05-27
일반음식점,명동산골닭갈비,"강원특별자치도 춘천시 금강로62번길 7, 1,2층 (조양동)",강원특별자치도 춘천시 조양동 131-3 ,033-257-9775,한식,2026-05-27
일반음식점,함지,강원특별자치도 춘천시 중앙로 101 (중앙로3가),강원특별자치도 춘천시 중앙로3가 60 , 033-254-5221,경양식,2026-05-27
일반음식점,삐삐스넥1호,강원특별자치도 춘천시 명동길 2 (중앙로2가),강원특별자치도 춘천시 중앙로2가 1 , 033-254-4505,분식,2026-05-27
일반음식점,장한반점,강원특별자치도 춘천시 공지로439번길 2 (근화동),강원특별자치도 춘천시 근화동 287-1 ,033-256-1135,중국식,2026-05-27
일반음식점,후평왕족발,"강원특별자치도 춘천시 춘천로 293 (후평동, 1층)",강원특별자치도 춘천시 후평동 686-9 , 033-242-2926,식육(숯불구이),2026-05-27
일반음식점,성심식당,강원특별자치도 춘천시 남춘로 57 (효자동),강원특별자치도 춘천시 효자동 710-14 ,033-254-2638,한식,2026-05-27
일반음식점,마을집,강원특별자치도 춘천시 성심로 64 (효자동),강원특별자치도 춘천시 효자동 749-14 ,,한식,2026-05-27
일반음식점,아일래나라운지,강원특별자치도 춘천시 남산면 남이섬길 1,강원특별자치도 춘천시 남산면 방하리 198 ,031-580-8100,까페,2026-05-27
일반음식점,할머니집,강원특별자치도 춘천시 명동길29번길 11 (죽림동),강원특별자치도 춘천시 죽림동 11-16 , 033-253-2689,한식,2026-05-27
일반음식점,처갓집양념치킨남부점,"강원특별자치도 춘천시 공지로 354 (효자동, 우측두번째)",강원특별자치도 춘천시 효자동 673-12 ,033-254-3503,호프/통닭,2026-05-27
일반음식점,왕짱구,강원특별자치도 춘천시 춘천로 195 (효자동),강원특별자치도 춘천시 효자동 641-3 ,,분식,2026-05-27
일반음식점,구곡휴게소,강원특별자치도 춘천시 남산면 강촌구곡길 259,강원특별자치도 춘천시 남산면 강촌리 432-7 ,,한식,2026-05-27
일반음식점,이송금할머니의춘천중앙닭갈비,강원특별자치도 춘천시 금강로62번길 13-5 (조양동),강원특별자치도 춘천시 조양동 146-1 ,033-254-4444,식육(숯불구이),2026-05-27
일반음식점,꿀벌식당,강원특별자치도 춘천시 동부시장길 8 (운교동),강원특별자치도 춘천시 운교동 183 ,033-252-1503,한식,2026-05-27
일반음식점,대화관명동점,강원특별자치도 춘천시 금강로62번길 15 (조양동),강원특별자치도 춘천시 조양동 144-4 ,033-242-8999,중국식,2026-05-27
일반음식점,페리카나(터미널점),"강원특별자치도 춘천시 공지로 458 (근화동, 1층)",강원특별자치도 춘천시 근화동 709-20 ,033-253-8490,통닭(치킨),2026-05-27
일반음식점,별당막국수,"강원특별자치도 춘천시 춘천로81번길 15, 1층 (약사동)",강원특별자치도 춘천시 약사동 151-7 ,033-254-9603,한식,2026-05-27
일반음식점,초심,강원특별자치도 춘천시 동내면 거두택지길26번길 9-19,강원특별자치도 춘천시 동내면 거두리 962-9 ,033-262-6636,한식,2026-05-27
일반음식점,새술막막국수,강원특별자치도 춘천시 동산면 새술막길 695 (3리),강원특별자치도 춘천시 동산면 원창리 881 , 033-261-2135,한식,2026-05-27
일반음식점,함흥냉면옥,강원특별자치도 춘천시 시청길 16-1 (조양동),강원특별자치도 춘천시 조양동 24-1 , 033-254-4994,한식,2026-05-27
일반음식점,명동명물닭갈비,"강원특별자치도 춘천시 금강로62번길 8, 1층 (조양동)",강원특별자치도 춘천시 조양동 50-6 ,033-244-2961,식육(숯불구이),2026-05-27
일반음식점,대박네집,강원특별자치도 춘천시 효자로 62-1 (효자동),강원특별자치도 춘천시 효자동 700-20 , 033-242-1285,한식,2026-05-27
일반음식점,또또아스넥,강원특별자치도 춘천시 명동길 49 (죽림동),강원특별자치도 춘천시 죽림동 159-3 ,033-251-3374,분식,2026-05-27
일반음식점,부안막국수,강원특별자치도 춘천시 후석로344번길 7 (후평동),강원특별자치도 춘천시 후평동 419-1 ,033-254-0654,한식,2026-05-27
일반음식점,감자바위,강원특별자치도 춘천시 보안길 17 (후평동),강원특별자치도 춘천시 후평동 801-9 , 033-252-0953,한식,2026-05-27
일반음식점,엄마밥상,"강원특별자치도 춘천시 동면 공단로 95-1, 1층",강원특별자치도 춘천시 동면 장학리 794-7 ,033-257-5677,분식,2026-05-27
일반음식점,검봉산칡국수,강원특별자치도 춘천시 남산면 강촌구곡길 164-6,강원특별자치도 춘천시 남산면 강촌리 404-1 ,033-261-2986,한식,2026-05-27
일반음식점,나라앤미네,"강원특별자치도 춘천시 중앙로 41-3, 1층 (중앙로1가)",강원특별자치도 춘천시 중앙로1가 74 , 033-256-2502,일식,2026-05-27
일반음식점,정담은,"강원특별자치도 춘천시 백령로165번길 2, 1층 (효자동)",강원특별자치도 춘천시 효자동 18-61 ,033-243-5662,한식,2026-05-27
일반음식점,구미닭갈비,강원특별자치도 춘천시 금강로62번길 9-1 (조양동),강원특별자치도 춘천시 조양동 138-14 , 033-252-9653,식육(숯불구이),2026-05-27
일반음식점,죽님동,강원특별자치도 춘천시 명동길29번길 2-21 (죽림동),강원특별자치도 춘천시 죽림동 11-103 ,,한식,2026-05-27
일반음식점,원주맛통닭,강원특별자치도 춘천시 효자로 124 (효자동),강원특별자치도 춘천시 효자동 146-3 ,033-241-2027,통닭(치킨),2026-05-27
일반음식점,토대력(춘천점),"강원특별자치도 춘천시 효제길 5 (효자동, 1층)",강원특별자치도 춘천시 효자동 148-12 ,033-253-1179,정종/대포집/소주방,2026-05-27
일반음식점,삼우매운탕,강원특별자치도 춘천시 신북읍 율문3길 15,강원특별자치도 춘천시 신북읍 율문리 301-1 ,033-242-1416,탕류(보신용),2026-05-27
일반음식점,원조마늘통닭집,강원특별자치도 춘천시 금강로 40 (낙원동),강원특별자치도 춘천시 낙원동 28-1 ,033-252-9979,식육(숯불구이),2026-05-27
일반음식점,춘천사랑닭갈비,강원특별자치도 춘천시 낙원길 47-1 (낙원동),강원특별자치도 춘천시 낙원동 16-1 ,033-256-9211,식육(숯불구이),2026-05-27
일반음식점,멍석식당,강원특별자치도 춘천시 전원길 1 (운교동),강원특별자치도 춘천시 운교동 188-8 ,033-257-0130,한식,2026-05-27
일반음식점,만미정,"강원특별자치도 춘천시 중앙로 28-8, 1,2층 (요선동, 외1필지)","강원특별자치도 춘천시 요선동 7-8 외1필지(1층,2층) ", 033-254-9847,한식,2026-05-27
일반음식점,동물농장,"강원특별자치도 춘천시 남춘로36번길 63 (퇴계동, 1층)",강원특별자치도 춘천시 퇴계동 946-8 , 033-261-6868,식육(숯불구이),2026-05-27
일반음식점,부일정,강원특별자치도 춘천시 영서로 3053-5 (사농동),강원특별자치도 춘천시 사농동 281-2 , 033-254-0786,한식,2026-05-27
일반음식점,요선통닭,강원특별자치도 춘천시 소양고개길 49 (요선동),강원특별자치도 춘천시 요선동 11-8 ,033-255-5239,호프/통닭,2026-05-27
일반음식점,장수순대국,"강원특별자치도 춘천시 서부대성로48번길 12-1, 1층 (요선동)",강원특별자치도 춘천시 요선동 10-4 , 033-253-9594,탕류(보신용),2026-05-27
일반음식점,별채식당,강원특별자치도 춘천시 삭주로 75 (교동),강원특별자치도 춘천시 교동 152-7 , 033-257-9110,한식,2026-05-27
일반음식점,금선식당,강원특별자치도 춘천시 약사고개길 13 (죽림동),강원특별자치도 춘천시 죽림동 32 , 033-254-8814,한식,2026-05-27
일반음식점,화롯불,강원특별자치도 춘천시 충열로 166 (우두동),강원특별자치도 춘천시 우두동 460-14 ,033-243-9289,한식,2026-05-27
일반음식점,회빈장,강원특별자치도 춘천시 남춘로36번길 54 (퇴계동),강원특별자치도 춘천시 퇴계동 952-1 ,033-261-1876,중국식,2026-05-27
일반음식점,동강막국수,강원특별자치도 춘천시 사북면 사내천로 1173,강원특별자치도 춘천시 사북면 오탄리 566-2 ,033-243-5545,한식,2026-05-27
일반음식점,속초식당,강원특별자치도 춘천시 서부대성로44번길 5 (요선동),"강원특별자치도 춘천시 요선동 8-58 8-55,8-57,8-60 ",033-251-0582,한식,2026-05-27
일반음식점,진아하우스,"강원특별자치도 춘천시 금강로 2, 1층 (소양로3가)",강원특별자치도 춘천시 소양로3가 183 , 033-254-8995,한식,2026-05-27
일반음식점,경춘흑염소탕,"강원특별자치도 춘천시 춘천로 65, 1층 (효자동)",강원특별자치도 춘천시 효자동 682-25 ,033-252-6403,탕류(보신용),2026-05-27
일반음식점,팔호가보자토종순대국,"강원특별자치도 춘천시 금강로121번길 6, 1층 (운교동)",강원특별자치도 춘천시 운교동 178 외1필지1층 , 033-244-4885,한식,2026-05-27
일반음식점,곤지암할매소머리국밥,강원특별자치도 춘천시 후석로 299 (후평동),강원특별자치도 춘천시 후평동 793-3 ,033-251-3583,한식,2026-05-27
일반음식점,해안황태시래기국밥,"강원특별자치도 춘천시 춘주로 193, 1층 (퇴계동)",강원특별자치도 춘천시 퇴계동 895-5 , 033-254-1365,한식,2026-05-27
일반음식점,은하식당,강원특별자치도 춘천시 공지로 367 (효자동),강원특별자치도 춘천시 효자동 684-11 ,033-251-6361,한식,2026-05-27
일반음식점,페리카나팔호광장점,강원특별자치도 춘천시 효자로 152 (효자동),강원특별자치도 춘천시 효자동 653 ,033-253-8578,통닭(치킨),2026-05-27
일반음식점,곰배령,"강원특별자치도 춘천시 춘천로 19, 1층 (온의동)",강원특별자치도 춘천시 온의동 589 1층 , 033-255-5500,한식,2026-05-27
일반음식점,도지골등나무집,강원특별자치도 춘천시 신북읍 상천3길 2,강원특별자치도 춘천시 신북읍 천전리 39-9 ,033-242-2260,한식,2026-05-27
일반음식점,삼악산닭갈비,강원특별자치도 춘천시 서면 경춘로 679-5,강원특별자치도 춘천시 서면 안보리 90-1 , 033-261-9960,한식,2026-05-27
일반음식점,뽀미네힙(hip)포차,강원특별자치도 춘천시 서부대성로48번길 5-2 (요선동),강원특별자치도 춘천시 요선동 7-10 ,,정종/대포집/소주방,2026-05-27
일반음식점,까투리요선점,강원특별자치도 춘천시 서부대성로48번길 22-1 (요선동),강원특별자치도 춘천시 요선동 18-18 , 033-253-4515,정종/대포집/소주방,2026-05-27
일반음식점,소양페리카나,강원특별자치도 춘천시 중앙로 126 (소양로4가),강원특별자치도 춘천시 소양로4가 109-5 , 033-253-8281,통닭(치킨),2026-05-27
일반음식점,풀잎,강원특별자치도 춘천시 삭주로 75 (교동),강원특별자치도 춘천시 교동 152-7 , 033-252-6292,호프/통닭,2026-05-27
일반음식점,어머니순대국,강원특별자치도 춘천시 동부시장길 8 (운교동),강원특별자치도 춘천시 운교동 183 , 033-255-7673,한식,2026-05-27
일반음식점,남촌막국수,강원특별자치도 춘천시 당간지주길 71-15 (근화동),강원특별자치도 춘천시 근화동 796-6 , 033-253-6003,한식,2026-05-27
일반음식점,대왕감자탕,강원특별자치도 춘천시 춘천로 345 (후평동),강원특별자치도 춘천시 후평동 725-19 ,033-251-4602,한식,2026-05-27
일반음식점,후평2동페리카나,"강원특별자치도 춘천시 후만로 37, 일반점포동 1층 1호 (후평동, 주공6단지아파트)",강원특별자치도 춘천시 후평동 481-1 주공6단지아파트 , 033-251-9252,통닭(치킨),2026-05-27
일반음식점,불난집,강원특별자치도 춘천시 백령로 18 (효자동),강원특별자치도 춘천시 효자동 317 ,033-263-1291,기타,2026-05-27
일반음식점,팔호스넥,강원특별자치도 춘천시 춘천로 195 (효자동),강원특별자치도 춘천시 효자동 641-3 ,033-251-0244,분식,2026-05-27
일반음식점,빙수의집,강원특별자치도 춘천시 서부대성로 245 (효자동),강원특별자치도 춘천시 효자동 632-15 , 033-255-1142,한식,2026-05-27
일반음식점,뱃터매운탕,"강원특별자치도 춘천시 영서로 3219, 1층 (신동)",강원특별자치도 춘천시 신동 1079-3 ,033-244-1201,한식,2026-05-27
일반음식점,맛띠아피자,강원특별자치도 춘천시 신북읍 상천3길 6,강원특별자치도 춘천시 신북읍 천전리 39-4 ,033-242-6879,한식,2026-05-27
일반음식점,가보자순대국,강원특별자치도 춘천시 신북읍 신샘밭로 359-8,강원특별자치도 춘천시 신북읍 율문리 909-9 ,033-2437-607,한식,2026-05-27
일반음식점,서면반점,"강원특별자치도 춘천시 서면 박사로 973, 1층",강원특별자치도 춘천시 서면 금산리 495-11 , 033-243-4763,중국식,2026-05-27
일반음식점,의암호가든,강원특별자치도 춘천시 서면 박사로 233-15 (1리),강원특별자치도 춘천시 서면 덕두원리 133-2 1리 ,033-244-2363,한식,2026-05-27
일반음식점,카페455,강원특별자치도 춘천시 서면 박사로 455,강원특별자치도 춘천시 서면 덕두원리 12-1 ,033-244-6041,기타,2026-05-27
일반음식점,삼악산가든,강원특별자치도 춘천시 서면 박사로 233-11,강원특별자치도 춘천시 서면 덕두원리 134 ,033-244-6136,한식,2026-05-27
일반음식점,강릉집,강원특별자치도 춘천시 서부대성로 46 (요선동),강원특별자치도 춘천시 요선동 8-1 , 033-242-7779,한식,2026-05-27
일반음식점,추억의호프,강원특별자치도 춘천시 서부대성로44번길 12 (요선동),강원특별자치도 춘천시 요선동 11-2 , 033-256-1602,호프/통닭,2026-05-27
일반음식점,잭슨빌,강원특별자치도 춘천시 금강로62번길 8 (조양동),강원특별자치도 춘천시 조양동 50-6 , 033-244-8001,호프/통닭,2026-05-27
일반음식점,종로식당,"강원특별자치도 춘천시 아침길 3 (조양동, 지하)",강원특별자치도 춘천시 조양동 48-5 ,033-251-1752,한식,2026-05-27
일반음식점,더기운,강원특별자치도 춘천시 동내면 거두길 18,강원특별자치도 춘천시 동내면 거두리 660-1 ,033-256-0592,한식,2026-05-27
일반음식점,가야갈매기,강원특별자치도 춘천시 춘천로138번길 29 (운교동),강원특별자치도 춘천시 운교동 177-6 ,033-253-4171,한식,2026-05-27
일반음식점,팬더하우스,강원특별자치도 춘천시 명동길 49 (죽림동),강원특별자치도 춘천시 죽림동 159-3 ,033-256-0920,한식,2026-05-27
일반음식점,명동호프,강원특별자치도 춘천시 중앙로 101 (중앙로3가),강원특별자치도 춘천시 중앙로3가 60 ,033-255-8377,정종/대포집/소주방,2026-05-27
일반음식점,가평애향식당,강원특별자치도 춘천시 칠전서길 42-6 (칠전동),강원특별자치도 춘천시 칠전동 556-2 , 033-263-2212,한식,2026-05-27
일반음식점,신세대닭갈비,강원특별자치도 춘천시 삭주로108번길 6 (후평동),강원특별자치도 춘천시 후평동 853-6 , 033-241-0952,한식,2026-05-27
일반음식점,2013대파집,강원특별자치도 춘천시 우석로79번길 12-6 (석사동),강원특별자치도 춘천시 석사동 733-1 ,033-264-9909,한식,2026-05-27
일반음식점,홍해아,강원특별자치도 춘천시 후만로98번길 16 (후평동),강원특별자치도 춘천시 후평동 810-7 ,033-252-4577,중국식,2026-05-27
일반음식점,장수장,강원특별자치도 춘천시 백령로147번길 2 (효자동),강원특별자치도 춘천시 효자동 623-8 , 033-252-3118,중국식,2026-05-27
일반음식점,(주)춘천장어마을삼천동,"강원특별자치도 춘천시 구마니1길 36-11, 1층 (삼천동)",강원특별자치도 춘천시 삼천동 167-2 , 033-253-4077,식육(숯불구이),2026-05-27
일반음식점,위도횟집,강원특별자치도 춘천시 옥산포길 39-1 (사농동),강원특별자치도 춘천시 사농동 260-5 ,033-252-9740,횟집,2026-05-27
일반음식점,청수,,"강원특별자치도 춘천시 신북읍 용산리 315-1 ,316-1 ", 033-244-0032,한식,2026-05-27
일반음식점,연산골막국수,강원특별자치도 춘천시 동면 연산골길 105-12,강원특별자치도 춘천시 동면 감정리 516 , 033-242-2288,한식,2026-05-27
일반음식점,경북집,강원특별자치도 춘천시 스포츠타운길 415 (삼천동),강원특별자치도 춘천시 삼천동 156-1 , 033-251-8550,탕류(보신용),2026-05-27
일반음식점,신남불고기,강원특별자치도 춘천시 신동면 김유정로 1430-1,강원특별자치도 춘천시 신동면 증리 862-1 , 033-262-7601,한식,2026-05-27
일반음식점,라데나골프클럽(Lake),강원특별자치도 춘천시 신동면 칠전동길 72,강원특별자치도 춘천시 신동면 정족리 1007-1 , 033-260-1210,한식,2026-05-27
일반음식점,라데나골프클럽1,강원특별자치도 춘천시 신동면 칠전동길 72,강원특별자치도 춘천시 신동면 정족리 1007-1 , 033-260-1114,한식,2026-05-27
일반음식점,춘천장군봉박사마을닭갈비,강원특별자치도 춘천시 서면 금산2길 34-2,강원특별자치도 춘천시 서면 금산리 461-2 , 033-243-5356,한식,2026-05-27
일반음식점,내고향횟집,강원특별자치도 춘천시 사북면 지촌길 34,강원특별자치도 춘천시 사북면 지촌리 423-6 ,033-243-1230,횟집,2026-05-27
일반음식점,부용가든,강원특별자치도 춘천시 북산면 오봉산길 672,강원특별자치도 춘천시 북산면 청평리 666-1 , 033-244-5662,한식,2026-05-27
일반음식점,충남삼계탕,강원특별자치도 춘천시 서부대성로43번길 8 (요선동),강원특별자치도 춘천시 요선동 3-9 , 033-253-8514,한식,2026-05-27
일반음식점,김삿갓한식전문점,"강원특별자치도 춘천시 운교길 16-1, 1층 (운교동, 외2필지)",강원특별자치도 춘천시 운교동 118-4 외2필지(1층) , 033-253-1601,한식,2026-05-27
일반음식점,황쓰도깨비집숯불닭갈비,강원특별자치도 춘천시 금강로62번길 11 (조양동),강원특별자치도 춘천시 조양동 138-5 ,033-241-0052,식육(숯불구이),2026-05-27
일반음식점,풍미닭갈비,강원특별자치도 춘천시 운교길 7 (운교동),강원특별자치도 춘천시 운교동 168-10 ,033-251-9482,한식,2026-05-27
일반음식점,동부실내포장마차,"강원특별자치도 춘천시 동부시장길 8, 1층 79,80호 (운교동, 동부시장현대아파트)",강원특별자치도 춘천시 운교동 183 동부시장현대아파트 ,033-253-5305,호프/통닭,2026-05-27
일반음식점,죽림빈대떡,강원특별자치도 춘천시 명동길29번길 22 (죽림동),강원특별자치도 춘천시 죽림동 32-24 ,033-251-7116,한식,2026-05-27
일반음식점,한옥갈비,강원특별자치도 춘천시 약사고개길 17-1 (죽림동),"강원특별자치도 춘천시 죽림동 11-13 32-37,44-1 ",033-255-8862,식육(숯불구이),2026-05-27
일반음식점,상호네돼지갈비닭갈비,"강원특별자치도 춘천시 우묵들길 7, 1층 (퇴계동)",강원특별자치도 춘천시 퇴계동 1189-5 ,033-251-1170,한식,2026-05-27
일반음식점,삼형제염소탕,강원특별자치도 춘천시 소양로183번길 18 (근화동),강원특별자치도 춘천시 근화동 800-30 ,033-255-7411,한식,2026-05-27
일반음식점,대구막창,강원특별자치도 춘천시 후석로 423-1 (후평동),강원특별자치도 춘천시 후평동 715-19 ,033-252-7929,한식,2026-05-27
일반음식점,7080라이브클럽,"강원특별자치도 춘천시 삭주로 96-1, 지하1층 (후평동)",강원특별자치도 춘천시 후평동 855-2 ,033-253-9322,라이브카페,2026-05-27
일반음식점,다인,강원특별자치도 춘천시 후석로393번길 40 (후평동),강원특별자치도 춘천시 후평동 854-7 ,033-251-2935,호프/통닭,2026-05-27
일반음식점,포대인대구막창,강원특별자치도 춘천시 보안길 21 (후평동),강원특별자치도 춘천시 후평동 801-3 ,033-241-6859,한식,2026-05-27
일반음식점,돌담갈매기살,강원특별자치도 춘천시 보안길 21 (후평동),강원특별자치도 춘천시 후평동 801-3 ,,한식,2026-05-27
일반음식점,송주불냉면후평점,강원특별자치도 춘천시 후만로 79 (후평동),강원특별자치도 춘천시 후평동 801-10 ,033-255-1722,분식,2026-05-27
일반음식점,일점오닭갈비,강원특별자치도 춘천시 후만로 77 (후평동),강원특별자치도 춘천시 후평동 801-13 , 033-253-8635,식육(숯불구이),2026-05-27
일반음식점,형제숯불닭갈비,강원특별자치도 춘천시 후만로 79 (후평동),강원특별자치도 춘천시 후평동 801-10 ,,식육(숯불구이),2026-05-27
일반음식점,페리카나치킨부안체인,강원특별자치도 춘천시 후석로 261 (후평동),강원특별자치도 춘천시 후평동 832-2 ,033-256-4825,통닭(치킨),2026-05-27
일반음식점,결,강원특별자치도 춘천시 후만로 79 (후평동),강원특별자치도 춘천시 후평동 801-10 , 033-257-4646,한식,2026-05-27
일반음식점,원조남부막국수,"강원특별자치도 춘천시 춘천로 56, 1동 (효자동)",강원특별자치도 춘천시 효자동 590-6 ,033-256-7859,한식,2026-05-27
일반음식점,엄니밥상,"강원특별자치도 춘천시 약사고개길 13, 제일백화점 지하1층 13B/L4,5,6, 28B/L1,2,3,4호 (죽림동)",강원특별자치도 춘천시 죽림동 32 제일백화점 ,033-252-0916,한식,2026-05-27
일반음식점,고향마차,"강원특별자치도 춘천시 효자로 62 (효자동, 2)","강원특별자치도 춘천시 효자동 700-1 ,2 ", 033-253-8338,한식,2026-05-27
일반음식점,주동아리,강원특별자치도 춘천시 백령로138번길 26 (효자동),강원특별자치도 춘천시 효자동 628 ,,경양식,2026-05-27
일반음식점,감미옥설렁탕,"강원특별자치도 춘천시 춘천로 217, 1층 (효자동)",강원특별자치도 춘천시 효자동 744-17 1층 , 033-256-3808,한식,2026-05-27
일반음식점,옥산반점,강원특별자치도 춘천시 영서로 3067 (사농동),"강원특별자치도 춘천시 사농동 255,257-4 ",033-255-1576,중국식,2026-05-27
일반음식점,가화,강원특별자치도 춘천시 스포츠타운길 376 (삼천동),강원특별자치도 춘천시 삼천동 300-3 ,033-245-4300,중국식,2026-05-27
일반음식점,4단지닭갈비,강원특별자치도 춘천시 후만로 81 (후평동),강원특별자치도 춘천시 후평동 801-11 , 033-255-5242,한식,2026-05-27
일반음식점,맥시칸양념치킨신북점,강원특별자치도 춘천시 신북읍 율문3길 25 (1리),강원특별자치도 춘천시 신북읍 율문리 300-32 , 033-243-9634,통닭(치킨),2026-05-27
일반음식점,청해생선전문점,강원특별자치도 춘천시 동면 만천로 147-1,강원특별자치도 춘천시 동면 만천리 816-9 ,033-251-4244,한식,2026-05-27
일반음식점,한우마을,강원특별자치도 춘천시 동면 만천로 173,강원특별자치도 춘천시 동면 만천리 798-7 , 033-256-3466,한식,2026-05-27
일반음식점,원조새술막막국수,강원특별자치도 춘천시 동산면 새술막길 697 (3리),강원특별자치도 춘천시 동산면 원창리 882-1 ,033-262-1326,한식,2026-05-27
일반음식점,장모집,강원특별자치도 춘천시 동내면 순환대로 622-7,강원특별자치도 춘천시 동내면 학곡리 366-7 , 033-261-9449,한식,2026-05-27
일반음식점,횡성기사식당,강원특별자치도 춘천시 동내면 영서로 1768 (3리),강원특별자치도 춘천시 동내면 학곡리 604 ,033-261-5199,한식,2026-05-27
일반음식점,명가(매운탕),강원특별자치도 춘천시 동내면 영서로 1828-3,강원특별자치도 춘천시 동내면 학곡리 398 ,033-261-4459,한식,2026-05-27
일반음식점,추곡막국수,강원특별자치도 춘천시 남면 충효로 582,강원특별자치도 춘천시 남면 추곡리 234-1 ,033-263-3311,한식,2026-05-27
일반음식점,밤골회집,"강원특별자치도 춘천시 서면 삿갓봉길 96, 1층",강원특별자치도 춘천시 서면 오월리 97-25 , 033-244-9696,횟집,2026-05-27
일반음식점,풀장횟집,강원특별자치도 춘천시 서면 삿갓봉길 31,강원특별자치도 춘천시 서면 오월리 97-1 , 033-244-1371,횟집,2026-05-27
일반음식점,강촌힐스,"강원특별자치도 춘천시 서면 경춘로 584 (1층,2층)","강원특별자치도 춘천시 서면 안보리 641-9 (1층,2층) ", 033-263-3456,한식,2026-05-27
일반음식점,소문난횟집,강원특별자치도 춘천시 서면 박사로 211,강원특별자치도 춘천시 서면 덕두원리 43-1 ,033-244-6394,횟집,2026-05-27
일반음식점,숲,"강원특별자치도 춘천시 북산면 오봉산길 661, 1층",강원특별자치도 춘천시 북산면 청평리 667-4 외 1필지 1층 , 033-251-3028,한식,2026-05-27
일반음식점,한어울,강원특별자치도 춘천시 옥천길 35 (옥천동),강원특별자치도 춘천시 옥천동 38-2 , 033-254-2421,한식,2026-05-27
일반음식점,낙지락지,강원특별자치도 춘천시 삭주로80번길 3 (교동),강원특별자치도 춘천시 교동 154-1 ,033-242-1730,식육(숯불구이),2026-05-27
일반음식점,신만리장성,강원특별자치도 춘천시 금강로 103-1 (운교동),강원특별자치도 춘천시 운교동 168-12 ,033-252-2650,중국식,2026-05-27
일반음식점,주먹생고기,강원특별자치도 춘천시 공지로 452-8 (근화동),강원특별자치도 춘천시 근화동 711 ,033-241-2555,식육(숯불구이),2026-05-27
일반음식점,다릿목닭갈비,"강원특별자치도 춘천시 영서로 2668-8, 1.2층 (소양로1가)",강원특별자치도 춘천시 소양로1가 100-19 ,033-255-8262,식육(숯불구이),2026-05-27
일반음식점,소양강닭갈비막국수,강원특별자치도 춘천시 영서로 2668-14 (소양로1가),강원특별자치도 춘천시 소양로1가 101-2 ,033-256-6878,식육(숯불구이),2026-05-27
일반음식점,이서방양념치킨한림분점,강원특별자치도 춘천시 삭주로 126 (후평동),강원특별자치도 춘천시 후평동 842-6 , 033-251-9164,통닭(치킨),2026-05-27
일반음식점,왕소갈비,강원특별자치도 춘천시 춘천로 380 (후평동),강원특별자치도 춘천시 후평동 742-2 ,033-257-9982,식육(숯불구이),2026-05-27
일반음식점,시골밥상,강원특별자치도 춘천시 보안길 79 (후평동),강원특별자치도 춘천시 후평동 702-8 , 033-257-3677,한식,2026-05-27
일반음식점,한신각,강원특별자치도 춘천시 후석로250번길 19 (후평동),강원특별자치도 춘천시 후평동 813-10 , 033-242-6708,중국식,2026-05-27
일반음식점,투다리후평점,강원특별자치도 춘천시 후석로 296 (후평동),강원특별자치도 춘천시 후평동 794-6 , 033-257-5332,정종/대포집/소주방,2026-05-27
일반음식점,석사반점,"강원특별자치도 춘천시 효석로67번길 25, 석사근로복지아파트 (석사동)",강원특별자치도 춘천시 석사동 694-2 석사근로복지아파트 ,033-262-2354,중국식,2026-05-27
일반음식점,좌우당간,강원특별자치도 춘천시 공지로 322 (효자동),강원특별자치도 춘천시 효자동 700-5 ,033-243-0997,정종/대포집/소주방,2026-05-27
일반음식점,윤일닭갈비,"강원특별자치도 춘천시 효석로 31-1, 1층 (효자동)",강원특별자치도 춘천시 효자동 250-22 1층 ,033-262-8303,한식,2026-05-27
일반음식점,태양통닭,"강원특별자치도 춘천시 효제길 3, 2동 1층 (효자동)",강원특별자치도 춘천시 효자동 147-20 (2동1층) , 033-257-2607,호프/통닭,2026-05-27
일반음식점,어우러지,강원특별자치도 춘천시 서부대성로 247 (효자동),강원특별자치도 춘천시 효자동 632-27 ,033-256-5694,호프/통닭,2026-05-27
일반음식점,양지뜨락,"강원특별자치도 춘천시 동면 만천양지길 114, 1층",강원특별자치도 춘천시 동면 만천리 734-1 (1층) ,033-244-6690,기타,2026-05-27
일반음식점,원메밀막국수,강원특별자치도 춘천시 춘천로 197 (효자동),강원특별자치도 춘천시 효자동 641-4 , 033-256-4293,한식,2026-05-27
일반음식점,코끼리백령골,"강원특별자치도 춘천시 서부대성로 207-1, 지하1층 (효자동)",강원특별자치도 춘천시 효자동 618-5 ,033-252-6961,호프/통닭,2026-05-27
일반음식점,메바우명가춘천막국수,"강원특별자치도 춘천시 당간지주길 76, 1층 (근화동)",강원특별자치도 춘천시 근화동 798-1 1층 , 033-254-2232,한식,2026-05-27
일반음식점,찬수보쌈,강원특별자치도 춘천시 영서로 2313 (온의동),강원특별자치도 춘천시 온의동 148-4 ,033-252-8984,한식,2026-05-27
일반음식점,평양냉면,강원특별자치도 춘천시 영서로 3036 (사농동),강원특별자치도 춘천시 사농동 217-93 , 033-254-3778,한식,2026-05-27
일반음식점,이대가촌집막국수.닭갈비,강원특별자치도 춘천시 영서로 3065 (사농동),강원특별자치도 춘천시 사농동 254 ,033-242-2320,한식,2026-05-27
일반음식점,옛날맛추어탕,"강원특별자치도 춘천시 영서로 2875, 1,2층 (사농동)",강원특별자치도 춘천시 사농동 434-18 , 033-252-4116,한식,2026-05-27
일반음식점,수원성,강원특별자치도 춘천시 동면 춘천로 480,"강원특별자치도 춘천시 동면 장학리 233-3 2,산35-2 ",033-255-3242,식육(숯불구이),2026-05-27
일반음식점,파머스가든,강원특별자치도 춘천시 신북읍 신샘밭로 380,강원특별자치도 춘천시 신북읍 율문리 37-77 ,033-241-0505,기타,2026-05-27
일반음식점,두메막국수,강원특별자치도 춘천시 신북읍 배후령길 48,강원특별자치도 춘천시 신북읍 천전리 174-5 , 033-241-2202,한식,2026-05-27
일반음식점,오수물막국수,강원특별자치도 춘천시 신북읍 맥국2길 15,강원특별자치도 춘천시 신북읍 천전리 585 , 033-242-4714,한식,2026-05-27
일반음식점,소양댐숯불닭갈비,강원특별자치도 춘천시 신북읍 신샘밭로 687 (4리),강원특별자치도 춘천시 신북읍 천전리 100-4 ,033-241-5241,한식,2026-05-27
일반음식점,만천막국수,강원특별자치도 춘천시 동면 만천로 187-8,강원특별자치도 춘천시 동면 만천리 792-2 , 033-241-6714,한식,2026-05-27
일반음식점,동내기사식당,강원특별자치도 춘천시 동내면 영서로 1793 (3리),강원특별자치도 춘천시 동내면 학곡리 351-6 , 033-262-8270,통닭(치킨),2026-05-27
일반음식점,황골나루,강원특별자치도 춘천시 남면 충효로 1240,강원특별자치도 춘천시 남면 발산리 816-1 ,,한식,2026-05-27
일반음식점,대나무집신관,,강원특별자치도 춘천시 남산면 강촌리 433-1 , 033-262-0456,한식,2026-05-27
일반음식점,예인,강원특별자치도 춘천시 남산면 강촌로 30,강원특별자치도 춘천시 남산면 강촌리 산 88-1 , 033-261-0161,호프/통닭,2026-05-27
일반음식점,송학가든,강원특별자치도 춘천시 북산면 오봉산길 638,강원특별자치도 춘천시 북산면 청평리 산 186 , 033-243-1561,한식,2026-05-27
일반음식점,바탕골분식,강원특별자치도 춘천시 서부대성로48번길 20 (요선동),강원특별자치도 춘천시 요선동 14-4 ,033-254-3564,분식,2026-05-27
일반음식점,고향스넥,강원특별자치도 춘천시 봉의산길22번길 30-3 (교동),강원특별자치도 춘천시 교동 93-157 ,033-252-3609,분식,2026-05-27
일반음식점,사또설렁탕,강원특별자치도 춘천시 동면 춘천순환로 764,강원특별자치도 춘천시 동면 장학리 670-8 ,033-254-6262,한식,2026-05-27
일반음식점,희정장어구이전문가,강원특별자치도 춘천시 시청길 26 (조양동),강원특별자치도 춘천시 조양동 6-5 , 033-254-2385,한식,2026-05-27
일반음식점,아띠,강원특별자치도 춘천시 삭주로 191 (후평동),강원특별자치도 춘천시 후평동 742-8 ,033-251-4639,한식,2026-05-27
일반음식점,프라미스,강원특별자치도 춘천시 삭주로 197 (후평동),강원특별자치도 춘천시 후평동 741-12 , 033-257-2332,중국식,2026-05-27
일반음식점,골목해장국,강원특별자치도 춘천시 후석로326번길 11-7 (후평동),강원특별자치도 춘천시 후평동 429-22 ,033-255-3100,한식,2026-05-27
일반음식점,돼지두마리,강원특별자치도 춘천시 대양당길 5 (후평동),강원특별자치도 춘천시 후평동 804-10 ,033-256-1672,한식,2026-05-27
일반음식점,평화불고기,강원특별자치도 춘천시 보안길 50 (후평동),강원특별자치도 춘천시 후평동 72-1 , 033-255-1271,한식,2026-05-27
일반음식점,처갓집양념치킨부안점,강원특별자치도 춘천시 보안길 42 (후평동),강원특별자치도 춘천시 후평동 43-7 , 033-251-1677,통닭(치킨),2026-05-27
일반음식점,약사불고기,강원특별자치도 춘천시 퇴계로145번길 11-8 (퇴계동),강원특별자치도 춘천시 퇴계동 956-12 , 033-256-3139,한식,2026-05-27
일반음식점,우람식당,강원특별자치도 춘천시 춘천로68번길 10 (효자동),강원특별자치도 춘천시 효자동 683-16 , 033-241-1375,분식,2026-05-27
일반음식점,처갓집양념치킨석사점,"강원특별자치도 춘천시 후석로45번길 13, 1층 (석사동)",강원특별자치도 춘천시 석사동 654-5 , 033-262-6592,통닭(치킨),2026-05-27
일반음식점,사또호프치킨,강원특별자치도 춘천시 법원뒷길 41 (효자동),강원특별자치도 춘천시 효자동 154-9 , 033-256-7905,호프/통닭,2026-05-27
일반음식점,주원,"강원특별자치도 춘천시 춘천로204번길 54-1 (효자동, 지하)",강원특별자치도 춘천시 효자동 618-20 ,033-251-3100,정종/대포집/소주방,2026-05-27
일반음식점,큰골집,강원특별자치도 춘천시 후만로 11 (효자동),강원특별자치도 춘천시 효자동 630-32 ,033-253-0595,호프/통닭,2026-05-27
일반음식점,청송막국수,강원특별자치도 춘천시 벌말길 68 (석사동),강원특별자치도 춘천시 석사동 641 , 033-261-6788,한식,2026-05-27
일반음식점,산골손칼국수,강원특별자치도 춘천시 효석로77번길 15 (석사동),강원특별자치도 춘천시 석사동 705-10 , 033-262-2260,한식,2026-05-27
일반음식점,한상가득거두점,"강원특별자치도 춘천시 동내면 거두택지길26번길 18, 1층",강원특별자치도 춘천시 동내면 거두리 958-9 , 033-261-0350,기타,2026-05-27
일반음식점,화가마순대국,강원특별자치도 춘천시 충열로20번길 6 (우두동),강원특별자치도 춘천시 우두동 1065-7 ,033-251-3977,식육(숯불구이),2026-05-27
일반음식점,양평토속해장국,강원특별자치도 춘천시 동면 가산로 91,강원특별자치도 춘천시 동면 지내리 236-6 ,033-242-3501,한식,2026-05-27
일반음식점,농가,강원특별자치도 춘천시 신북읍 신샘밭로 622-5,강원특별자치도 춘천시 신북읍 천전리 672-22 ,033-242-4859,식육(숯불구이),2026-05-27
일반음식점,통나무집닭갈비,강원특별자치도 춘천시 신북읍 신샘밭로 763,강원특별자치도 춘천시 신북읍 천전리 38-26 , 033-241-5999,식육(숯불구이),2026-05-27
일반음식점,유포리막국수,강원특별자치도 춘천시 신북읍 맥국2길 123 (외2필지),강원특별자치도 춘천시 신북읍 유포리 62-2 , 033-242-5168,한식,2026-05-27
일반음식점,물레방아,강원특별자치도 춘천시 신북읍 율문길 81-4 (5리),강원특별자치도 춘천시 신북읍 율문리 285-5 ,033-242-7747,한식,2026-05-27
일반음식점,화덕생선구이청아랑,"강원특별자치도 춘천시 동면 만천로 81, 1층",강원특별자치도 춘천시 동면 만천리 589-4 ,033-253-3792,한식,2026-05-27
일반음식점,하주골,강원특별자치도 춘천시 동면 만천로 163,강원특별자치도 춘천시 동면 만천리 807-4 , 033-256-7963,한식,2026-05-27
일반음식점,강촌토종닭갈비,강원특별자치도 춘천시 남산면 강촌로 97,강원특별자치도 춘천시 남산면 강촌리 250-1 , 033-261-5949,한식,2026-05-27
일반음식점,강촌스넥,강원특별자치도 춘천시 남산면 강촌로 60-1,강원특별자치도 춘천시 남산면 강촌리 227-54 ,033-262-7600,분식,2026-05-27
일반음식점,햇고을,강원특별자치도 춘천시 남산면 햇골길 30,강원특별자치도 춘천시 남산면 서천리 632-2 , 033-263-9282,한식,2026-05-27
일반음식점,박사촌,강원특별자치도 춘천시 서면 삿갓봉길 42,강원특별자치도 춘천시 서면 오월리 97-40 (1리) , 033-244-8891,횟집,2026-05-27
일반음식점,태봉골막국수,강원특별자치도 춘천시 서면 박사로 771,강원특별자치도 춘천시 서면 현암리 543-1 (2리) , 033-243-9596,한식,2026-05-27
일반음식점,고탄막국수,강원특별자치도 춘천시 사북면 춘화로 495-2,강원특별자치도 춘천시 사북면 고탄리 208-2 ,033-244-2733,한식,2026-05-27
일반음식점,호수식당,강원특별자치도 춘천시 북산면 오봉산길 658,강원특별자치도 춘천시 북산면 청평리 667-1 ,033-244-3452,한식,2026-05-27
일반음식점,요선수다방,강원특별자치도 춘천시 서부대성로48번길 20 (요선동),강원특별자치도 춘천시 요선동 14-4 ,,한식,2026-05-27
일반음식점,왕릉숯불갈비,강원특별자치도 춘천시 소양로163번길 36 (소양로2가),강원특별자치도 춘천시 소양로2가 176-1 , 033-251-5019,한식,2026-05-27
일반음식점,토종한우곱창,강원특별자치도 춘천시 중앙로107번길 13 (중앙로3가),강원특별자치도 춘천시 중앙로3가 23-55 , 033-241-9295,분식,2026-05-27
일반음식점,투다리그린점,강원특별자치도 춘천시 춘천로281번길 1 (후평동),강원특별자치도 춘천시 후평동 684-14 ,033-253-2355,정종/대포집/소주방,2026-05-27
일반음식점,바이킹,강원특별자치도 춘천시 삭주로 132-1 (후평동),강원특별자치도 춘천시 후평동 711-26 , 033-241-0143,정종/대포집/소주방,2026-05-27
일반음식점,풍물옹심이칼국수(후평점),"강원특별자치도 춘천시 춘천로 344, 1층 (후평동)",강원특별자치도 춘천시 후평동 728-3 ,033-253-7437,한식,2026-05-27
일반음식점,꿈꾸는포차,강원특별자치도 춘천시 보안길 4 (후평동),강원특별자치도 춘천시 후평동 804-11 ,033-242-8319,정종/대포집/소주방,2026-05-27
일반음식점,보안삼거리집,"강원특별자치도 춘천시 후석로 342, 나동 (후평동)",강원특별자치도 춘천시 후평동 702 나동 , 033-242-9955,한식,2026-05-27
일반음식점,솥뚜껑감자탕,강원특별자치도 춘천시 수풍골길 10 (후평동),강원특별자치도 춘천시 후평동 95-5 , 033-252-5565,한식,2026-05-27
일반음식점,따봉한우곱창후평점,강원특별자치도 춘천시 세실로208번길 7-4 (후평동),강원특별자치도 춘천시 후평동 872-6 ,033-242-9997,정종/대포집/소주방,2026-05-27
일반음식점,개코네풍천장어,강원특별자치도 춘천시 보안길 12 (후평동),강원특별자치도 춘천시 후평동 804-18 , 033-253-7272,한식,2026-05-27
일반음식점,경화루,강원특별자치도 춘천시 효자로 72 (효자동),강원특별자치도 춘천시 효자동 669-11 ,033-242-5301,중국식,2026-05-27
일반음식점,서울녹각삼계탕,강원특별자치도 춘천시 효석로 29 (효자동),강원특별자치도 춘천시 효자동 302-40 , 033-262-9288,한식,2026-05-27
일반음식점,봉수닭갈비,"강원특별자치도 춘천시 서부대성로227번길 3-1, 1층 (효자동)",강원특별자치도 춘천시 효자동 626-14 1층 ,033-252-8136,식육(숯불구이),2026-05-27
일반음식점,신깡통뒷고기춘천강원대점,강원특별자치도 춘천시 백령로138번길 18 (효자동),강원특별자치도 춘천시 효자동 626-16 ,033-252-5838,기타,2026-05-27
일반음식점,이타리아떡볶이,강원특별자치도 춘천시 서부대성로206번길 19 (효자동),강원특별자치도 춘천시 효자동 769 ,033-257-7275,분식,2026-05-27
일반음식점,장안돌구이,"강원특별자치도 춘천시 후석로46번길 10, 1층 (석사동)",강원특별자치도 춘천시 석사동 663-2 (1층) ,033-263-8585,식육(숯불구이),2026-05-27
일반음식점,왕가,강원특별자치도 춘천시 석사길 15 (석사동),강원특별자치도 춘천시 석사동 667-2 , 033-261-0559,한식,2026-05-27
일반음식점,영구네식당,강원특별자치도 춘천시 외솔길 24 (석사동),강원특별자치도 춘천시 석사동 111-8 ,033-262-8282,한식,2026-05-27
일반음식점,일미곱창,강원특별자치도 춘천시 김유정로 1852-1 (퇴계동),강원특별자치도 춘천시 퇴계동 156-11 ,033-264-5399,식육(숯불구이),2026-05-27
일반음식점,퇴계막국수,강원특별자치도 춘천시 영서로 2231 (퇴계동),강원특별자치도 춘천시 퇴계동 593-17 , 033-255-3332,한식,2026-05-27
일반음식점,마포돼지갈비사농동,"강원특별자치도 춘천시 영서로 2847-4, 1층 (사농동)",강원특별자치도 춘천시 사농동 75-13 (1층) ,033-256-9797,한식,2026-05-27
일반음식점,마인드치킨,"강원특별자치도 춘천시 남산면 한치로 88, 1층",강원특별자치도 춘천시 남산면 창촌리 74-1 , 033-262-4857,통닭(치킨),2026-05-27
일반음식점,만리장성,강원특별자치도 춘천시 신북읍 율문길 72,강원특별자치도 춘천시 신북읍 율문리 552-1 , 033-243-1213,중국식,2026-05-27
일반음식점,양반청국장막국수,강원특별자치도 춘천시 신북읍 배후령길 71,강원특별자치도 춘천시 신북읍 천전리 261-1 , 033-242-0649,한식,2026-05-27
일반음식점,시골보리밥,강원특별자치도 춘천시 신북읍 율문길 65,"강원특별자치도 춘천시 신북읍 율문리 553-39 ,553-17 ", 033-243-8218,한식,2026-05-27
일반음식점,금대골,"강원특별자치도 춘천시 동면 금촌로 250-1, 1층",강원특별자치도 춘천시 동면 만천리 60 (3리) ,033-254-5582,한식,2026-05-27
일반음식점,옥골막국수,강원특별자치도 춘천시 동면 지내양지길 68,강원특별자치도 춘천시 동면 지내리 67-1 , 033-241-7988,한식,2026-05-27
일반음식점,대추나무막국수,강원특별자치도 춘천시 동면 연산골길 96,강원특별자치도 춘천시 동면 감정리 530 , 033-242-5822,한식,2026-05-27
일반음식점,세월교푸줏간,강원특별자치도 춘천시 동면 금옥길 481,강원특별자치도 춘천시 동면 월곡리 439 ,033-242-0900,한식,2026-05-27
일반음식점,원용식당,강원특별자치도 춘천시 동면 가락재로 1337,강원특별자치도 춘천시 동면 상걸리 289-2 , 033-254-5516,한식,2026-05-27
일반음식점,무공해식당,강원특별자치도 춘천시 남면 충효로 1350,강원특별자치도 춘천시 남면 가정리 875-4 ,033-263-1965,한식,2026-05-27
일반음식점,양지촌,강원특별자치도 춘천시 남산면 서천길 145,강원특별자치도 춘천시 남산면 서천리 338-14 ,033-263-1201,한식,2026-05-27
일반음식점,광판순두부,강원특별자치도 춘천시 남산면 김유정로 167,강원특별자치도 춘천시 남산면 광판리 637-1 , 033-264-0098,한식,2026-05-27
일반음식점,강원감자탕,강원특별자치도 춘천시 남산면 김유정로 322,강원특별자치도 춘천시 남산면 광판리 102 ,033-263-9244,한식,2026-05-27
일반음식점,향토오리집,강원특별자치도 춘천시 남산면 강촌구곡길 17,강원특별자치도 춘천시 남산면 강촌리 335-2 , 033-261-5940,한식,2026-05-27
일반음식점,청룡뿌리,강원특별자치도 춘천시 서면 경춘로 635,강원특별자치도 춘천시 서면 안보리 178 , 033-263-3800,한식,2026-05-27
일반음식점,원두막식당,강원특별자치도 춘천시 서면 박사로 815,강원특별자치도 춘천시 서면 현암리 295 , 033-243-1244,한식,2026-05-27
일반음식점,평남횟집,강원특별자치도 춘천시 서면 삿갓봉길 26,강원특별자치도 춘천시 서면 오월리 96-2 (1리) , 033-244-2379,횟집,2026-05-27
일반음식점,용화산막국수,강원특별자치도 춘천시 사북면 춘화로 552 (2리),강원특별자치도 춘천시 사북면 고탄리 109-6 ,033-256-0188,한식,2026-05-27
일반음식점,춘천호,강원특별자치도 춘천시 사북면 춘화로 350-14,강원특별자치도 춘천시 사북면 고탄리 545 , 033-243-4904,한식,2026-05-27
일반음식점,호수마을,강원특별자치도 춘천시 사북면 원평길 36-49,강원특별자치도 춘천시 사북면 원평리 373-1 , 033-243-3307,한식,2026-05-27
일반음식점,갤러리팜관광농원,강원특별자치도 춘천시 북산면 신샘밭로 1158,강원특별자치도 춘천시 북산면 청평리 486-1 , 033-242-4555,한식,2026-05-27
일반음식점,유성가든,강원특별자치도 춘천시 북산면 북산로 5-16,강원특별자치도 춘천시 북산면 추곡리 169-16 , 033-244-1508,한식,2026-05-27
일반음식점,한솥도시락한림대앞점,강원특별자치도 춘천시 삭주로 68 (교동),강원특별자치도 춘천시 교동 158-1 ,033-242-4333,김밥(도시락),2026-05-27
일반음식점,유미닭갈비,강원특별자치도 춘천시 금강로62번길 12 (조양동),강원특별자치도 춘천시 조양동 51-9 ,033-252-4986,식육(숯불구이),2026-05-27
일반음식점,현대뚝배기,강원특별자치도 춘천시 후석로455번길 55-3 (후평동),강원특별자치도 춘천시 후평동 714-7 ,033-255-5852,한식,2026-05-27
일반음식점,작은집,강원특별자치도 춘천시 삭주로 189 (후평동),강원특별자치도 춘천시 후평동 742-26 ,033-254-7762,식육(숯불구이),2026-05-27
일반음식점,보안냉동삼겹살,강원특별자치도 춘천시 보안길 50-1 (후평동),강원특별자치도 춘천시 후평동 72 ,,식육(숯불구이),2026-05-27
일반음식점,은하수야식,"강원특별자치도 춘천시 부안길6번길 34 (후평동, 1층 우측)",강원특별자치도 춘천시 후평동 796-1 , 033-242-1023,분식,2026-05-27
일반음식점,한신식당,강원특별자치도 춘천시 부평길 5 (후평동),강원특별자치도 춘천시 후평동 24-11 ,033-241-4494,한식,2026-05-27
일반음식점,후평각,강원특별자치도 춘천시 춘천로 292 (후평동),강원특별자치도 춘천시 후평동 687-13 ,033-254-2049,중국식,2026-05-27
일반음식점,멕시칸치킨후평3분점,"강원특별자치도 춘천시 춘천로296번길 18 (후평동, 1층)",강원특별자치도 춘천시 후평동 689-11 , 033-256-1498,통닭(치킨),2026-05-27
일반음식점,정가네소내장탕,강원특별자치도 춘천시 부평길8번길 1 (후평동),강원특별자치도 춘천시 후평동 833-9 ,033-241-3841,한식,2026-05-27
일반음식점,삼겹천하,강원특별자치도 춘천시 세실로 212 (후평동),강원특별자치도 춘천시 후평동 869-8 , 033-242-2128,한식,2026-05-27
일반음식점,쌩,강원특별자치도 춘천시 후석로 242-1 (후평동),강원특별자치도 춘천시 후평동 891-4 ,033-255-7242,식육(숯불구이),2026-05-27
일반음식점,달빛포차,"강원특별자치도 춘천시 춘천로 239-1 (효자동, 1층)",강원특별자치도 춘천시 효자동 751-11 ,070-4046-3965,호프/통닭,2026-05-27
일반음식점,향원식당,강원특별자치도 춘천시 효석로9번길 9 (효자동),강원특별자치도 춘천시 효자동 302-57 ,,한식,2026-05-27
일반음식점,충남식당,강원특별자치도 춘천시 공지로242번길 8-2 (효자동),강원특별자치도 춘천시 효자동 330-10 , 033-262-3421,한식,2026-05-27
일반음식점,주영이네,강원특별자치도 춘천시 효자로 147 (효자동),강원특별자치도 춘천시 효자동 657-16 ,033-252-8992,한식,2026-05-27
일반음식점,채가네순대국,"강원특별자치도 춘천시 서부대성로 130, 1층 우측호 (운교동)",강원특별자치도 춘천시 운교동 186-10 ,033-252-1185,한식,2026-05-27
일반음식점,카페모락,강원특별자치도 춘천시 춘천로204번길 56-1 (효자동),강원특별자치도 춘천시 효자동 618-18 ,033-254-8800,한식,2026-05-27
일반음식점,춘향,"강원특별자치도 춘천시 서부대성로239번길 7, 1층 (효자동)",강원특별자치도 춘천시 효자동 629-5 (1층) ,033-242-1990,한식,2026-05-27
일반음식점,원앙닭갈비,강원특별자치도 춘천시 벌말길 94 (석사동),강원특별자치도 춘천시 석사동 696-5 , 033-262-8882,한식,2026-05-27
일반음식점,투다리석사점,강원특별자치도 춘천시 벌말길 91 (석사동),강원특별자치도 춘천시 석사동 697 , 033-261-7325,정종/대포집/소주방,2026-05-27
일반음식점,진수성찬,강원특별자치도 춘천시 후석로45번길 7 (석사동),강원특별자치도 춘천시 석사동 654-9 , 033-253-9218,한식,2026-05-27
일반음식점,담온,"강원특별자치도 춘천시 벌말길 62, 1층 (석사동)",강원특별자치도 춘천시 석사동 641-7 ,033-261-3572,한식,2026-05-27
일반음식점,석사왕막걸리,강원특별자치도 춘천시 후석로59번길 16-14 (석사동),강원특별자치도 춘천시 석사동 648-14 ,033-261-3572,호프/통닭,2026-05-27
일반음식점,미스타빈,강원특별자치도 춘천시 애막골길7번길 26-1 (석사동),강원특별자치도 춘천시 석사동 736-16 , 033-263-1033,호프/통닭,2026-05-27
일반음식점,달빛주막,강원특별자치도 춘천시 행촌로32번길 6 (퇴계동),강원특별자치도 춘천시 퇴계동 903-2 ,,정종/대포집/소주방,2026-05-27
일반음식점,장군닭갈비,강원특별자치도 춘천시 춘주로147번길 12-6 (퇴계동),강원특별자치도 춘천시 퇴계동 912-1 , 033-241-8342,한식,2026-05-27
일반음식점,하나로반점,강원특별자치도 춘천시 안마산로 213 (퇴계동),강원특별자치도 춘천시 퇴계동 79 , 033-261-1122,중국식,2026-05-27
일반음식점,천하일미퇴계점,강원특별자치도 춘천시 행촌로32번길 5-3 (퇴계동),강원특별자치도 춘천시 퇴계동 902-6 ,033-251-9933,한식,2026-05-27
일반음식점,남춘천닭갈비,강원특별자치도 춘천시 충혼길5번길 4-3 (퇴계동),강원특별자치도 춘천시 퇴계동 876-6 , 033-242-4947,한식,2026-05-27
일반음식점,처갓집양념치킨퇴계점,강원특별자치도 춘천시 행촌로32번길 16 (퇴계동),강원특별자치도 춘천시 퇴계동 914-4 , 033-256-5149,통닭(치킨),2026-05-27
일반음식점,백제추어탕,강원특별자치도 춘천시 행촌로 55-6 (퇴계동),강원특별자치도 춘천시 퇴계동 593-15 ,,한식,2026-05-27
일반음식점,형제잔치이벤트,"강원특별자치도 춘천시 행촌로32번길 13, 1층 (퇴계동)",강원특별자치도 춘천시 퇴계동 913-6 , 033-255-4113,한식,2026-05-27
일반음식점,춘천함가네닭갈비,강원특별자치도 춘천시 영서로 2347 (온의동),강원특별자치도 춘천시 온의동 65-33 , 033-242-6355,식육(숯불구이),2026-05-27
일반음식점,황소닭갈비,강원특별자치도 춘천시 안마산로 26 (온의동),강원특별자치도 춘천시 온의동 329-1 , 033-254-3040,식육(숯불구이),2026-05-27
일반음식점,꽃피는산골,강원특별자치도 춘천시 송암길 17-8 (송암동),강원특별자치도 춘천시 송암동 205-2 ,033-263-4747,한식,2026-05-27
일반음식점,우물정,강원특별자치도 춘천시 영서로 3016 (사농동),강원특별자치도 춘천시 사농동 675 , 033-242-6498,한식,2026-05-27
일반음식점,옛날집,"강원특별자치도 춘천시 충열로 264-4, 1층 (우두동)",강원특별자치도 춘천시 우두동 561-2 , 033-242-0359,탕류(보신용),2026-05-27
일반음식점,신동뚝배기염소탕,,강원특별자치도 춘천시 신동 812-4 외 2필지 ,033-243-8050,한식,2026-05-27
일반음식점,"일번가막국수,닭갈비",강원특별자치도 춘천시 신북읍 신샘밭로 771,강원특별자치도 춘천시 신북읍 천전리 38-30 ,033-241-5505,식육(숯불구이),2026-05-27
일반음식점,봉림반점,강원특별자치도 춘천시 신북읍 신샘밭로 576,강원특별자치도 춘천시 신북읍 천전리 718-7 , 033-241-1641,중국식,2026-05-27
일반음식점,장터뚝배기,강원특별자치도 춘천시 신북읍 율문3길 18-3,강원특별자치도 춘천시 신북읍 율문리 300-7 , 033-251-8481,한식,2026-05-27
일반음식점,병천전통순대,"강원특별자치도 춘천시 동면 한솔만천로 35, 1층",강원특별자치도 춘천시 동면 만천리 305-3 ,033-244-0082,한식,2026-05-27
일반음식점,가락재정상쉼터,강원특별자치도 춘천시 동면 가락재로 1662,강원특별자치도 춘천시 동면 상걸리 산 53-3 , 033-244-9632,한식,2026-05-27
일반음식점,한솥도시락한림성심대점,강원특별자치도 춘천시 동면 장학길 29,강원특별자치도 춘천시 동면 장학리 789-77 , 033-242-5034,김밥(도시락),2026-05-27
일반음식점,산골쉼터,강원특별자치도 춘천시 동면 가락재로 1514,강원특별자치도 춘천시 동면 상걸리 134-1 , 033-244-8760,한식,2026-05-27
일반음식점,군자숯불닭갈비,강원특별자치도 춘천시 동산면 종자리로 148-6,강원특별자치도 춘천시 동산면 군자리 1072-1 , 033-263-0668,한식,2026-05-27
일반음식점,은파정,강원특별자치도 춘천시 동산면 영서로 287-17 (1리),강원특별자치도 춘천시 동산면 조양리 317-3 , 033-261-2731,한식,2026-05-27
일반음식점,돌집식당,강원특별자치도 춘천시 남면 한덕발산길 16-8,강원특별자치도 춘천시 남면 한덕리 612-2 ,033-263-2888,한식,2026-05-27
일반음식점,브루조아,강원특별자치도 춘천시 남산면 오양골길 125,강원특별자치도 춘천시 남산면 강촌리 509-3 , 033-261-8214,한식,2026-05-27
일반음식점,문배마을문배집,"강원특별자치도 춘천시 남산면 강촌문배길 496, 1층",강원특별자치도 춘천시 남산면 강촌리 454 , 033-262-9988,한식,2026-05-27
일반음식점,도원,강원특별자치도 춘천시 남산면 서천길 159-1,강원특별자치도 춘천시 남산면 서천리 298-21 ,033-262-1319,호프/통닭,2026-05-27
일반음식점,234산장가든,강원특별자치도 춘천시 남산면 서백길 86-9,강원특별자치도 춘천시 남산면 서천리 234 , 033-263-2523,한식,2026-05-27
일반음식점,산채마을,강원특별자치도 춘천시 서면 영서로 3865,강원특별자치도 춘천시 서면 오월리 100-1 (1리) , 033-243-2566,한식,2026-05-27
일반음식점,능골엄나무토종닭,강원특별자치도 춘천시 서면 경춘로 657-18,강원특별자치도 춘천시 서면 안보리 182-2 ,033-263-1751,한식,2026-05-27
일반음식점,의암닭갈비,강원특별자치도 춘천시 서면 경춘로 1517-5 (2리),강원특별자치도 춘천시 서면 덕두원리 66-1 , 033-262-3004,한식,2026-05-27
일반음식점,장산골,강원특별자치도 춘천시 서면 박사로 1226-4 (3리),강원특별자치도 춘천시 서면 신매리 168-1 , 033-243-7548,한식,2026-05-27
일반음식점,신매닭갈비막국수,강원특별자치도 춘천시 서면 박사로 1409-4,강원특별자치도 춘천시 서면 신매리 488-2 ,033-244-7791,한식,2026-05-27
일반음식점,회양횟집,"강원특별자치도 춘천시 서면 삿갓봉길 21, 1층",강원특별자치도 춘천시 서면 오월리 96-1 1층 ,033-244-2172,횟집,2026-05-27
일반음식점,명월촌오리집,강원특별자치도 춘천시 서면 명월길 259,강원특별자치도 춘천시 서면 덕두원리 567 , 033-244-8961,한식,2026-05-27
일반음식점,밴클럽,"강원특별자치도 춘천시 신북읍 서원말길 8, 1층",강원특별자치도 춘천시 신북읍 용산리 682-3 ,033-242-2070,한식,2026-05-27
일반음식점,초설식당,강원특별자치도 춘천시 사북면 춘화로 765 (2리),강원특별자치도 춘천시 사북면 고성리 310-2 , 033-243-9754,한식,2026-05-27
일반음식점,강변식당,강원특별자치도 춘천시 사북면 화악지암길 785,강원특별자치도 춘천시 사북면 지암리 1-1 ,033-243-0114,한식,2026-05-27
일반음식점,갓골가든,강원특별자치도 춘천시 사북면 화악지암길 765,강원특별자치도 춘천시 사북면 지암리 4-1 , 033-243-8802,한식,2026-05-27
일반음식점,숲속의쉼터,강원특별자치도 춘천시 사북면 화악지암길 686-1,강원특별자치도 춘천시 사북면 지암리 68-1 , 033-243-1376,한식,2026-05-27
일반음식점,가족쉼터,강원특별자치도 춘천시 사북면 화악지암길 686-10,강원특별자치도 춘천시 사북면 지암리 68-13 ,033-243-6672,한식,2026-05-27
일반음식점,지암가든,강원특별자치도 춘천시 사북면 화악지암길 600-3,강원특별자치도 춘천시 사북면 지암리 127-2 , 033-244-1412,한식,2026-05-27
일반음식점,풍전가든,강원특별자치도 춘천시 사북면 화악지암길 600-67,강원특별자치도 춘천시 사북면 지암리 54-1 , 033-243-1324,한식,2026-05-27
일반음식점,명신시골밥상,강원특별자치도 춘천시 북산면 추곡약수길 99,강원특별자치도 춘천시 북산면 추곡리 116 , 033-243-1516,한식,2026-05-27
일반음식점,미미스낵,강원특별자치도 춘천시 중앙로 106 (낙원동),강원특별자치도 춘천시 낙원동 118-8 , 033-241-1015,분식,2026-05-27
일반음식점,뜨락,강원특별자치도 춘천시 서부대성로48번길 18 (요선동),강원특별자치도 춘천시 요선동 14-3 , 033-256-1222,한식,2026-05-27
일반음식점,춘천산더덕숯불닭갈비,"강원특별자치도 춘천시 낙원길 34-1, 1층 (중앙로2가)",강원특별자치도 춘천시 중앙로2가 80 , 033-241-3826,식육(숯불구이),2026-05-27
일반음식점,스토리,"강원특별자치도 춘천시 시청길10번길 4-2 (조양동, 성림빌딩8층)",강원특별자치도 춘천시 조양동 26-1 ,033-244-5114,호프/통닭,2026-05-27
일반음식점,대복소갈비살,강원특별자치도 춘천시 동부시장길 8-4 (운교동),강원특별자치도 춘천시 운교동 182 , 033-244-0292,한식,2026-05-27
일반음식점,청진동감자탕,"강원특별자치도 춘천시 가연길5번길 41-6 (근화동, 1층)",강원특별자치도 춘천시 근화동 706-3 , 033-244-8788,탕류(보신용),2026-05-27
일반음식점,큰집한우,"강원특별자치도 춘천시 서부대성로 135, 2층 (운교동)",강원특별자치도 춘천시 운교동 188-4 , 033-241-3944,식육(숯불구이),2026-05-27
일반음식점,중앙식당,강원특별자치도 춘천시 명동길 44 (중앙로3가),강원특별자치도 춘천시 중앙로3가 60-6 ,033-241-4343,한식,2026-05-27
일반음식점,차칸통닭,강원특별자치도 춘천시 공지로441번길 6 (근화동),강원특별자치도 춘천시 근화동 284-16 ,033-244-4793,호프/통닭,2026-05-27
일반음식점,장미공원화로숯불구이,강원특별자치도 춘천시 영서로 2550 (근화동),강원특별자치도 춘천시 근화동 595-1 , 033-257-9559,식육(숯불구이),2026-05-27
일반음식점,오필승닭발근화점,강원특별자치도 춘천시 공지로441번길 7 (근화동),강원특별자치도 춘천시 근화동 288-24 ,033-241-5725,식육(숯불구이),2026-05-27
일반음식점,춘천별미닭갈비,강원특별자치도 춘천시 삭주로108번길 5 (후평동),강원특별자치도 춘천시 후평동 848-1 , 033-255-0591,한식,2026-05-27
일반음식점,또와닭발,"강원특별자치도 춘천시 세실로 196-1, 1층 (후평동)",강원특별자치도 춘천시 후평동 878-10 , 033-254-3530,정종/대포집/소주방,2026-05-27
일반음식점,영구네통닭,"강원특별자치도 춘천시 춘천로407번길 24-1, 1층 (후평동)",강원특별자치도 춘천시 후평동 229-14 , 033-257-2005,통닭(치킨),2026-05-27
일반음식점,가고파닭발,"강원특별자치도 춘천시 후석로 421, 1층 (후평동)",강원특별자치도 춘천시 후평동 715-28 1층 , 033-253-7739,분식,2026-05-27
일반음식점,미나네,강원특별자치도 춘천시 춘천로310번길 35 (후평동),강원특별자치도 춘천시 후평동 689-25 , 033-257-4970,한식,2026-05-27
일반음식점,림스치킨춘천1호점,강원특별자치도 춘천시 후석로 251-1 (후평동),강원특별자치도 춘천시 후평동 832-9 , 033-241-6471,통닭(치킨),2026-05-27
일반음식점,타임,"강원특별자치도 춘천시 후석로 263 (후평동, 2층)",강원특별자치도 춘천시 후평동 838-11 ,033-243-4575,호프/통닭,2026-05-27
일반음식점,애막골횟집,강원특별자치도 춘천시 세실로192번길 8-8 (후평동),강원특별자치도 춘천시 후평동 882-3 ,033-251-7775,횟집,2026-05-27
일반음식점,원조마늘통닭집,강원특별자치도 춘천시 후만로116번길 14 (후평동),강원특별자치도 춘천시 후평동 870 ,033-251-9942,통닭(치킨),2026-05-27
일반음식점,꼬지사께 후평점,강원특별자치도 춘천시 보안길 55 (후평동),강원특별자치도 춘천시 후평동 700-2 ,033-244-0123,정종/대포집/소주방,2026-05-27
일반음식점,오필승닭발우미린점,강원특별자치도 춘천시 보안길 21 (후평동),강원특별자치도 춘천시 후평동 801-3 ,033-251-7009,한식,2026-05-27
일반음식점,후평주막,강원특별자치도 춘천시 세실로 218-1 (후평동),강원특별자치도 춘천시 후평동 869-13 ,,정종/대포집/소주방,2026-05-27
일반음식점,마님,강원특별자치도 춘천시 영서로 2352-20 (온의동),강원특별자치도 춘천시 온의동 29-3 , 033-255-6028,분식,2026-05-27
일반음식점,피제이,"강원특별자치도 춘천시 후석로45번길 33, 지하1층 (석사동)",강원특별자치도 춘천시 석사동 707 , 033-261-3053,기타,2026-05-27
일반음식점,우리식당,강원특별자치도 춘천시 남춘로55번길 3 (효자동),강원특별자치도 춘천시 효자동 711-18 ,033-255-7123,한식,2026-05-27
일반음식점,기륜각,강원특별자치도 춘천시 서부대성로239번길 29 (효자동),강원특별자치도 춘천시 효자동 17-8 ,033-254-1694,중국식,2026-05-27
일반음식점,그린닭갈비,"강원특별자치도 춘천시 서부대성로239번길 29, 1층 (효자동)",강원특별자치도 춘천시 효자동 17-8 , 033-252-3632,한식,2026-05-27
일반음식점,만석식당(강원대점),강원특별자치도 춘천시 백령로138번길 35 (효자동),강원특별자치도 춘천시 효자동 629-15 ,033-241-5492,한식,2026-05-27
일반음식점,부촌식당해장국,강원특별자치도 춘천시 춘천로213번길 4 (효자동),강원특별자치도 춘천시 효자동 744-2 ,033-241-6024,한식,2026-05-27
일반음식점,강대곱창타운,강원특별자치도 춘천시 백령로138번길 34 (효자동),강원특별자치도 춘천시 효자동 628-12 ,033-254-9239,호프/통닭,2026-05-27
일반음식점,우리정육식당,강원특별자치도 춘천시 우석로67번길 21 (석사동),강원특별자치도 춘천시 석사동 750-1 ,033-261-2153,식육(숯불구이),2026-05-27
일반음식점,품애,강원특별자치도 춘천시 애막골길7번길 30 (석사동),강원특별자치도 춘천시 석사동 736-18 ,,정종/대포집/소주방,2026-05-27
일반음식점,팔도한방오리,강원특별자치도 춘천시 효석로 27 (효자동),강원특별자치도 춘천시 효자동 302-39 ,033-264-9245,식육(숯불구이),2026-05-27
일반음식점,5.5닭갈비,강원특별자치도 춘천시 남춘로 33 (퇴계동),강원특별자치도 춘천시 퇴계동 343-12 , 033-254-8327,한식,2026-05-27
일반음식점,네네치킨(퇴계점),"강원특별자치도 춘천시 춘주로187번길 20-4, 1층 (퇴계동)",강원특별자치도 춘천시 퇴계동 897-13 1층 ,033-252-8119,통닭(치킨),2026-05-27
일반음식점,퇴계자연석돌구이,강원특별자치도 춘천시 충혼길5번길 1 (퇴계동),강원특별자치도 춘천시 퇴계동 875-1 ,033-255-5933,한식,2026-05-27
일반음식점,퇴계보디가드,강원특별자치도 춘천시 행촌로 53 (퇴계동),강원특별자치도 춘천시 퇴계동 888-1 , 033-253-8259,호프/통닭,2026-05-27
일반음식점,미가쭈꾸미퇴계점,강원특별자치도 춘천시 행촌로32번길 5-6 (퇴계동),강원특별자치도 춘천시 퇴계동 904-8 ,033-252-3671,한식,2026-05-27
일반음식점,페리카나퇴계점,"강원특별자치도 춘천시 행촌로32번길 5-6, 1층 (퇴계동)",강원특별자치도 춘천시 퇴계동 904-8 , 033-255-0504,통닭(치킨),2026-05-27
일반음식점,팔도숯불구이,강원특별자치도 춘천시 춘주로92번길 9-3 (온의동),강원특별자치도 춘천시 온의동 539-5 ,033-242-5885,식육(숯불구이),2026-05-27
일반음식점,팔도해장국,"강원특별자치도 춘천시 영서로2279번길 24, 1층 (온의동)",강원특별자치도 춘천시 온의동 514-3 , 033-253-8797,한식,2026-05-27
일반음식점,배나무집툇골오리,강원특별자치도 춘천시 경춘로 2297-33 (온의동),강원특별자치도 춘천시 온의동 261 ,033-263-1887,식육(숯불구이),2026-05-27
일반음식점,7080위드유,강원특별자치도 춘천시 영서로2753번길 4 (우두동),강원특별자치도 춘천시 우두동 1052-15 , 033-251-8949,한식,2026-05-27
일반음식점,투다리강변점,강원특별자치도 춘천시 충열로 14 (우두동),강원특별자치도 춘천시 우두동 1066-1 , 033-242-3484,호프/통닭,2026-05-27
일반음식점,보양오리숯불구이,강원특별자치도 춘천시 충열로16번길 4 (우두동),강원특별자치도 춘천시 우두동 1066-2 ,033-257-0605,한식,2026-05-27
일반음식점,하늘강,"강원특별자치도 춘천시 충열로16번길 3 (우두동, 지하1층)",강원특별자치도 춘천시 우두동 1065-1 ,033-241-7037,호프/통닭,2026-05-27
일반음식점,페리카나치킨사우점,강원특별자치도 춘천시 영서로 2818 (사농동),강원특별자치도 춘천시 사농동 89-15 ,033-251-9794,통닭(치킨),2026-05-27
일반음식점,사우진미닭갈비,강원특별자치도 춘천시 충열로16번길 21-13 (우두동),강원특별자치도 춘천시 우두동 1062-11 ,033-256-7850,식육(숯불구이),2026-05-27
일반음식점,한방장수왕족발,강원특별자치도 춘천시 충열로16번길 27-1 (우두동),강원특별자치도 춘천시 우두동 1061-14 , 033-254-6619,한식,2026-05-27
일반음식점,여우고개막국수,강원특별자치도 춘천시 신샘밭로 258 (신동),강원특별자치도 춘천시 신동 2-4 ,033-255-1118,한식,2026-05-27
일반음식점,감자탕,강원특별자치도 춘천시 부평길8번길 1 (후평동),강원특별자치도 춘천시 후평동 833-9 , 033-252-2988,한식,2026-05-27
일반음식점,슬기둥,강원특별자치도 춘천시 신북읍 신샘밭로 450,강원특별자치도 춘천시 신북읍 율문리 37-32 , 033-242-2342,호프/통닭,2026-05-27
일반음식점,다리골추어탕,강원특별자치도 춘천시 신북읍 신샘밭로 580-8,강원특별자치도 춘천시 신북읍 천전리 718-9 , 033-241-9333,한식,2026-05-27
일반음식점,왕촌,강원특별자치도 춘천시 신북읍 상천3길 6,강원특별자치도 춘천시 신북읍 천전리 39-4 , 033-242-6878,식육(숯불구이),2026-05-27
일반음식점,산천수산송어회,강원특별자치도 춘천시 신북읍 샘뜨락1길 46 (1리),강원특별자치도 춘천시 신북읍 산천리 171-12 ,033-242-2610,일식,2026-05-27
일반음식점,팔도막국수,"강원특별자치도 춘천시 동면 후만로 143, 1층",강원특별자치도 춘천시 동면 만천리 903 , 033-255-7585,한식,2026-05-27
일반음식점,소양호어탕국수,강원특별자치도 춘천시 동면 소양강로 314,강원특별자치도 춘천시 동면 장학리 462-7 ,033-252-9609,한식,2026-05-27
일반음식점,작은숲,"강원특별자치도 춘천시 동면 소양강로 136, 1층",강원특별자치도 춘천시 동면 장학리 791-98 ,033-251-9645,경양식,2026-05-27
일반음식점,다울막국수,강원특별자치도 춘천시 동산면 영서로 905,강원특별자치도 춘천시 동산면 군자리 18-1 , 033-262-5004,한식,2026-05-27
일반음식점,보릿고개춘천점,"강원특별자치도 춘천시 동면 서부대성로 483, 1층",강원특별자치도 춘천시 동면 만천리 485 ,033-264-6657,한식,2026-05-27
일반음식점,대관령토종순대국,강원특별자치도 춘천시 신동면 경춘로 1846,강원특별자치도 춘천시 신동면 팔미리 244-1 ,033-262-0989,한식,2026-05-27
일반음식점,곰실보리밥집,강원특별자치도 춘천시 동내면 동내로 164,강원특별자치도 춘천시 동내면 고은리 520-2 , 033-261-3077,한식,2026-05-27
일반음식점,김삿갓,강원특별자치도 춘천시 남산면 강촌로 68-1 (2리),강원특별자치도 춘천시 남산면 강촌리 234-8 ,033-261-9241,호프/통닭,2026-05-27
일반음식점,한씨네집,"강원특별자치도 춘천시 남산면 강촌문배길 534, 1층",강원특별자치도 춘천시 남산면 강촌리 486 , 033-261-3766,한식,2026-05-27
일반음식점,문배마을촌집,"강원특별자치도 춘천시 남산면 강촌문배길 502, 1층",강원특별자치도 춘천시 남산면 강촌리 447 ,033-261-4002,한식,2026-05-27
일반음식점,발래골식당,강원특별자치도 춘천시 남산면 북한강변길 964,강원특별자치도 춘천시 남산면 강촌리 586 (2리) , 033-261-4865,한식,2026-05-27
일반음식점,문배마을이씨네집,"강원특별자치도 춘천시 남산면 강촌문배길 514, 1층",강원특별자치도 춘천시 남산면 강촌리 450 , 033-261-3403,한식,2026-05-27
일반음식점,옹기종기,강원특별자치도 춘천시 남산면 강촌길 42,강원특별자치도 춘천시 남산면 강촌리 227-51 , 033-262-4468,한식,2026-05-27
일반음식점,별장,강원특별자치도 춘천시 서면 삿갓봉길 49,강원특별자치도 춘천시 서면 오월리 97-53 ,,한식,2026-05-27
일반음식점,동춘횟집,강원특별자치도 춘천시 서면 삿갓봉길 29,강원특별자치도 춘천시 서면 오월리 97-63 (1리 1반) , 033-244-1870,횟집,2026-05-27
일반음식점,일미횟집,강원특별자치도 춘천시 서면 삿갓봉길 23,강원특별자치도 춘천시 서면 오월리 96-26 , 033-244-3165,횟집,2026-05-27
일반음식점,서울횟집,강원특별자치도 춘천시 서면 삿갓봉길 19,강원특별자치도 춘천시 서면 오월리 96-29 , 033-244-2368,횟집,2026-05-27
일반음식점,춘천횟집,강원특별자치도 춘천시 서면 삿갓봉길 20,강원특별자치도 춘천시 서면 오월리 96-1 /2 , 033-244-2348,횟집,2026-05-27
일반음식점,산까치가든,강원특별자치도 춘천시 서면 납실길 60,강원특별자치도 춘천시 서면 오월리 229-2 (2리) ,033-243-4477,한식,2026-05-27
일반음식점,준독(Joon Dog Training Center),"강원특별자치도 춘천시 서면 노동길 71, 1층",강원특별자치도 춘천시 서면 안보리 196-1 (1리) ,033-254-0045,한식,2026-05-27
일반음식점,신포리산채나물,강원특별자치도 춘천시 사북면 영서로 4595-4 (2리),강원특별자치도 춘천시 사북면 신포리 470-6 , 033-243-6097,한식,2026-05-27
일반음식점,일팔일구오,강원특별자치도 춘천시 사북면 매산골길 73,강원특별자치도 춘천시 사북면 고성리 195 ,,호프/통닭,2026-05-27
일반음식점,지암물레방아,강원특별자치도 춘천시 사북면 화악지암길 370-51,강원특별자치도 춘천시 사북면 지암리 438-1 , 033-243-2501,호프/통닭,2026-05-27
일반음식점,맥고을,강원특별자치도 춘천시 서부대성로44번길 11-1 (요선동),강원특별자치도 춘천시 요선동 10-8 , 033-255-9540,한식,2026-05-27
일반음식점,원식이네손칼국수,강원특별자치도 춘천시 후석로 591 (소양로1가),강원특별자치도 춘천시 소양로1가 104-7 ,033-257-5652,한식,2026-05-27
일반음식점,파도횟집,강원특별자치도 춘천시 서부대성로 65 (옥천동),"강원특별자치도 춘천시 옥천동 38-8,9 ",033-251-0912,횟집,2026-05-27
일반음식점,피자헛춘천점,"강원특별자치도 춘천시 금강로 19, 1층 (소양로3가)",강원특별자치도 춘천시 소양로3가 177-3 ,033-251-4512,패스트푸드,2026-05-27
일반음식점,내고향한식부페,"강원특별자치도 춘천시 약사고개길 13 (죽림동, 외4필지(제일종합시장 지하층 3B/L 1호~4호))",강원특별자치도 춘천시 죽림동 32 외4필지(제일종합시장 지하층 3B/L 1호~4호) ,033-252-5268,분식,2026-05-27
일반음식점,골목손두부,강원특별자치도 춘천시 공지로439번길 16-4 (근화동),강원특별자치도 춘천시 근화동 291-19 , 033-256-6259,한식,2026-05-27
일반음식점,한림포차,"강원특별자치도 춘천시 삭주로 90 (후평동, 동보빌리지상가 2층)",강원특별자치도 춘천시 후평동 857 , 033-243-0987,정종/대포집/소주방,2026-05-27
일반음식점,동보성,"강원특별자치도 춘천시 보안길 124, 1층 (후평동)",강원특별자치도 춘천시 후평동 731-25 , 033-252-4337,중국식,2026-05-27
일반음식점,열린음악회,강원특별자치도 춘천시 삭주로 142 (후평동),강원특별자치도 춘천시 후평동 710-1 , 033-242-0504,라이브카페,2026-05-27
일반음식점,하얼빈양꼬치,강원특별자치도 춘천시 춘천로 335 (후평동),강원특별자치도 춘천시 후평동 726-12 ,033-255-3555,기타,2026-05-27
일반음식점,황골막국수,강원특별자치도 춘천시 백령로 217-16 (후평동),강원특별자치도 춘천시 후평동 698-6 , 033-255-7436,한식,2026-05-27
일반음식점,이가네맛집,강원특별자치도 춘천시 후만로116번길 9 (후평동),강원특별자치도 춘천시 후평동 871-7 , 033-243-5607,한식,2026-05-27
일반음식점,미가,"강원특별자치도 춘천시 백령로 5, 2층 (효자동)",강원특별자치도 춘천시 효자동 315-6 , 033-241-3343,한식,2026-05-27
일반음식점,진미닭갈비본점,강원특별자치도 춘천시 백령로 51 (효자동),강원특별자치도 춘천시 효자동 174-59 , 033-243-2888,한식,2026-05-27
일반음식점,감자골옹심이,강원특별자치도 춘천시 공지로317번길 24 (효자동),강원특별자치도 춘천시 효자동 696-7 ,033-251-7994,한식,2026-05-27
일반음식점,파라다이스,강원특별자치도 춘천시 백령로138번길 39 (효자동),강원특별자치도 춘천시 효자동 629-20 ,033-910-0122,한식,2026-05-27
일반음식점,운수대통닭갈비,강원특별자치도 춘천시 백령로138번길 14 (효자동),강원특별자치도 춘천시 효자동 626-18 , 033-243-7337,한식,2026-05-27
일반음식점,파파야,강원특별자치도 춘천시 백령로138번길 39 (효자동),강원특별자치도 춘천시 효자동 629-20 ,033-255-8882,호프/통닭,2026-05-27
일반음식점,회향,"강원특별자치도 춘천시 대양당길 27, 1층 (후평동)",강원특별자치도 춘천시 후평동 802-5 ,033-252-8881,한식,2026-05-27
일반음식점,한솥도시락,강원특별자치도 춘천시 서부대성로 251 (효자동),강원특별자치도 춘천시 효자동 633-15 ,033-256-4640,김밥(도시락),2026-05-27
일반음식점,번개치킨,강원특별자치도 춘천시 벌말길 86-1 (석사동),강원특별자치도 춘천시 석사동 639-2 10통2반 , 033-262-1666,통닭(치킨),2026-05-27
일반음식점,써니7080,"강원특별자치도 춘천시 후석로45번길 8, 지하1층 (석사동)",강원특별자치도 춘천시 석사동 651-12 , 033-261-3424,라이브카페,2026-05-27
일반음식점,이디야춘천퇴계한주점,"강원특별자치도 춘천시 안마산로 207, 1층 2호 (퇴계동)",강원특별자치도 춘천시 퇴계동 86-2 (1층2호) ,033-262-8887,한식,2026-05-27
일반음식점,리버,"강원특별자치도 춘천시 행촌로 34, 지하층 (퇴계동)",강원특별자치도 춘천시 퇴계동 902-8 지하 ,033-254-7060,라이브카페,2026-05-27
일반음식점,송암식당,강원특별자치도 춘천시 스포츠타운길 413 (삼천동),강원특별자치도 춘천시 삼천동 157-3 , 033-244-1717,탕류(보신용),2026-05-27
일반음식점,마당골,강원특별자치도 춘천시 서면 덕두원길 150-1,강원특별자치도 춘천시 서면 덕두원리 383 , 033-243-7373,한식,2026-05-27
일반음식점,고드래미족발,강원특별자치도 춘천시 안마산로 207 (퇴계동),강원특별자치도 춘천시 퇴계동 86-2 ,070-4045-9898,식육(숯불구이),2026-05-27
일반음식점,투다리(행운점),강원특별자치도 춘천시 영서로 2313 (온의동),강원특별자치도 춘천시 온의동 148-4 , 033-242-3787,호프/통닭,2026-05-27
일반음식점,팔도제일닭갈비엔스물넷마카롱,강원특별자치도 춘천시 안마산로 15 (온의동),강원특별자치도 춘천시 온의동 548-14 ,033-255-8501,식육(숯불구이),2026-05-27
일반음식점,구명동닭갈비,강원특별자치도 춘천시 춘주로92번길 29-4 (온의동),강원특별자치도 춘천시 온의동 547-1 ,033-254-8582,한식,2026-05-27
일반음식점,예가,강원특별자치도 춘천시 영서로2279번길 30 (온의동),강원특별자치도 춘천시 온의동 515-1 ,033-257-2382,호프/통닭,2026-05-27
일반음식점,별미막국수,강원특별자치도 춘천시 자라우길 7-17 (온의동),강원특별자치도 춘천시 온의동 442-2 , 033-255-3728,한식,2026-05-27
일반음식점,함평한우,강원특별자치도 춘천시 스포츠타운길 431 (삼천동),강원특별자치도 춘천시 삼천동 155-2 , 033-257-5989,한식,2026-05-27
일반음식점,가라매기닭갈비,강원특별자치도 춘천시 영서로2756번길 2 (우두동),강원특별자치도 춘천시 우두동 1060 6통,033-242-2053,식육(숯불구이),2026-05-27
일반음식점,장터생고기,강원특별자치도 춘천시 신흥길 15-1 (우두동),강원특별자치도 춘천시 우두동 1053-1 ,033-255-8638,한식,2026-05-27
일반음식점,솜다리,"강원특별자치도 춘천시 영서로2753번길 12, 2층 (우두동)",강원특별자치도 춘천시 우두동 1057-6 ,,한식,2026-05-27
일반음식점,참맛,"강원특별자치도 춘천시 충열로16번길 4-1 (우두동, 1층)",강원특별자치도 춘천시 우두동 1066-3 ,033-256-8876,식육(숯불구이),2026-05-27
일반음식점,백리향,"강원특별자치도 춘천시 신흥길5번길 8-2 (우두동, 1층)",강원특별자치도 춘천시 우두동 1054-7 (1층) ,033-254-0622,중국식,2026-05-27
일반음식점,원조닭똥집,강원특별자치도 춘천시 영서로2756번길 2 (우두동),강원특별자치도 춘천시 우두동 1060 1통,033-255-0665,한식,2026-05-27
일반음식점,만석식당,"강원특별자치도 춘천시 충열로 70, 1층 (우두동)",강원특별자치도 춘천시 우두동 410-51 ,033-256-6711,한식,2026-05-27
일반음식점,옥산포메기매운탕,강원특별자치도 춘천시 영서로 3052 (사농동),강원특별자치도 춘천시 사농동 271-19 ,033-255-0976,한식,2026-05-27
일반음식점,명지식당,강원특별자치도 춘천시 신북읍 신북로 20,강원특별자치도 춘천시 신북읍 율문리 318-43 , 033-243-0410,한식,2026-05-27
일반음식점,나눔아뜰리에(Nanum Atelier),강원특별자치도 춘천시 신북읍 신샘밭로 666 (4리),강원특별자치도 춘천시 신북읍 천전리 90-2 ,033-251-9999,한식,2026-05-27
일반음식점,삼천포돼지국밥,강원특별자치도 춘천시 신북읍 율문3길 71 (5리),강원특별자치도 춘천시 신북읍 율문리 318-8 , 033-253-2294,탕류(보신용),2026-05-27
일반음식점,대청마루,"강원특별자치도 춘천시 동면 만천로 26-1, 1층",강원특별자치도 춘천시 동면 만천리 440-4 , 033-242-3987,한식,2026-05-27
일반음식점,옛날옛집,강원특별자치도 춘천시 동면 만천로 102,"강원특별자치도 춘천시 동면 만천리 638-11 ,16 ", 033-244-1100,한식,2026-05-27
일반음식점,정가붕어찜,강원특별자치도 춘천시 동면 지내양지길 41-9,강원특별자치도 춘천시 동면 지내리 38-2 , 033-242-6363,한식,2026-05-27
일반음식점,자연속으로,"강원특별자치도 춘천시 동산면 종자리로 341, 1층",강원특별자치도 춘천시 동산면 군자리 705 ,033-264-4404,한식,2026-05-27
일반음식점,한들집,강원특별자치도 춘천시 신동면 김유정로 1263-13 (2리),강원특별자치도 춘천시 신동면 증리 195 , 033-261-6167,탕류(보신용),2026-05-27
일반음식점,옹달샘막국수닭갈비,강원특별자치도 춘천시 동내면 순환대로 656,강원특별자치도 춘천시 동내면 사암리 1220-1 ,033-263-0788,한식,2026-05-27
일반음식점,왕터,강원특별자치도 춘천시 남면 박암관천길 183-27,강원특별자치도 춘천시 남면 박암리 9-3 , 033-263-5441,한식,2026-05-27
일반음식점,정호닭갈비,강원특별자치도 춘천시 남산면 서백길 140,강원특별자치도 춘천시 남산면 백양리 429-5 , 033-263-2823,식육(숯불구이),2026-05-27
일반음식점,양평해장국,"강원특별자치도 춘천시 남산면 강촌로 258, 1층",강원특별자치도 춘천시 남산면 방곡리 285-3 , 033-262-9260,탕류(보신용),2026-05-27
일반음식점,또래오래치킨강촌점,"강원특별자치도 춘천시 남산면 강촌로 121, 1층",강원특별자치도 춘천시 남산면 강촌리 198-18 1층 , 033-261-3002,통닭(치킨),2026-05-27
일반음식점,탑골가든,강원특별자치도 춘천시 남산면 김유정로 427-12,강원특별자치도 춘천시 남산면 광판리 351 , 033-263-5291,한식,2026-05-27
일반음식점,도원뚝배기짬뽕,강원특별자치도 춘천시 남산면 강촌로 128,강원특별자치도 춘천시 남산면 강촌리 676-11 , 033-262-1319,중국식,2026-05-27
일반음식점,그랑셰프(클럽하우스),강원특별자치도 춘천시 남산면 북한강변길 688,강원특별자치도 춘천시 남산면 백양리 29-1 ,033-260-2760,한식,2026-05-27
일반음식점,그늘집(레이크스타트하우스),강원특별자치도 춘천시 남산면 북한강변길 688,강원특별자치도 춘천시 남산면 백양리 29-1 ,033-260-2160,한식,2026-05-27
일반음식점,쉼바위식당,"강원특별자치도 춘천시 남산면 홍천강변길 48, 1층",강원특별자치도 춘천시 남산면 산수리 348 1층 ,033-263-9390,한식,2026-05-27
일반음식점,감투봉,강원특별자치도 춘천시 남산면 홍천강변길 34-3,강원특별자치도 춘천시 남산면 산수리 346 , 033-262-9384,호프/통닭,2026-05-27
일반음식점,강빛노을,강원특별자치도 춘천시 서면 경춘로 660,강원특별자치도 춘천시 서면 안보리 162-1 ,,호프/통닭,2026-05-27
일반음식점,새들의천국,강원특별자치도 춘천시 서면 툇골길 550-14 (2리),강원특별자치도 춘천시 서면 서상리 856 , 033-244-3037,한식,2026-05-27
일반음식점,우물막국수,강원특별자치도 춘천시 서면 박사로 755,강원특별자치도 춘천시 서면 현암리 562 , 033-243-4563,한식,2026-05-27
일반음식점,월송유로베이커리앤로스터리,강원특별자치도 춘천시 서면 경춘로 349-1 (2리),강원특별자치도 춘천시 서면 안보리 782-2 ,033-264-6767,한식,2026-05-27
일반음식점,춘천서면닭갈비,"강원특별자치도 춘천시 서면 박사로 887, 1층",강원특별자치도 춘천시 서면 금산리 957 , 033-253-3067,식육(숯불구이),2026-05-27
일반음식점,샘물가든,강원특별자치도 춘천시 서면 서상로 369,강원특별자치도 춘천시 서면 서상리 236 ,033-242-7319,한식,2026-05-27
일반음식점,툇골바위집,강원특별자치도 춘천시 서면 툇골길 711-12 (2리),강원특별자치도 춘천시 서면 서상리 904 , 033-243-3651,식육(숯불구이),2026-05-27
일반음식점,레일로드,강원특별자치도 춘천시 사북면 춘화로 385,강원특별자치도 춘천시 사북면 고탄리 472-1 ,033-242-6900,기타,2026-05-27
일반음식점,이가네추어탕,강원특별자치도 춘천시 동내면 학곡서3길 18,강원특별자치도 춘천시 동내면 학곡리 321-8 ,033-263-9798,한식,2026-05-27
일반음식점,솔바람,강원특별자치도 춘천시 북산면 북산로 730,강원특별자치도 춘천시 북산면 오항리 106-3 ,033-243-2558,호프/통닭,2026-05-27
일반음식점,소담송하,강원특별자치도 춘천시 중앙로 2 (요선동),강원특별자치도 춘천시 요선동 2-2 , 033-253-7744,식육(숯불구이),2026-05-27
일반음식점,고미고미,"강원특별자치도 춘천시 근화길15번길 17, 1층 (근화동)",강원특별자치도 춘천시 근화동 285-19 ,033-256-1562,한식,2026-05-27
일반음식점,낭만국수집,강원특별자치도 춘천시 서부대성로57번길 2 (옥천동),강원특별자치도 춘천시 옥천동 37-11 , 033-251-5688,한식,2026-05-27
일반음식점,새미골추어탕,강원특별자치도 춘천시 서부대성로48번길 26-1 (요선동),"강원특별자치도 춘천시 요선동 18-6 ,7 ", 033-241-4118,한식,2026-05-27
일반음식점,우영갈비,강원특별자치도 춘천시 교운가길 4 (교동),강원특별자치도 춘천시 교동 135-1 , 033-244-8696,식육(숯불구이),2026-05-27
일반음식점,포차천국,강원특별자치도 춘천시 성심로 9 (교동),강원특별자치도 춘천시 교동 156-4 ,033-253-9253,통닭(치킨),2026-05-27
일반음식점,이모네한식,"강원특별자치도 춘천시 후석로393번길 32, 1층 (후평동)",강원특별자치도 춘천시 후평동 847-7 , 033-244-8111,한식,2026-05-27
일반음식점,너랑나랑,강원특별자치도 춘천시 명동길 46-1 (중앙로3가),강원특별자치도 춘천시 중앙로3가 60-3 , 033-241-1769,분식,2026-05-27
일반음식점,옛날막국수,"강원특별자치도 춘천시 중앙로77번길 25, 2층 (죽림동)",강원특별자치도 춘천시 죽림동 28-29 ,033-243-6111,한식,2026-05-27
일반음식점,청춘실내포차,강원특별자치도 춘천시 춘천로 359 (후평동),강원특별자치도 춘천시 후평동 721-18 ,033-244-1258,한식,2026-05-27
일반음식점,사유식당,"강원특별자치도 춘천시 서부대성로 87, 2층 (조양동)",강원특별자치도 춘천시 조양동 3-26 ,033-252-1924,한식,2026-05-27
일반음식점,멕시칸치킨만천점,강원특별자치도 춘천시 동광길 10 (후평동),강원특별자치도 춘천시 후평동 746-9 ,033-244-8285,통닭(치킨),2026-05-27
일반음식점,토우빈대떡,"강원특별자치도 춘천시 후석로 361, 1층 (후평동)",강원특별자치도 춘천시 후평동 704-4 , 033-244-4966,한식,2026-05-27
일반음식점,9우미닭갈비,강원특별자치도 춘천시 삭주로 116 (후평동),강원특별자치도 춘천시 후평동 847-3 , 033-244-2614,한식,2026-05-27
일반음식점,김밥박사,강원특별자치도 춘천시 대양당길 1 (후평동),강원특별자치도 춘천시 후평동 807-8 , 033-256-7557,한식,2026-05-27
일반음식점,황토숯불닭갈비,강원특별자치도 춘천시 보안길 15 (후평동),강원특별자치도 춘천시 후평동 801-12 , 033-244-4595,한식,2026-05-27
일반음식점,동원칼국수,강원특별자치도 춘천시 효자로 36 (효자동),강원특별자치도 춘천시 효자동 696-1 , 033-254-8195,한식,2026-05-27
일반음식점,유케야강원대점,강원특별자치도 춘천시 백령로 137 (효자동),강원특별자치도 춘천시 효자동 618-13 ,070-7364-3019,정종/대포집/소주방,2026-05-27
일반음식점,열린무대,강원특별자치도 춘천시 서부대성로 207 (효자동),강원특별자치도 춘천시 효자동 618-4 ,033-241-8489,라이브카페,2026-05-27
일반음식점,박가부대춘천강대점,"강원특별자치도 춘천시 백령로138번길 41 (효자동, 2층)",강원특별자치도 춘천시 효자동 629-4 ,033-257-0755,탕류(보신용),2026-05-27
일반음식점,우물정,강원특별자치도 춘천시 우석로79번길 16-22 (석사동),강원특별자치도 춘천시 석사동 734-19 ,033-264-6498,식육(숯불구이),2026-05-27
일반음식점,황씨보쌈,강원특별자치도 춘천시 우석로79번길 16-16 (석사동),강원특별자치도 춘천시 석사동 734-17 ,033-256-8633,한식,2026-05-27
일반음식점,장군막창구이,강원특별자치도 춘천시 우석로79번길 16-25 (석사동),강원특별자치도 춘천시 석사동 735-2 , 033-263-9311,식육(숯불구이),2026-05-27
일반음식점,푸라닭춘천석사점,강원특별자치도 춘천시 우석로67번길 17 (석사동),강원특별자치도 춘천시 석사동 749-1 ,033-261-9206,호프/통닭,2026-05-27
일반음식점,맛있는전집,강원특별자치도 춘천시 애막골길3번길 36 (석사동),강원특별자치도 춘천시 석사동 737-2 , 033-261-3864,횟집,2026-05-27
일반음식점,재왕무한리필양꼬치훠궈,강원특별자치도 춘천시 후석로186번길 10-1 (석사동),강원특별자치도 춘천시 석사동 728-5 , 033-264-1814,한식,2026-05-27
일반음식점,우촌칡냉면,강원특별자치도 춘천시 남춘로5번길 13-2 (퇴계동),강원특별자치도 춘천시 퇴계동 366-27 , 033-251-8182,한식,2026-05-27
일반음식점,옛날맛해장국,"강원특별자치도 춘천시 우묵들길 11, 1층 (퇴계동)",강원특별자치도 춘천시 퇴계동 680-4 , 033-255-6117,한식,2026-05-27
일반음식점,삼대막국수,강원특별자치도 춘천시 남춘로5번길 22 (퇴계동),강원특별자치도 춘천시 퇴계동 365-7 , 033-253-8600,한식,2026-05-27
일반음식점,스지명당,강원특별자치도 춘천시 우묵길70번길 32 (퇴계동),강원특별자치도 춘천시 퇴계동 1152-4 ,,한식,2026-05-27
일반음식점,퇴계골,"강원특별자치도 춘천시 스무숲1길 68, 1층 (석사동)",강원특별자치도 춘천시 석사동 921-5 (1층) ,033-263-3351,한식,2026-05-27
일반음식점,해미담,강원특별자치도 춘천시 효자로24번길 12 (퇴계동),강원특별자치도 춘천시 퇴계동 1141-5 , 033-241-7376,한식,2026-05-27
일반음식점,대박조은날포차,강원특별자치도 춘천시 공원4길 10 (퇴계동),강원특별자치도 춘천시 퇴계동 886-1 ,033-251-8894,한식,2026-05-27
일반음식점,김선달,강원특별자치도 춘천시 춘주로147번길 22 (퇴계동),강원특별자치도 춘천시 퇴계동 906-7 , 033-243-7172,한식,2026-05-27
일반음식점,남춘역영양탕,강원특별자치도 춘천시 춘주로201번길 16 (퇴계동),강원특별자치도 춘천시 퇴계동 892-4 ,033-252-0795,탕류(보신용),2026-05-27
일반음식점,에스엠이벤트회관,"강원특별자치도 춘천시 동면 방죽길 28-26, 1층",강원특별자치도 춘천시 동면 장학리 685-7 , 033-242-8922,뷔페식,2026-05-27
일반음식점,블랙펄,"강원특별자치도 춘천시 안마산로 217-1, 한주아파트 상가동 2층 204호 (퇴계동)",강원특별자치도 춘천시 퇴계동 944 한주아파트 , 033-241-1888,호프/통닭,2026-05-27
일반음식점,우미닭갈비막국수,강원특별자치도 춘천시 안마산로 7 (온의동),강원특별자치도 춘천시 온의동 536-7 ,033-254-6686,한식,2026-05-27
일반음식점,큰마당막국수,강원특별자치도 춘천시 옛경춘로 800 (삼천동),강원특별자치도 춘천시 삼천동 32-1 ,033-244-2775,한식,2026-05-27
일반음식점,김포식당,강원특별자치도 춘천시 사우로 31-14 (사농동),강원특별자치도 춘천시 사농동 99-17 ,033-241-3072,한식,2026-05-27
일반음식점,네네치킨강북점,강원특별자치도 춘천시 충열로 78-3 (우두동),강원특별자치도 춘천시 우두동 410-26 ,033-252-0086,호프/통닭,2026-05-27
일반음식점,짜글이미식회춘천점,"강원특별자치도 춘천시 춘천로204번길 60, 2층 (효자동)",강원특별자치도 춘천시 효자동 618-14 ,033-253-4617,한식,2026-05-27
일반음식점,소양댐산채바우,강원특별자치도 춘천시 신북읍 느치골길 2,강원특별자치도 춘천시 신북읍 천전리 10-3 ,033-244-3648,한식,2026-05-27
일반음식점,놀부뚝배기,강원특별자치도 춘천시 신북읍 율문3길 12,강원특별자치도 춘천시 신북읍 율문리 909-27 ,033-244-1686,한식,2026-05-27
일반음식점,해븐,"강원특별자치도 춘천시 동면 순환대로 1154-18 (가동 1층, 나동 2층)",강원특별자치도 춘천시 동면 만천리 326-3 ,033-252-5756,까페,2026-05-27
일반음식점,동해곰치,강원특별자치도 춘천시 동면 만천로 57,강원특별자치도 춘천시 동면 만천리 604-1 , 033-252-2020,한식,2026-05-27
일반음식점,흙고을,강원특별자치도 춘천시 동면 가산로 160-69,강원특별자치도 춘천시 동면 지내리 368-3 , 033-242-0308,한식,2026-05-27
일반음식점,디너출장뷔폐,강원특별자치도 춘천시 동면 소양강로 240,강원특별자치도 춘천시 동면 장학리 648-57 ,033-257-6633,뷔페식,2026-05-27
일반음식점,대수타,강원특별자치도 춘천시 동면 만천로 97,강원특별자치도 춘천시 동면 만천리 584-1 ,033-253-1694,중국식,2026-05-27
일반음식점,손짜장면을 아시나요,강원특별자치도 춘천시 동내면 순환대로 722,강원특별자치도 춘천시 동내면 고은리 566-20 ,033-263-0665,중국식,2026-05-27
일반음식점,치킨놀이터,강원특별자치도 춘천시 동내면 영서로 1777,강원특별자치도 춘천시 동내면 학곡리 306-34 , 033-261-2548,통닭(치킨),2026-05-27
일반음식점,하마기사식당,강원특별자치도 춘천시 동내면 영서로 1767,강원특별자치도 춘천시 동내면 학곡리 306-46 , 033-261-2247,한식,2026-05-27
일반음식점,고담한정식,강원특별자치도 춘천시 동내면 고은길 23,강원특별자치도 춘천시 동내면 고은리 559-34 ,033-262-3877,한식,2026-05-27
일반음식점,툇마루,강원특별자치도 춘천시 남산면 갯골길 24-2 (1리),강원특별자치도 춘천시 남산면 방곡리 311-5 , 033-261-1589,한식,2026-05-27
일반음식점,구곡촌두부,강원특별자치도 춘천시 남산면 강촌구곡길 78 (1리),강원특별자치도 춘천시 남산면 강촌리 372-1 , 033-261-0271,한식,2026-05-27
일반음식점,강촌걸리버여행기,강원특별자치도 춘천시 남산면 북한강변길 910-44,강원특별자치도 춘천시 남산면 강촌리 570-1 ,033-262-5456,한식,2026-05-27
일반음식점,백두산어탕국수,강원특별자치도 춘천시 남산면 강촌로 393,강원특별자치도 춘천시 남산면 창촌리 147-1 , 033-261-3448,한식,2026-05-27
일반음식점,정근봉콩나물국밥,강원특별자치도 춘천시 서면 경춘로 1067,강원특별자치도 춘천시 서면 당림리 306 (1리) , 033-262-0155,한식,2026-05-27
일반음식점,금돼지,강원특별자치도 춘천시 서면 박사로 902 (2리),강원특별자치도 춘천시 서면 금산리 985 , 033-244-9955,한식,2026-05-27
일반음식점,갤러리카페아가,강원특별자치도 춘천시 서면 경춘로 1091,강원특별자치도 춘천시 서면 당림리 285-2 , 033-262-9229,경양식,2026-05-27
일반음식점,우레골황가네,강원특별자치도 춘천시 사북면 우레골길 104-22,강원특별자치도 춘천시 사북면 오탄리 707 , 033-243-5923,한식,2026-05-27
일반음식점,낙원갈비집춘천시청점,"강원특별자치도 춘천시 중앙로27번길 9-3, 2층 (옥천동)",강원특별자치도 춘천시 옥천동 42-8 , 033-255-5811,한식,2026-05-27
일반음식점,챤스,강원특별자치도 춘천시 가연길 7 (소양로4가),강원특별자치도 춘천시 소양로4가 104-14 , 033-244-5852,호프/통닭,2026-05-27
일반음식점,현대반점,"강원특별자치도 춘천시 모수물길 54, B동 07,08호 (소양로2가, 현대아파트 상가)","강원특별자치도 춘천시 소양로2가 1 외134필지 현대아파트 상가 B-07,08호 ", 033-242-8700,중국식,2026-05-27
일반음식점,운교동호프,강원특별자치도 춘천시 동부시장길 8-4 (운교동),강원특별자치도 춘천시 운교동 182 ,033-251-4177,호프/통닭,2026-05-27
일반음식점,전주비빔밥,"강원특별자치도 춘천시 춘천로138번길 29, 1층 (운교동)",강원특별자치도 춘천시 운교동 177-6 , 033-241-8757,한식,2026-05-27
일반음식점,장수닭갈비,"강원특별자치도 춘천시 금강로62번길 9-1, 1층 (조양동)",강원특별자치도 춘천시 조양동 138-14 ,033-254-6388,한식,2026-05-27
일반음식점,혜정닭갈비,강원특별자치도 춘천시 금강로62번길 11-1 (조양동),강원특별자치도 춘천시 조양동 138-15 , 033-256-5910,한식,2026-05-27
일반음식점,페리카나치킨명동점,강원특별자치도 춘천시 금강로 76 (조양동),강원특별자치도 춘천시 조양동 49-14 ,033-253-9566,통닭(치킨),2026-05-27
일반음식점,길손기사식당,"강원특별자치도 춘천시 공지로 677, 1층 (근화동)",강원특별자치도 춘천시 근화동 791-2 , 033-256-9087,한식,2026-05-27
일반음식점,호반식당,강원특별자치도 춘천시 당간지주길 81 (소양로1가),강원특별자치도 춘천시 소양로1가 100-60 ,033-256-0848,한식,2026-05-27
일반음식점,옥돌촌,강원특별자치도 춘천시 후석로370번길 3 (후평동),강원특별자치도 춘천시 후평동 724-4 ,033-241-5808,한식,2026-05-27
일반음식점,천호,강원특별자치도 춘천시 후석로393번길 52 (후평동),강원특별자치도 춘천시 후평동 855-11 , 033-244-6878,호프/통닭,2026-05-27
일반음식점,모란집,강원특별자치도 춘천시 부안길6번길 33 (후평동),강원특별자치도 춘천시 후평동 797-2 , 033-242-4565,한식,2026-05-27
일반음식점,엄마네,강원특별자치도 춘천시 서부대성로239번길 33 (후평동),강원특별자치도 춘천시 후평동 486-10 ,033-251-7754,호프/통닭,2026-05-27
일반음식점,팔도,강원특별자치도 춘천시 후석로326번길 11-8 (후평동),강원특별자치도 춘천시 후평동 429-20 ,033-251-7754,정종/대포집/소주방,2026-05-27
일반음식점,오구쌀피자후평점,"강원특별자치도 춘천시 춘천로 299, 1층 (후평동)",강원특별자치도 춘천시 후평동 693-4 ,033-255-5982,패스트푸드,2026-05-27
일반음식점,하모니,강원특별자치도 춘천시 세실로 202 (후평동),강원특별자치도 춘천시 후평동 878-13 ,033-255-0448,라이브카페,2026-05-27
일반음식점,장수뚝배기장수감자탕,강원특별자치도 춘천시 보안길 55 (후평동),강원특별자치도 춘천시 후평동 700-2 ,033-264-4767,한식,2026-05-27
일반음식점,이모네불막창,강원특별자치도 춘천시 보안길 50-1 (후평동),강원특별자치도 춘천시 후평동 72 ,033-241-6616,한식,2026-05-27
일반음식점,밀밭해물칼국수,강원특별자치도 춘천시 효자로 40 (효자동),강원특별자치도 춘천시 효자동 697-2 ,033-242-2636,한식,2026-05-27
일반음식점,샹츠마라강원대점,"강원특별자치도 춘천시 서부대성로239번길 3, 2층 (효자동)",강원특별자치도 춘천시 효자동 628-11 ,033-818-3366,정종/대포집/소주방,2026-05-27
일반음식점,부리또인강원대점,"강원특별자치도 춘천시 서부대성로 241, 3동 1층 (효자동)",강원특별자치도 춘천시 효자동 632-1 (3동 1층) ,033-911-6991,패스트푸드,2026-05-27
일반음식점,원(ONE),강원특별자치도 춘천시 백령로138번길 17 (효자동),강원특별자치도 춘천시 효자동 625-9 ,,기타,2026-05-27
일반음식점,대장,"강원특별자치도 춘천시 후석로344번길 25, 1층 (후평동)",강원특별자치도 춘천시 후평동 93-43 ,033-253-2700,한식,2026-05-27
일반음식점,봉실스넥,강원특별자치도 춘천시 서부대성로239번길 8 (효자동),강원특별자치도 춘천시 효자동 631-13 ,033-251-6890,분식,2026-05-27
일반음식점,올리,"강원특별자치도 춘천시 백령로138번길 39, 지하층 (효자동)",강원특별자치도 춘천시 효자동 629-20 (지하) ,033-255-0180,호프/통닭,2026-05-27
일반음식점,닭발어때,"강원특별자치도 춘천시 백령로 146, 3동 1층 (효자동)",강원특별자치도 춘천시 효자동 20-13 (3동 1층) ,033-256-9294,정종/대포집/소주방,2026-05-27
일반음식점,춘천애막골닭마루닭갈비,강원특별자치도 춘천시 애막골길11번길 38 (석사동),강원특별자치도 춘천시 석사동 729-6 , 033-262-0233,식육(숯불구이),2026-05-27
일반음식점,별하키친,강원특별자치도 춘천시 벌말길 97 (석사동),강원특별자치도 춘천시 석사동 701-1 ,033-261-2520,호프/통닭,2026-05-27
일반음식점,환희관,강원특별자치도 춘천시 애막골길11번길 19 (석사동),강원특별자치도 춘천시 석사동 741-3 ,,기타,2026-05-27
일반음식점,비비큐(BBQ)(애막골점),강원특별자치도 춘천시 우석로85번길 20-6 (석사동),강원특별자치도 춘천시 석사동 724-10 ,033-263-9280,호프/통닭,2026-05-27
일반음식점,삼겹천하,강원특별자치도 춘천시 애막골길11번길 18-1 (석사동),강원특별자치도 춘천시 석사동 742-17 ,033-263-3242,한식,2026-05-27
일반음식점,모퉁이식당,강원특별자치도 춘천시 우석로79번길 11-4 (석사동),강원특별자치도 춘천시 석사동 743-2 ,,한식,2026-05-27
일반음식점,인생건어물(석사점),"강원특별자치도 춘천시 우석로79번길 17, 1층 (석사동)",강원특별자치도 춘천시 석사동 742-1 (1층) ,033-261-0991,정종/대포집/소주방,2026-05-27
일반음식점,서정생태탕,"강원특별자치도 춘천시 승지골길13번길 7-4, 1층 (퇴계동)",강원특별자치도 춘천시 퇴계동 1001-5 , 033-262-0270,한식,2026-05-27
일반음식점,술속의밤애막골점,강원특별자치도 춘천시 애막골길11번길 21 (석사동),강원특별자치도 춘천시 석사동 741-2 ,,식육(숯불구이),2026-05-27
일반음식점,대복갈매기살,강원특별자치도 춘천시 애막골길11번길 32-1 (석사동),강원특별자치도 춘천시 석사동 735-20 ,033-262-8055,한식,2026-05-27
일반음식점,화사랑,강원특별자치도 춘천시 우석로79번길 12-3 (석사동),강원특별자치도 춘천시 석사동 734-11 , 033-262-7372,호프/통닭,2026-05-27
일반음식점,머루촌숯불갈비,강원특별자치도 춘천시 벌말길 88 (석사동),강원특별자치도 춘천시 석사동 639-1 , 033-262-4712,한식,2026-05-27
일반음식점,꼬꼬랑꼬치랑,강원특별자치도 춘천시 우석로85번길 20-7 (석사동),강원특별자치도 춘천시 석사동 726-6 , 033-261-5792,통닭(치킨),2026-05-27
일반음식점,애막골진미감자탕,강원특별자치도 춘천시 우석로79번길 12-19 (석사동),강원특별자치도 춘천시 석사동 734-5 ,033-262-2605,한식,2026-05-27
일반음식점,별미쌈대패,강원특별자치도 춘천시 안마산로 203 (퇴계동),강원특별자치도 춘천시 퇴계동 7-23 , 033-262-9278,통닭(치킨),2026-05-27
일반음식점,신흥막국수,강원특별자치도 춘천시 상마을1길 36 (퇴계동),"강원특별자치도 춘천시 퇴계동 132-1 .117-11,13 ",033-264-2031,한식,2026-05-27
일반음식점,청정골수로집,강원특별자치도 춘천시 우묵들길 29 (퇴계동),강원특별자치도 춘천시 퇴계동 1156 ,033-252-9288,한식,2026-05-27
일반음식점,만나칡냉면,강원특별자치도 춘천시 춘천로44번길 10 (퇴계동),강원특별자치도 춘천시 퇴계동 1136-1 , 033-254-8183,한식,2026-05-27
일반음식점,일산감자탕,강원특별자치도 춘천시 우묵길74번길 20 (퇴계동),강원특별자치도 춘천시 퇴계동 1155-1 ,033-256-5678,한식,2026-05-27
일반음식점,토종암돼지구이,강원특별자치도 춘천시 우묵길 60 (퇴계동),강원특별자치도 춘천시 퇴계동 1183 ,033-256-6955,한식,2026-05-27
일반음식점,푸주옥,강원특별자치도 춘천시 우묵들길 37 (퇴계동),강원특별자치도 춘천시 퇴계동 1136-8 , 033-244-7852,탕류(보신용),2026-05-27
일반음식점,장터왕족발,"강원특별자치도 춘천시 춘주로 192, 1층 (퇴계동)",강원특별자치도 춘천시 퇴계동 380-7 1층 , 033-244-0982,식육(숯불구이),2026-05-27
일반음식점,큰집닭갈비막국수,강원특별자치도 춘천시 영서로 2275 (퇴계동),강원특별자치도 춘천시 퇴계동 780-2 , 033-241-4266,한식,2026-05-27
일반음식점,불새닭발,"강원특별자치도 춘천시 영서로 2918, 103호 (사농동, 현대아파트상가)",강원특별자치도 춘천시 사농동 158-1 현대아파트상가 103호,033-252-9505,한식,2026-05-27
일반음식점,불금포차,강원특별자치도 춘천시 행촌로32번길 5-9 (퇴계동),강원특별자치도 춘천시 퇴계동 902-4 ,033-251-5596,정종/대포집/소주방,2026-05-27
일반음식점,뼈대있는집,"강원특별자치도 춘천시 우석로 32, 1층 105,106호 (석사동)",강원특별자치도 춘천시 석사동 98-2 ,033-261-9233,한식,2026-05-27
일반음식점,강남숯불구이,강원특별자치도 춘천시 영서로2279번길 21 (온의동),강원특별자치도 춘천시 온의동 517-7 , 033-255-9292,식육(숯불구이),2026-05-27
일반음식점,라이브야성7080,"강원특별자치도 춘천시 영서로 2309 (온의동, 지하1층)",강원특별자치도 춘천시 온의동 151-2 (지하1층) ,033-255-9479,라이브카페,2026-05-27
일반음식점,춘천칠전닭갈비,강원특별자치도 춘천시 경춘로 2045 (칠전동),강원특별자치도 춘천시 칠전동 217 , 033-262-3288,한식,2026-05-27
일반음식점,은혜칼국수,강원특별자치도 춘천시 옛경춘로 824 (삼천동),강원특별자치도 춘천시 삼천동 24-17 ,033-242-1974,한식,2026-05-27
일반음식점,춘천라모스버거,강원특별자치도 춘천시 옛경춘로 835 (삼천동),강원특별자치도 춘천시 삼천동 15-1 ,033-252-0006,기타,2026-05-27
일반음식점,케이제이피자스테이션,강원특별자치도 춘천시 영서로2753번길 14 (우두동),강원특별자치도 춘천시 우두동 1057-7 ,033-242-8678,한식,2026-05-27
일반음식점,천진동만두전골,"강원특별자치도 춘천시 영서로2756번길 14-1, 1층 (우두동)",강원특별자치도 춘천시 우두동 1062-6 ,033-257-5059,한식,2026-05-27
일반음식점,갱스터펍앤피자,강원특별자치도 춘천시 영서로2756번길 16 (우두동),강원특별자치도 춘천시 우두동 1062-7 ,033-252-9777,한식,2026-05-27
일반음식점,사쿠사쿠낭만포차,강원특별자치도 춘천시 충열로20번길 4 (우두동),강원특별자치도 춘천시 우두동 1065-6 , 033-252-9952,호프/통닭,2026-05-27
일반음식점,일호식당,강원특별자치도 춘천시 충열로67번길 13 (우두동),강원특별자치도 춘천시 우두동 709-2 , 033-257-3550,한식,2026-05-27
일반음식점,바오밥,강원특별자치도 춘천시 신동로 69-4 (신동),강원특별자치도 춘천시 신동 343 , 033-244-1967,한식,2026-05-27
일반음식점,장호막국수.닭갈비,강원특별자치도 춘천시 신북읍 신샘밭로 676,강원특별자치도 춘천시 신북읍 천전리 99-15 , 033-242-5877,한식,2026-05-27
일반음식점,명가막국수,강원특별자치도 춘천시 신북읍 상천3길 8,강원특별자치도 춘천시 신북읍 천전리 39-5 , 033-241-8443,한식,2026-05-27
일반음식점,율문뼈다귀해장국,강원특별자치도 춘천시 신북읍 율문길 107,강원특별자치도 춘천시 신북읍 율문리 276-3 ,033-244-3999,한식,2026-05-27
일반음식점,곰바위,강원특별자치도 춘천시 신북읍 율문길 95,강원특별자치도 춘천시 신북읍 율문리 282-6 ,033-241-3346,한식,2026-05-27
일반음식점,구봉산카페(CAFE)편의점,강원특별자치도 춘천시 동면 순환대로 1154-115,강원특별자치도 춘천시 동면 장학리 139-54 , 033-255-4366,분식,2026-05-27
일반음식점,보영이네해물칼국수만천리점,강원특별자치도 춘천시 동면 만천로 145,강원특별자치도 춘천시 동면 만천리 816-4 , 033-257-0883,한식,2026-05-27
일반음식점,대웅닭갈비막국수,강원특별자치도 춘천시 동면 금옥길 5,강원특별자치도 춘천시 동면 지내리 336 , 033-241-2017,식육(숯불구이),2026-05-27
일반음식점,인어의집,강원특별자치도 춘천시 신동면 옛경춘로 114,강원특별자치도 춘천시 신동면 의암리 311-1 ,,한식,2026-05-27
일반음식점,카페바람꽃,강원특별자치도 춘천시 신동면 한치로 609 (2리),강원특별자치도 춘천시 신동면 혈동리 561-2 , 033-261-4052,호프/통닭,2026-05-27
일반음식점,신남큰집,강원특별자치도 춘천시 신동면 김유정로 1412-1 (1리1반),강원특별자치도 춘천시 신동면 증리 929-7 ,033-262-0723,한식,2026-05-27
일반음식점,조부자순대가,강원특별자치도 춘천시 남산면 강촌로 107 (1리),강원특별자치도 춘천시 남산면 강촌리 339-1 ,033-262-5750,한식,2026-05-27
일반음식점,가평펜션남이섬리조트비버네민박집,강원특별자치도 춘천시 남산면 방하로 637-8,강원특별자치도 춘천시 남산면 방하리 207-4 ,033-264-7444,한식,2026-05-27
일반음식점,홍골솔밭집,강원특별자치도 춘천시 서면 신숭겸로 272-93,강원특별자치도 춘천시 서면 방동리 819-3 , 033-243-2309,한식,2026-05-27
일반음식점,강원일보구내식당,강원특별자치도 춘천시 중앙로 23 (중앙로1가),강원특별자치도 춘천시 중앙로1가 53 , 033-258-1219,한식,2026-05-27
일반음식점,멍텅구리,강원특별자치도 춘천시 서부대성로43번길 6 (요선동),강원특별자치도 춘천시 요선동 5-13 ,033-254-4779,한식,2026-05-27
일반음식점,소양강흑염소,강원특별자치도 춘천시 모수물길 9 (요선동),강원특별자치도 춘천시 요선동 1-1 ,,한식,2026-05-27
일반음식점,진주밥상,"강원특별자치도 춘천시 삭주로80번길 4, 1층 (교동)",강원특별자치도 춘천시 교동 156-28 , 033-244-2225,한식,2026-05-27
일반음식점,미가락,강원특별자치도 춘천시 성심로 8-2 (교동),강원특별자치도 춘천시 교동 157-13 , 033-255-5087,한식,2026-05-27
일반음식점,육쌈냉면(춘천명동점),강원특별자치도 춘천시 명동길 9 (조양동),강원특별자치도 춘천시 조양동 51-1 ,033-256-6392,한식,2026-05-27
일반음식점,이조바지락칼국수,강원특별자치도 춘천시 시청길12번길 18 (조양동),강원특별자치도 춘천시 조양동 47-4 , 033-241-0498,한식,2026-05-27
일반음식점,동부튀김,"강원특별자치도 춘천시 동부시장길 8 (운교동, 동부시장 지하23호)",강원특별자치도 춘천시 운교동 183 동부시장지하23호 , 033-241-8855,분식,2026-05-27
일반음식점,장안집,강원특별자치도 춘천시 서부대성로 104 (조양동),강원특별자치도 춘천시 조양동 6-173 , 033-253-8411,복어취급,2026-05-27
일반음식점,행복한밥상,"강원특별자치도 춘천시 행촌로32번길 5-5, 지하1층 (퇴계동)",강원특별자치도 춘천시 퇴계동 902-5 ,033-252-9245,한식,2026-05-27
일반음식점,길성식당,강원특별자치도 춘천시 명동길29번길 8-7 (죽림동),강원특별자치도 춘천시 죽림동 11-163 , 033-254-2411,탕류(보신용),2026-05-27
일반음식점,스시요,"강원특별자치도 춘천시 중앙로67번길 8 (죽림동, 2층)",강원특별자치도 춘천시 죽림동 6-18 ,070-4794-0140,일식,2026-05-27
일반음식점,친친,강원특별자치도 춘천시 명동길 8 (중앙로2가),강원특별자치도 춘천시 중앙로2가 15-1 , 033-257-8397,한식,2026-05-27
일반음식점,(주)풍년,강원특별자치도 춘천시 중앙로107번길 15-6 (중앙로3가),강원특별자치도 춘천시 중앙로3가 23-69 , 033-244-5060,식육(숯불구이),2026-05-27
일반음식점,순대박사,강원특별자치도 춘천시 영서로 2502 (근화동),강원특별자치도 춘천시 근화동 741-2 , 033-244-6660,한식,2026-05-27
일반음식점,강남해장국,강원특별자치도 춘천시 중앙로 170 (근화동),강원특별자치도 춘천시 근화동 722-4 , 033-251-8236,한식,2026-05-27
일반음식점,우리갈매기살,강원특별자치도 춘천시 삭주로108번길 32 (후평동),강원특별자치도 춘천시 후평동 858-5 , 033-256-0117,식육(숯불구이),2026-05-27
일반음식점,주전부리,"강원특별자치도 춘천시 삭주로 89-8, 에리트아파트 상가동 1층 101호 (후평동)",강원특별자치도 춘천시 후평동 529-5 에리트아파트 , 033-257-4262,호프/통닭,2026-05-27
일반음식점,길모퉁이포차,"강원특별자치도 춘천시 춘천로 311 (후평동, 1층)",강원특별자치도 춘천시 후평동 704-7 ,033-253-7776,식육(숯불구이),2026-05-27
일반음식점,본마실누룽지삼계탕춘천점,강원특별자치도 춘천시 춘천로 401 (후평동),강원특별자치도 춘천시 후평동 147-2 ,033-252-9939,한식,2026-05-27
일반음식점,장대박,강원특별자치도 춘천시 춘천로426번길 19 (후평동),강원특별자치도 춘천시 후평동 751-13 , 033-257-8803,한식,2026-05-27
일반음식점,샤브르정원춘천점,"강원특별자치도 춘천시 보안길 58, 1층 (후평동)",강원특별자치도 춘천시 후평동 78-4 , 033-256-5252,한식,2026-05-27
일반음식점,사계,강원특별자치도 춘천시 후석로228번길 7 (후평동),강원특별자치도 춘천시 후평동 891-12 , 033-252-0721,호프/통닭,2026-05-27
일반음식점,복순이아구찜퇴계점,"강원특별자치도 춘천시 남춘로36번길 20, 1층 (퇴계동)",강원특별자치도 춘천시 퇴계동 395-15 ,033-262-0769,한식,2026-05-27
일반음식점,조부자매운순대가후평점,강원특별자치도 춘천시 보안길 54 (후평동),강원특별자치도 춘천시 후평동 78-2 , 033-241-8030,한식,2026-05-27
일반음식점,대경식당,강원특별자치도 춘천시 닥나무길9번길 3 (효자동),강원특별자치도 춘천시 효자동 686-2 , 033-252-8879,한식,2026-05-27
일반음식점,은혜네해물칼국수,강원특별자치도 춘천시 공지로297번길 7 (효자동),강원특별자치도 춘천시 효자동 710 ,033-255-6844,한식,2026-05-27
일반음식점,월송영양탕추어탕,강원특별자치도 춘천시 효석로 33 (효자동),강원특별자치도 춘천시 효자동 253-42 , 033-263-6667,한식,2026-05-27
일반음식점,용수골흙두부,강원특별자치도 춘천시 효제길 15 (효자동),강원특별자치도 춘천시 효자동 153-1 , 033-254-5592,한식,2026-05-27
일반음식점,썬호프,강원특별자치도 춘천시 남춘로 59 (효자동),강원특별자치도 춘천시 효자동 710-14 , 033-244-8171,호프/통닭,2026-05-27
일반음식점,춘자,"강원특별자치도 춘천시 백령로138번길 40, 1층 (효자동)",강원특별자치도 춘천시 효자동 628-18 ,033-255-5838,한식,2026-05-27
일반음식점,투다리강대점,강원특별자치도 춘천시 서부대성로239번길 19 (효자동),강원특별자치도 춘천시 효자동 산 7-8 , 033-251-3221,호프/통닭,2026-05-27
일반음식점,봉수닭갈비2층,"강원특별자치도 춘천시 서부대성로227번길 3-1, 2층 (효자동)",강원특별자치도 춘천시 효자동 626-14 2층 ,,식육(숯불구이),2026-05-27
일반음식점,참맛부흥닭갈비,강원특별자치도 춘천시 백령로138번길 13 (효자동),강원특별자치도 춘천시 효자동 625-5 , 033-253-0482,한식,2026-05-27
일반음식점,이걸굽네,강원특별자치도 춘천시 애막골길11번길 29-1 (석사동),강원특별자치도 춘천시 석사동 736-6 , 033-261-8292,식육(숯불구이),2026-05-27
일반음식점,정통집(애막골점),"강원특별자치도 춘천시 애막골길11번길 30-1, 1층 (석사동)",강원특별자치도 춘천시 석사동 735-18 (1층) , 033-264-3510,정종/대포집/소주방,2026-05-27
일반음식점,안주가춘천애막골점,강원특별자치도 춘천시 애막골길11번길 31 (석사동),강원특별자치도 춘천시 석사동 736-5 ,033-261-0004,탕류(보신용),2026-05-27
일반음식점,혜리네스넥,강원특별자치도 춘천시 우석로85번길 20-5 (석사동),강원특별자치도 춘천시 석사동 726-7 ,033-262-4030,분식,2026-05-27
일반음식점,솔막국수,강원특별자치도 춘천시 후석로59번길 16-18 (석사동),강원특별자치도 춘천시 석사동 648-16 ,033-264-7160,한식,2026-05-27
일반음식점,바다해물찜감자탕,강원특별자치도 춘천시 우석로79번길 15-7 (석사동),강원특별자치도 춘천시 석사동 743-17 , 033-264-1259,탕류(보신용),2026-05-27
일반음식점,춘천댐촌닭집퇴계남매점,"강원특별자치도 춘천시 우묵길56번길 15, 1층 (퇴계동)",강원특별자치도 춘천시 퇴계동 680-2 1층 , 033-242-1060,식육(숯불구이),2026-05-27
일반음식점,가마솥순대국(애막골점),강원특별자치도 춘천시 애막골길7번길 21 (석사동),강원특별자치도 춘천시 석사동 737-11 ,033-261-0139,한식,2026-05-27
일반음식점,청평미가,"강원특별자치도 춘천시 석사길5번길 34, 1층 (석사동)",강원특별자치도 춘천시 석사동 669-13 1층 , 033-263-2939,한식,2026-05-27
일반음식점,순이네,강원특별자치도 춘천시 우석로79번길 11-4 (석사동),강원특별자치도 춘천시 석사동 743-2 ,033-264-0386,호프/통닭,2026-05-27
일반음식점,bhc애막골점,"강원특별자치도 춘천시 애막골길3번길 34, 1층 (석사동)",강원특별자치도 춘천시 석사동 737-1 ,033-262-9292,한식,2026-05-27
일반음식점,아무거나,강원특별자치도 춘천시 벌말길 64 (석사동),강원특별자치도 춘천시 석사동 641-9 , 033-261-6827,한식,2026-05-27
일반음식점,홍어와탁주,"강원특별자치도 춘천시 후석로45번길 27, 1층 (석사동)",강원특별자치도 춘천시 석사동 707-4 (1층) , 033-263-7156,호프/통닭,2026-05-27
일반음식점,토리비 춘천점,강원특별자치도 춘천시 애막골길11번길 30 (석사동),강원특별자치도 춘천시 석사동 735-17 ,033-261-0045,정종/대포집/소주방,2026-05-27
일반음식점,두꺼비돼지갈비,강원특별자치도 춘천시 퇴계로146번길 12-10 (퇴계동),강원특별자치도 춘천시 퇴계동 977-10 ,033-522-0858,한식,2026-05-27
일반음식점,둥지흑염소,강원특별자치도 춘천시 춘주로193번길 4 (퇴계동),강원특별자치도 춘천시 퇴계동 895-6 , 033-251-1822,탕류(보신용),2026-05-27
일반음식점,육대장,강원특별자치도 춘천시 우묵길70번길 1 (퇴계동),강원특별자치도 춘천시 퇴계동 1159 , 033-252-0505,한식,2026-05-27
일반음식점,봄내구이촌,"강원특별자치도 춘천시 공원3길 21, 1층 (퇴계동)",강원특별자치도 춘천시 퇴계동 885-7 1층 , 033-241-9288,한식,2026-05-27
일반음식점,젠틀맨,"강원특별자치도 춘천시 춘주로187번길 14, 1층 (퇴계동)",강원특별자치도 춘천시 퇴계동 897-9 1층 ,033-251-1219,한식,2026-05-27
일반음식점,황태마을,강원특별자치도 춘천시 충혼길8번길 20-1 (온의동),강원특별자치도 춘천시 온의동 172-6 , 033-251-8253,탕류(보신용),2026-05-27
일반음식점,풍경닭갈비,강원특별자치도 춘천시 안마산로 9 (온의동),강원특별자치도 춘천시 온의동 536-6 , 033-255-7891,한식,2026-05-27
일반음식점,강남참숯불구이,강원특별자치도 춘천시 칠전서길 38-15 (칠전동),강원특별자치도 춘천시 칠전동 556-9 , 033-263-9252,한식,2026-05-27
일반음식점,청평해장국,강원특별자치도 춘천시 영서로2753번길 4 (우두동),강원특별자치도 춘천시 우두동 1052-15 ,033-251-8949,한식,2026-05-27
일반음식점,춘천농민한우우두점,강원특별자치도 춘천시 충열로 90 (우두동),강원특별자치도 춘천시 우두동 413-1 ,033-256-9289,식육(숯불구이),2026-05-27
일반음식점,궁중해물칼국수,강원특별자치도 춘천시 영서로 3053-38 (사농동),강원특별자치도 춘천시 사농동 270-3 ,033-255-3371,호프/통닭,2026-05-27
일반음식점,주현,강원특별자치도 춘천시 애막골길3번길 30 (석사동),강원특별자치도 춘천시 석사동 737-18 ,033-263-3226,호프/통닭,2026-05-27
일반음식점,시골막국수,강원특별자치도 춘천시 신북읍 율문길 100,강원특별자치도 춘천시 신북읍 율문리 278-3 , 033-242-6833,한식,2026-05-27
일반음식점,강산막국수,강원특별자치도 춘천시 신북읍 신샘밭로 621,강원특별자치도 춘천시 신북읍 천전리 672-1 , 033-242-9972,식육(숯불구이),2026-05-27
일반음식점,산골흑염소,강원특별자치도 춘천시 신북읍 율문3길 37,강원특별자치도 춘천시 신북읍 율문리 298-32 ,033-241-1492,탕류(보신용),2026-05-27
일반음식점,풀내음,강원특별자치도 춘천시 신북읍 상천3길 36-1,강원특별자치도 춘천시 신북읍 천전리 215-1 , 033-241-0049,한식,2026-05-27
일반음식점,유정마을,강원특별자치도 춘천시 신동면 실레길 33 (3리),강원특별자치도 춘천시 신동면 증리 869-2 , 033-262-0361,한식,2026-05-27
일반음식점,고산가,강원특별자치도 춘천시 동내면 너부래길 7,강원특별자치도 춘천시 동내면 고은리 351 , 033-262-4644,한식,2026-05-27
일반음식점,피앤치,강원특별자치도 춘천시 동내면 향군길 4 (3리),강원특별자치도 춘천시 동내면 신촌리 389-18 , 033-263-8477,패스트푸드,2026-05-27
일반음식점,문배마을김가네,"강원특별자치도 춘천시 남산면 강촌문배길 483, 1층",강원특별자치도 춘천시 남산면 강촌리 491-3 , 033-262-0881,한식,2026-05-27
일반음식점,에피르,강원특별자치도 춘천시 남산면 강촌로 116 (1리),강원특별자치도 춘천시 남산면 강촌리 337-3 , 033-261-2391,호프/통닭,2026-05-27
일반음식점,포시즌,강원특별자치도 춘천시 남산면 방하로 469,강원특별자치도 춘천시 남산면 방하리 372-3 ,,한식,2026-05-27
일반음식점,북한강식당,강원특별자치도 춘천시 남산면 북한강변길 910-24 (2리),강원특별자치도 춘천시 남산면 강촌리 591-1 , 033-261-0221,한식,2026-05-27
일반음식점,강촌삼겹살,강원특별자치도 춘천시 남산면 강촌로 66 (2리),강원특별자치도 춘천시 남산면 강촌리 227-70 ,,기타,2026-05-27
일반음식점,경강막국수,강원특별자치도 춘천시 남산면 서백길 62-4,강원특별자치도 춘천시 남산면 서천리 227-2 , 033-263-1138,한식,2026-05-27
일반음식점,최승희불맛쭈꾸미,강원특별자치도 춘천시 서면 박사로 1210 (3리),강원특별자치도 춘천시 서면 신매리 67-1 ,033-243-6353,호프/통닭,2026-05-27
일반음식점,운봉산장,강원특별자치도 춘천시 사북면 화악지암1길 113,강원특별자치도 춘천시 사북면 지암리 506-1 , 033-243-4602,한식,2026-05-27
일반음식점,바우하우스,"강원특별자치도 춘천시 서부대성로43번길 20, 1층 (요선동)",강원특별자치도 춘천시 요선동 1-10 , 033-243-3771,경양식,2026-05-27
일반음식점,백년족발요선점,"강원특별자치도 춘천시 서부대성로 22-1, 1~2층 (소양로2가)",강원특별자치도 춘천시 소양로2가 133-20 ,033-254-0200,한식,2026-05-27
일반음식점,유가네감자탕,"강원특별자치도 춘천시 소양고개길 54, 1층 (요선동)",강원특별자치도 춘천시 요선동 14-19 , 033-257-3337,탕류(보신용),2026-05-27
일반음식점,명랑닭갈비,"강원특별자치도 춘천시 금강로62번길 9-1, 2층 (조양동)",강원특별자치도 춘천시 조양동 138-14 ,033-254-6388,한식,2026-05-27
일반음식점,오복족발타임,"강원특별자치도 춘천시 동부시장길 8 (운교동, 동부시장 82호)",강원특별자치도 춘천시 운교동 183 (동부시장 상가1층82호) ,033-252-8857,한식,2026-05-27
일반음식점,모녀식당,"강원특별자치도 춘천시 약사고개길 13 (죽림동, ,11-2,11-4,11-7,11-8)","강원특별자치도 춘천시 죽림동 32 ,11-2,11-4,11-7,11-8 ", 033-251-7514,한식,2026-05-27
일반음식점,육림보쌈,강원특별자치도 춘천시 소전길 33-1 (효자동),강원특별자치도 춘천시 효자동 666-18 , 033-252-6547,한식,2026-05-27
일반음식점,원주추어탕,"강원특별자치도 춘천시 충혼길8번길 9, 1층 (퇴계동)",강원특별자치도 춘천시 퇴계동 871-1 1층 , 033-253-9927,한식,2026-05-27
일반음식점,길모퉁이,강원특별자치도 춘천시 공지로439번길 2 (근화동),강원특별자치도 춘천시 근화동 287-1 , 033-253-8843,한식,2026-05-27
일반음식점,짜장1번지,강원특별자치도 춘천시 춘천로 402 (후평동),강원특별자치도 춘천시 후평동 748 , 033-252-6355,한식,2026-05-27
일반음식점,돈보따리,강원특별자치도 춘천시 삭주로 134 (후평동),강원특별자치도 춘천시 후평동 711-25 , 033-252-9392,식육(숯불구이),2026-05-27
일반음식점,산골소당2호점,"강원특별자치도 춘천시 삭주로 89-8 (후평동, 에리트@상가 106,107호)",강원특별자치도 춘천시 후평동 529-5 , 033-251-2904,한식,2026-05-27
일반음식점,촌집족발,"강원특별자치도 춘천시 동내면 춘천순환로 112, 1층",강원특별자치도 춘천시 동내면 거두리 1080-3 ,033-257-7774,한식,2026-05-27
일반음식점,실로암민물고기,강원특별자치도 춘천시 후석로 415-1 (후평동),강원특별자치도 춘천시 후평동 714-14 , 033-257-3563,한식,2026-05-27
일반음식점,오거리곱창,강원특별자치도 춘천시 춘천로 375 (후평동),강원특별자치도 춘천시 후평동 298-6 ,033-255-5585,식육(숯불구이),2026-05-27
일반음식점,참좋은자리,"강원특별자치도 춘천시 후석로393번길 34 (후평동, 1층)",강원특별자치도 춘천시 후평동 847-8 , 033-253-7729,기타,2026-05-27
일반음식점,자유공간,"강원특별자치도 춘천시 삭주로 136, 1층 103호 (후평동)",강원특별자치도 춘천시 후평동 711 ,033-257-1422,한식,2026-05-27
일반음식점,음악은나의인생,"강원특별자치도 춘천시 후석로 415-1 (후평동, 2층)",강원특별자치도 춘천시 후평동 714-14 ,,라이브카페,2026-05-27
일반음식점,초밥어때,"강원특별자치도 춘천시 부안길6번길 34 (후평동, 1층, 좌측)",강원특별자치도 춘천시 후평동 796-1 ,033-254-7899,한식,2026-05-27
일반음식점,따봉한우곱창후평우미린점,"강원특별자치도 춘천시 보안길 92 (후평동, 1층)",강원특별자치도 춘천시 후평동 415-3 , 033-255-8104,탕류(보신용),2026-05-27
일반음식점,일잔,강원특별자치도 춘천시 보안길 10 (후평동),강원특별자치도 춘천시 후평동 804-17 ,033-243-2902,정종/대포집/소주방,2026-05-27
일반음식점,청사초롱,강원특별자치도 춘천시 공지로 367 (효자동),강원특별자치도 춘천시 효자동 684-11 ,033-255-2273,기타,2026-05-27
일반음식점,려,강원특별자치도 춘천시 동면 순환대로 1154-64,강원특별자치도 춘천시 동면 만천리 340-23 , 033-252-2001,중국식,2026-05-27
일반음식점,연희내칼국수,강원특별자치도 춘천시 남춘로51번길 5-2 (효자동),강원특별자치도 춘천시 효자동 712-20 ,033-253-2901,한식,2026-05-27
일반음식점,대암감자탕,강원특별자치도 춘천시 백령로 19 (효자동),강원특별자치도 춘천시 효자동 176-12 ,033-253-5055,한식,2026-05-27
일반음식점,(주)한우기업,"강원특별자치도 춘천시 강원대학길 1, 2동 4층 (효자동)","강원특별자치도 춘천시 효자동 192-1 외 48필지(2동, 4층) ",033-242-6682,한식,2026-05-27
일반음식점,미고토국물닭발,강원특별자치도 춘천시 효자로150번길 10-1 (효자동),강원특별자치도 춘천시 효자동 648-2 , 033-253-5090,식육(숯불구이),2026-05-27
일반음식점,뉴야마도라,"강원특별자치도 춘천시 백령로138번길 32, 2층 (효자동)",강원특별자치도 춘천시 효자동 628-13 (2층) , 033-255-9678,정종/대포집/소주방,2026-05-27
일반음식점,벨몽드참참참스넥,"강원특별자치도 춘천시 춘천로 197-1, 1층 (효자동)",강원특별자치도 춘천시 효자동 641-5 , 033-254-2284,분식,2026-05-27
일반음식점,벨몽드본점김밥,강원특별자치도 춘천시 춘천로 197-1 (효자동),강원특별자치도 춘천시 효자동 641-5 , 033-255-7482,분식,2026-05-27
일반음식점,너와집,"강원특별자치도 춘천시 서부대성로 187-2, 1층 (효자동)",강원특별자치도 춘천시 효자동 612-4 ,,호프/통닭,2026-05-27
일반음식점,소쿠리해장국,강원특별자치도 춘천시 서부대성로 223-2 (효자동),강원특별자치도 춘천시 효자동 626-8 ,033-244-9356,호프/통닭,2026-05-27
일반음식점,손칼국수,강원특별자치도 춘천시 성심로 40 (효자동),강원특별자치도 춘천시 효자동 753-18 , 033-241-6262,한식,2026-05-27
일반음식점,월담강원대점,강원특별자치도 춘천시 백령로138번길 36 (효자동),강원특별자치도 춘천시 효자동 628-16 ,033-241-0215,정종/대포집/소주방,2026-05-27
일반음식점,사창리순대국,강원특별자치도 춘천시 서부대성로173번길 39-1 (효자동),강원특별자치도 춘천시 효자동 620 , 033-252-1993,식육(숯불구이),2026-05-27
일반음식점,강대맥주창고,강원특별자치도 춘천시 백령로138번길 35 (효자동),강원특별자치도 춘천시 효자동 629-15 ,,호프/통닭,2026-05-27
일반음식점,수누리감자탕(춘천점),"강원특별자치도 춘천시 우석로 4, 1층 (석사동)",강원특별자치도 춘천시 석사동 774-1 (1층) ,033-262-7767,탕류(보신용),2026-05-27
일반음식점,맛고을통닭,강원특별자치도 춘천시 벌말길 49 (석사동),강원특별자치도 춘천시 석사동 643-8 , 033-263-9292,통닭(치킨),2026-05-27
일반음식점,석사포차,"강원특별자치도 춘천시 벌말길 109, 1층 (석사동)",강원특별자치도 춘천시 석사동 705-1 , 033-261-2802,한식,2026-05-27
일반음식점,삼태기,강원특별자치도 춘천시 우석로79번길 16-5 (석사동),강원특별자치도 춘천시 석사동 735-10 , 033-261-4051,호프/통닭,2026-05-27
일반음식점,이차루,강원특별자치도 춘천시 동내면 영서로 1779 (2층),강원특별자치도 춘천시 동내면 학곡리 306-15 ,033-263-3739,호프/통닭,2026-05-27
일반음식점,달몽,강원특별자치도 춘천시 벌말길 71 (석사동),강원특별자치도 춘천시 석사동 644-1 ,033-262-9692,호프/통닭,2026-05-27
일반음식점,황소돌곱창구이,강원특별자치도 춘천시 우석로67번길 17 (석사동),강원특별자치도 춘천시 석사동 749-1 , 033-262-1592,한식,2026-05-27
일반음식점,갓생맥주춘천애막골점,강원특별자치도 춘천시 애막골길11번길 25-1 (석사동),강원특별자치도 춘천시 석사동 736-9 ,033-261-9279,식육(숯불구이),2026-05-27
일반음식점,고깃구녕,강원특별자치도 춘천시 우석로79번길 16-19 (석사동),강원특별자치도 춘천시 석사동 735-5 ,033-262-2427,한식,2026-05-27
일반음식점,먹보갈비,강원특별자치도 춘천시 애막골길7번길 17-1 (석사동),강원특별자치도 춘천시 석사동 740-4 , 033-262-9242,한식,2026-05-27
일반음식점,숯토리춘천애막골점,강원특별자치도 춘천시 우석로79번길 16-6 (석사동),강원특별자치도 춘천시 석사동 734-13 ,033-911-5133,한식,2026-05-27
일반음식점,여로부대찌개,강원특별자치도 춘천시 공지로 120-1 (석사동),강원특별자치도 춘천시 석사동 313-19 ,033-261-2250,한식,2026-05-27
일반음식점,길림성,강원특별자치도 춘천시 새롬공원길 24 (석사동),강원특별자치도 춘천시 석사동 827-2 , 033-263-0351,중국식,2026-05-27
일반음식점,우묵길닭갈비전문점,"강원특별자치도 춘천시 우묵길74번길 14, 1층 (퇴계동)",강원특별자치도 춘천시 퇴계동 1159-4 , 033-241-5453,중국식,2026-05-27
일반음식점,연경손만두,강원특별자치도 춘천시 춘주로147번길 10 (퇴계동),강원특별자치도 춘천시 퇴계동 912-9 ,033-257-1690,기타,2026-05-27
일반음식점,춘천왕갈비,"강원특별자치도 춘천시 김유정로 1875, 1층 (퇴계동)",강원특별자치도 춘천시 퇴계동 188-1 1층 ,033-264-9511,식육(숯불구이),2026-05-27
일반음식점,야차,강원특별자치도 춘천시 우묵길70번길 34 (퇴계동),강원특별자치도 춘천시 퇴계동 1152-5 ,033-253-7078,호프/통닭,2026-05-27
일반음식점,태가,강원특별자치도 춘천시 우묵길56번길 6 (퇴계동),강원특별자치도 춘천시 퇴계동 1189-1 , 033-255-1292,식육(숯불구이),2026-05-27
일반음식점,장안해장국,강원특별자치도 춘천시 퇴계로 23 (퇴계동),강원특별자치도 춘천시 퇴계동 1162 , 033-241-6912,탕류(보신용),2026-05-27
일반음식점,동해막국수퇴계점,강원특별자치도 춘천시 퇴계로 23 (퇴계동),강원특별자치도 춘천시 퇴계동 1162 , 033-253-9259,한식,2026-05-27
일반음식점,훈이네식당,강원특별자치도 춘천시 우묵길70번길 7 (퇴계동),강원특별자치도 춘천시 퇴계동 1159-2 , 033-243-0674,한식,2026-05-27
일반음식점,호반기사식당,강원특별자치도 춘천시 우묵길70번길 7 (퇴계동),강원특별자치도 춘천시 퇴계동 1159-2 , 033-255-3351,호프/통닭,2026-05-27
일반음식점,소양닭갈비(출장뷔페),"강원특별자치도 춘천시 안마산로 30, 1층, 2층 (온의동)",강원특별자치도 춘천시 온의동 329-7 , 033-257-1870,한식,2026-05-27
일반음식점,이모네고깃집,강원특별자치도 춘천시 행촌로 48 (퇴계동),강원특별자치도 춘천시 퇴계동 901-13 , 033-254-2707,식육(숯불구이),2026-05-27
일반음식점,삐에로치킨,"강원특별자치도 춘천시 퇴계로 172, 퇴계(2)주공아파트 (퇴계동)",강원특별자치도 춘천시 퇴계동 983-2 퇴계(2)주공아파트 , 033-263-1344,통닭(치킨),2026-05-27
일반음식점,무릉도,"강원특별자치도 춘천시 퇴계로 24, 1층 (퇴계동)",강원특별자치도 춘천시 퇴계동 1181 1층 , 033-254-6677,한식,2026-05-27
일반음식점,장원닭갈비막국수춘천본점,"강원특별자치도 춘천시 우묵들길 35-6, 1층 (퇴계동)",강원특별자치도 춘천시 퇴계동 1136-7 1층 ,,식육(숯불구이),2026-05-27
일반음식점,피자마루(퇴계점),강원특별자치도 춘천시 춘주로 141 (퇴계동),강원특별자치도 춘천시 퇴계동 903-8 , 033-255-2040,패스트푸드,2026-05-27
일반음식점,두레박감자탕순대국,"강원특별자치도 춘천시 춘주로 91 (온의동, 1층)",강원특별자치도 춘천시 온의동 526-8 (1층) , 033-243-9080,탕류(보신용),2026-05-27
일반음식점,장원중화요리,강원특별자치도 춘천시 칠전서길 46-51 (칠전동),강원특별자치도 춘천시 칠전동 548-1 , 033-263-3131,중국식,2026-05-27
일반음식점,송암빙상장구내매점및식당(outskate),강원특별자치도 춘천시 스포츠타운길 113 (송암동),"강원특별자치도 춘천시 송암동 700-3 외9필지(695-3,700-1.2.3.4.5.6,701-1,703-1.2) ", 033-263-3202,한식,2026-05-27
일반음식점,비비큐치킨온의점,"강원특별자치도 춘천시 스포츠타운길 526, 1층 (온의동)",강원특별자치도 춘천시 온의동 73-5 , 033-251-9285,통닭(치킨),2026-05-27
일반음식점,두하닭갈비막국수,강원특별자치도 춘천시 스포츠타운길399번길 19 (삼천동),강원특별자치도 춘천시 삼천동 200-4 , 033-254-7601,한식,2026-05-27
일반음식점,"호반닭갈비,막국수",강원특별자치도 춘천시 춘주로92번길 35 (온의동),강원특별자치도 춘천시 온의동 548-17 , 033-255-3999,한식,2026-05-27
일반음식점,요거프레소(춘천화목원점),강원특별자치도 춘천시 화목원길 9 (사농동),강원특별자치도 춘천시 사농동 217-24 , 033-256-3648,한식,2026-05-27
일반음식점,동명막국수닭갈비,강원특별자치도 춘천시 영서로 3034 (사농동),강원특별자치도 춘천시 사농동 217-242 , 033-252-2432,한식,2026-05-27
일반음식점,대구네동태탕,강원특별자치도 춘천시 충열로 232 (우두동),강원특별자치도 춘천시 우두동 532-1 ,033-256-5545,한식,2026-05-27
일반음식점,황궁쟁반짜장우두점,강원특별자치도 춘천시 충열로 160 (우두동),강원특별자치도 춘천시 우두동 280-5 , 033-242-0346,중국식,2026-05-27
일반음식점,육림객잔,강원특별자치도 춘천시 서부대성로 207 (효자동),강원특별자치도 춘천시 효자동 618-4 ,070-4082-8303,한식,2026-05-27
일반음식점,나능이능이버섯백숙만천점,강원특별자치도 춘천시 동면 만천로 94,강원특별자치도 춘천시 동면 만천리 638-39 , 033-257-9511,한식,2026-05-27
일반음식점,퇴골오리숯불구이(만천점),강원특별자치도 춘천시 동면 만천로 80-3,강원특별자치도 춘천시 동면 만천리 637-1 , 033-253-3297,한식,2026-05-27
일반음식점,참불쭈(참살이불쭈꾸미),강원특별자치도 춘천시 동면 만천로 28,강원특별자치도 춘천시 동면 만천리 435 ,033-253-7989,한식,2026-05-27
일반음식점,우일토종닭,강원특별자치도 춘천시 동산면 영서로 835,강원특별자치도 춘천시 동산면 원창리 724-1 , 033-261-5915,한식,2026-05-27
일반음식점,정식당,강원특별자치도 춘천시 칠전서길 52-1 (칠전동),강원특별자치도 춘천시 칠전동 543-1 , 033-263-7086,한식,2026-05-27
일반음식점,금병산숯불철판닭갈비,강원특별자치도 춘천시 신동면 금병의숙길 6 (1리),강원특별자치도 춘천시 신동면 증리 390-1 , 033-262-4220,식육(숯불구이),2026-05-27
일반음식점,우두골기사식당,강원특별자치도 춘천시 동내면 영서로 1747 (3리),강원특별자치도 춘천시 동내면 학곡리 279-9 , 033-262-1589,탕류(보신용),2026-05-27
일반음식점,강바람식당,강원특별자치도 춘천시 남산면 북한강변길 910-26 (2리),강원특별자치도 춘천시 남산면 강촌리 591-11 ,033-262-6785,한식,2026-05-27
일반음식점,남이섬포시즌,강원특별자치도 춘천시 남산면 방하로 487,강원특별자치도 춘천시 남산면 방하리 386-5 ,033-264-2399,호프/통닭,2026-05-27
일반음식점,고목,강원특별자치도 춘천시 남산면 남이섬길 1,강원특별자치도 춘천시 남산면 방하리 198-1 , 031-582-4443,호프/통닭,2026-05-27
일반음식점,카르페,강원특별자치도 춘천시 서면 박사로 740,강원특별자치도 춘천시 서면 현암리 580-1 , 033-244-5556,기타,2026-05-27
일반음식점,벤처하우스,강원특별자치도 춘천시 서부대성로44번길 20-2 (요선동),강원특별자치도 춘천시 요선동 13-5 ,033-256-1355,호프/통닭,2026-05-27
일반음식점,어라운드치킨(요선점),강원특별자치도 춘천시 서부대성로44번길 13 (요선동),강원특별자치도 춘천시 요선동 10-6 ,033-254-4366,호프/통닭,2026-05-27
일반음식점,장할매국밥,"강원특별자치도 춘천시 백령로138번길 52 (효자동, 1층)",강원특별자치도 춘천시 효자동 632-9 (1층) , 033-244-1678,한식,2026-05-27
일반음식점,올훼의땅,"강원특별자치도 춘천시 옥천길 25 (옥천동, 1층)",강원특별자치도 춘천시 옥천동 39-5 (1층) , 033-242-1145,한식,2026-05-27
일반음식점,가람스넥,강원특별자치도 춘천시 봉의산길22번길 30-1 (교동),강원특별자치도 춘천시 교동 93-155 , 033-254-1076,분식,2026-05-27
일반음식점,북경반점,"강원특별자치도 춘천시 후석로 451, 1층 (후평동)",강원특별자치도 춘천시 후평동 717-16 , 033-256-0048,중국식,2026-05-27
일반음식점,실비식당,"강원특별자치도 춘천시 동부시장길 8, 상가동 90호, 91호 (운교동, 동부시장현대아파트)","강원특별자치도 춘천시 운교동 183 동부시장 상가동 90호, 91호", 033-253-5346,한식,2026-05-27
일반음식점,소양강다슬기전문점,강원특별자치도 춘천시 시청길12번길 17-5 (조양동),강원특별자치도 춘천시 조양동 63-1 ,033-242-9533,한식,2026-05-27
일반음식점,명동일번지닭갈비,"강원특별자치도 춘천시 금강로62번길 7 (조양동, 외8필지)",강원특별자치도 춘천시 조양동 131-3 외8필지 , 033-256-6448,식육(숯불구이),2026-05-27
일반음식점,숯불구이돼지나루,강원특별자치도 춘천시 동내면 춘천순환로72번길 33-12,강원특별자치도 춘천시 동내면 거두리 962-10 ,033-263-1292,식육(숯불구이),2026-05-27
일반음식점,멕시칸치킨(호반점),"강원특별자치도 춘천시 소양로 207-1 (소양로1가, 외2필지)","강원특별자치도 춘천시 소양로1가 98-13 14,17 ", 033-257-0651,통닭(치킨),2026-05-27
일반음식점,보리울,강원특별자치도 춘천시 중앙로194번길 35 (근화동),강원특별자치도 춘천시 근화동 747-2 , 033-253-7004,호프/통닭,2026-05-27
일반음식점,신혜분식,강원특별자치도 춘천시 중앙로 162 (근화동),강원특별자치도 춘천시 근화동 719-8 , 033-254-5189,분식,2026-05-27
일반음식점,땡구땡구,강원특별자치도 춘천시 후석로 435 (후평동),강원특별자치도 춘천시 후평동 716-4 , 033-256-5543,호프/통닭,2026-05-27
일반음식점,함지박,강원특별자치도 춘천시 만천로199번길 30 (후평동),강원특별자치도 춘천시 후평동 732-5 ,033-242-5777,한식,2026-05-27
일반음식점,할머니순대국,"강원특별자치도 춘천시 삭주로80번길 5-5, 1층 (교동)",강원특별자치도 춘천시 교동 4-20 , 033-255-4811,호프/통닭,2026-05-27
일반음식점,무한도전,강원특별자치도 춘천시 삭주로 198 (후평동),강원특별자치도 춘천시 후평동 734-1 , 033-242-0967,정종/대포집/소주방,2026-05-27
일반음식점,대왕닭갈비,강원특별자치도 춘천시 후석로393번길 37 (후평동),강원특별자치도 춘천시 후평동 853-5 ,033-256-3272,식육(숯불구이),2026-05-27
일반음식점,산모롱이,강원특별자치도 춘천시 춘천로423번길 28 (후평동),강원특별자치도 춘천시 후평동 239-6 ,033-241-5159,호프/통닭,2026-05-27
일반음식점,쟈스민,"강원특별자치도 춘천시 우묵들길 34-1, 1층 (퇴계동)",강원특별자치도 춘천시 퇴계동 1138-4 ,033-256-5836,경양식,2026-05-27
일반음식점,해피송,"강원특별자치도 춘천시 후석로 395 (후평동, 지하)",강원특별자치도 춘천시 후평동 710-30 ,033-241-5985,라이브카페,2026-05-27
일반음식점,최가네왕족발,"강원특별자치도 춘천시 효평길 101, 1층 (후평동)",강원특별자치도 춘천시 후평동 692-23 ,033-244-7971,식육(숯불구이),2026-05-27
일반음식점,진부령동태찜,강원특별자치도 춘천시 보안길 90 (후평동),강원특별자치도 춘천시 후평동 416 , 033-256-1667,한식,2026-05-27
일반음식점,니쿠야,"강원특별자치도 춘천시 보안길 25, 1층 (후평동)",강원특별자치도 춘천시 후평동 795-7 ,033-242-9111,한식,2026-05-27
일반음식점,호돈,"강원특별자치도 춘천시 춘천로44번길 18, 1층 (퇴계동)",강원특별자치도 춘천시 퇴계동 1136-6 , 033-244-9288,식육(숯불구이),2026-05-27
일반음식점,셰프앤파티(chef & party),"강원특별자치도 춘천시 동면 공단로70번길 219, 1층",강원특별자치도 춘천시 동면 장학리 639-1 ,033-256-8255,한식,2026-05-27
일반음식점,풍물옹심이,강원특별자치도 춘천시 닥나무길9번길 5 (효자동),강원특별자치도 춘천시 효자동 686-3 , 033-241-1192,한식,2026-05-27
일반음식점,효자동해물칼국수,강원특별자치도 춘천시 남춘로51번길 34 (효자동),강원특별자치도 춘천시 효자동 697-20 ,033-255-2714,한식,2026-05-27
일반음식점,원식당,강원특별자치도 춘천시 효자로 93 (효자동),강원특별자치도 춘천시 효자동 663-8 , 033-252-6398,한식,2026-05-27
일반음식점,로맨스호프,강원특별자치도 춘천시 효자로 115 (효자동),강원특별자치도 춘천시 효자동 661-16 ,033-244-9698,한식,2026-05-27
일반음식점,(주)호반월드,"강원특별자치도 춘천시 백령로 18 (효자동, 336-2)",강원특별자치도 춘천시 효자동 317 336-2 , 033-261-0510,한식,2026-05-27
일반음식점,행복한두부,강원특별자치도 춘천시 둥지길 4 (효자동),강원특별자치도 춘천시 효자동 651-6 , 033-255-7710,한식,2026-05-27
일반음식점,파동,강원특별자치도 춘천시 백령로138번길 39-1 (효자동),강원특별자치도 춘천시 효자동 629-13 ,033-256-5155,호프/통닭,2026-05-27
일반음식점,뉴트로2010강원대점,"강원특별자치도 춘천시 백령로138번길 29, 2층 (효자동)",강원특별자치도 춘천시 효자동 629-3 ,,감성주점,2026-05-27
일반음식점,오사카오야붕강원대점,강원특별자치도 춘천시 백령로138번길 29 (효자동),"강원특별자치도 춘천시 효자동 629-3 (3동, 1층) ", 033-243-7270,정종/대포집/소주방,2026-05-27
일반음식점,불닭발동대문엽기떡볶이강원대점,"강원특별자치도 춘천시 백령로138번길 54, 1층 (효자동)",강원특별자치도 춘천시 효자동 632-7 ,033-241-8592,분식,2026-05-27
일반음식점,이모네돼지갈비부속구이,강원특별자치도 춘천시 애막골길7번길 25-1 (석사동),강원특별자치도 춘천시 석사동 737-8 ,033-263-1375,호프/통닭,2026-05-27
일반음식점,굽네치킨석사봄내점,강원특별자치도 춘천시 벌말길 60 (석사동),강원특별자치도 춘천시 석사동 642 ,0504-3143-8505,통닭(치킨),2026-05-27
일반음식점,김밥세상,강원특별자치도 춘천시 공지로 133 (석사동),강원특별자치도 춘천시 석사동 311-5 , 033-262-0517,분식,2026-05-27
일반음식점,퇴계수산횟집,"강원특별자치도 춘천시 새롬공원길 18, 1층 (석사동)",강원특별자치도 춘천시 석사동 827-5 , 033-264-4544,횟집,2026-05-27
일반음식점,조개본능,강원특별자치도 춘천시 애막골길7번길 23 (석사동),강원특별자치도 춘천시 석사동 737-10 ,033-264-7959,식육(숯불구이),2026-05-27
일반음식점,동산에머문정(情),강원특별자치도 춘천시 후석로45번길 5 (석사동),강원특별자치도 춘천시 석사동 654-10 , 033-262-9888,식육(숯불구이),2026-05-27
일반음식점,용길이네국밥집춘천1호점,강원특별자치도 춘천시 우석로79번길 16-23 (석사동),강원특별자치도 춘천시 석사동 735-3 ,033-262-0818,기타,2026-05-27
일반음식점,청사초롱,"강원특별자치도 춘천시 우석로85번길 20-16, 1층 (석사동)",강원특별자치도 춘천시 석사동 724-14 (1층) ,033-264-0033,호프/통닭,2026-05-27
일반음식점,보보스,강원특별자치도 춘천시 춘천로 313-1 (후평동),강원특별자치도 춘천시 후평동 704-20 , 033-263-0525,호프/통닭,2026-05-27
일반음식점,내린천,강원특별자치도 춘천시 벌말길 70 (석사동),강원특별자치도 춘천시 석사동 640-8 , 033-263-2345,호프/통닭,2026-05-27
일반음식점,이자카야시선,강원특별자치도 춘천시 애막골길11번길 28-1 (석사동),강원특별자치도 춘천시 석사동 735-16 ,,정종/대포집/소주방,2026-05-27
일반음식점,사랑채,"강원특별자치도 춘천시 우석로67번길 9, 1층 (석사동)",강원특별자치도 춘천시 석사동 747-5 (1층) , 033-261-8876,한식,2026-05-27
일반음식점,주래등석사점,강원특별자치도 춘천시 벌말길 96 (석사동),강원특별자치도 춘천시 석사동 696-4 , 033-263-6332,중국식,2026-05-27
일반음식점,춘천유명닭갈비,강원특별자치도 춘천시 애막골길11번길 18 (석사동),강원특별자치도 춘천시 석사동 742-16 ,033-264-0077,식육(숯불구이),2026-05-27
일반음식점,향토마을,강원특별자치도 춘천시 후석로59번길 14-22 (석사동),강원특별자치도 춘천시 석사동 645 , 033-261-3553,한식,2026-05-27
일반음식점,반마리 닭국수,강원특별자치도 춘천시 애막골길7번길 26 (석사동),강원특별자치도 춘천시 석사동 736-15 ,033-255-9490,횟집,2026-05-27
일반음식점,형과아우,강원특별자치도 춘천시 애막골길 21 (석사동),강원특별자치도 춘천시 석사동 748-11 ,033-261-2939,한식,2026-05-27
일반음식점,한지붕갈비석사점,강원특별자치도 춘천시 벌말길 74-1 (석사동),강원특별자치도 춘천시 석사동 640 , 033-263-9205,식육(숯불구이),2026-05-27
일반음식점,일미제비추리,강원특별자치도 춘천시 김유정로 1852-1 (퇴계동),강원특별자치도 춘천시 퇴계동 156-11 , 033-261-9292,한식,2026-05-27
일반음식점,천상,"강원특별자치도 춘천시 영서로 2265, 지하1층 (퇴계동)",강원특별자치도 춘천시 퇴계동 631-1 ,,라이브카페,2026-05-27
일반음식점,기분좋은날,강원특별자치도 춘천시 퇴계로146번길 8-2 (퇴계동),강원특별자치도 춘천시 퇴계동 975-6 ,,정종/대포집/소주방,2026-05-27
일반음식점,따봉한우곱창,강원특별자치도 춘천시 퇴계로 61-1 (퇴계동),강원특별자치도 춘천시 퇴계동 1166-11 ,033-257-7672,한식,2026-05-27
일반음식점,우성닭갈비,강원특별자치도 춘천시 우묵들길 33 (퇴계동),강원특별자치도 춘천시 퇴계동 1137-5 ,033-242-3833,식육(숯불구이),2026-05-27
일반음식점,공지천왕갈비,강원특별자치도 춘천시 효자로 5 (퇴계동),강원특별자치도 춘천시 퇴계동 1163-1 ,033-251-0791,식육(숯불구이),2026-05-27
일반음식점,좋은흑염소,강원특별자치도 춘천시 남춘천길 5 (퇴계동),강원특별자치도 춘천시 퇴계동 1144 , 033-255-5579,식육(숯불구이),2026-05-27
일반음식점,꼬방꼬방,"강원특별자치도 춘천시 안마산로 213, 퇴계금호타운상가 112,119호 (퇴계동)",강원특별자치도 춘천시 퇴계동 79 , 033-263-3588,호프/통닭,2026-05-27
일반음식점,반주,강원특별자치도 춘천시 남춘로36번길 81 (퇴계동),"강원특별자치도 춘천시 퇴계동 968-12 ,11 ",070-7585-2446,한식,2026-05-27
일반음식점,공지천왕갈비(애막골점),강원특별자치도 춘천시 애막골길11번길 16 (석사동),강원특별자치도 춘천시 석사동 742-15 , 033-257-1703,식육(숯불구이),2026-05-27
일반음식점,솥뚜껑감자탕,강원특별자치도 춘천시 춘천로44번길 12 (퇴계동),강원특별자치도 춘천시 퇴계동 1136-3 ,,한식,2026-05-27
일반음식점,간이역(퇴계골목역점),"강원특별자치도 춘천시 행촌로32번길 10, 1층 (퇴계동)",강원특별자치도 춘천시 퇴계동 914 1층 ,033-242-2025,기타,2026-05-27
일반음식점,맥시칸양념통닭(퇴계점),강원특별자치도 춘천시 춘주로187번길 7 (퇴계동),강원특별자치도 춘천시 퇴계동 907-1 ,033-256-0126,통닭(치킨),2026-05-27
일반음식점,봄담은산채,"강원특별자치도 춘천시 선들길 38, 1층 (삼천동)",강원특별자치도 춘천시 삼천동 48-11 , 033-252-5313,한식,2026-05-27
일반음식점,하데스,강원특별자치도 춘천시 우묵들길 38 (퇴계동),강원특별자치도 춘천시 퇴계동 1138-2 , 033-253-7336,호프/통닭,2026-05-27
일반음식점,진소갈비,"강원특별자치도 춘천시 남춘로36번길 81, 1층 중앙상가호 (퇴계동)",강원특별자치도 춘천시 퇴계동 968-11 , 033-263-9210,일식,2026-05-27
일반음식점,미라네해물칼국수,강원특별자치도 춘천시 충혼길44번길 18 (온의동),강원특별자치도 춘천시 온의동 533-6 ,033-252-2205,한식,2026-05-27
일반음식점,오노트(5NOTE),강원특별자치도 춘천시 스포츠타운길 347-9 (삼천동),강원특별자치도 춘천시 삼천동 200-2 ,070-7763-8922,한식,2026-05-27
일반음식점,고기야,강원특별자치도 춘천시 스포츠타운길 536-5 (온의동),강원특별자치도 춘천시 온의동 65-42 ,033-257-9199,식육(숯불구이),2026-05-27
일반음식점,손수해물칼국수,강원특별자치도 춘천시 충혼길34번길 12 (온의동),강원특별자치도 춘천시 온의동 524-3 , 033-242-7330,한식,2026-05-27
일반음식점,가리미김밥온의점,강원특별자치도 춘천시 영서로2279번길 13 (온의동),강원특별자치도 춘천시 온의동 176-3 , 033-252-7631,한식,2026-05-27
일반음식점,우두소머리국밥,강원특별자치도 춘천시 충열로 258 (우두동),강원특별자치도 춘천시 우두동 558-1 ,033-257-5505,한식,2026-05-27
일반음식점,바우옹심이메밀칼국수,강원특별자치도 춘천시 영서로2753번길 8 (우두동),강원특별자치도 춘천시 우두동 1057-4 ,033-243-2010,분식,2026-05-27
일반음식점,돈스간스,강원특별자치도 춘천시 충열로16번길 21 (우두동),강원특별자치도 춘천시 우두동 1061 3통,033-251-5243,한식,2026-05-27
일반음식점,항아리집,강원특별자치도 춘천시 충열로 78-2 (우두동),강원특별자치도 춘천시 우두동 410-27 , 033-252-5244,한식,2026-05-27
일반음식점,페리하우스,강원특별자치도 춘천시 영서로2753번길 14 (우두동),강원특별자치도 춘천시 우두동 1057-7 , 033-242-0708,한식,2026-05-27
일반음식점,호치킨춘천우두점,강원특별자치도 춘천시 영서로2756번길 15 (우두동),강원특별자치도 춘천시 우두동 1065-9 , 033-255-9482,한식,2026-05-27
일반음식점,예술관,"강원특별자치도 춘천시 우석로79번길 16-15, 1층 (석사동)",강원특별자치도 춘천시 석사동 735-6 ,033-261-0111,한식,2026-05-27
일반음식점,남부순대국,"강원특별자치도 춘천시 효명길 7-66, 1층 (효자동)",강원특별자치도 춘천시 효자동 547 ,033-255-3372,한식,2026-05-27
일반음식점,옛날손장칼국수,강원특별자치도 춘천시 영서로 3045-3 (사농동),강원특별자치도 춘천시 사농동 281-14 , 033-253-5565,분식,2026-05-27
일반음식점,도담족발,"강원특별자치도 춘천시 춘주로187번길 5, 1층 (퇴계동)",강원특별자치도 춘천시 퇴계동 907-2 , 033-242-8982,식육(숯불구이),2026-05-27
일반음식점,문배마을큰집,,강원특별자치도 춘천시 남산면 강촌리 485-1 , 033-261-6492,한식,2026-05-27
일반음식점,옛터숯불닭갈비,강원특별자치도 춘천시 남산면 강촌구곡길 4,강원특별자치도 춘천시 남산면 강촌리 337-2 ,033-261-8815,식육(숯불구이),2026-05-27
일반음식점,먹촌가,"강원특별자치도 춘천시 벌말길 60, 1층 (석사동)",강원특별자치도 춘천시 석사동 642 , 033-253-7361,한식,2026-05-27
일반음식점,대박소주방,강원특별자치도 춘천시 삭주로 25 (교동),강원특별자치도 춘천시 교동 136-7 ,033-242-8029,호프/통닭,2026-05-27
일반음식점,아침못오리,강원특별자치도 춘천시 신북읍 아침못길 230-24,"강원특별자치도 춘천시 신북읍 유포리 279-2 ,280-5(1리) ", 033-241-5718,한식,2026-05-27
일반음식점,삼교리동치미막국수(춘천점),"강원특별자치도 춘천시 동면 춘천순환로 822, 1층",강원특별자치도 춘천시 동면 장학리 592 , 033-242-9988,한식,2026-05-27
일반음식점,신흥왕족발,강원특별자치도 춘천시 세실로 220 (후평동),강원특별자치도 춘천시 후평동 869-14 , 033-256-7037,한식,2026-05-27
일반음식점,돼지부속구이전문점,강원특별자치도 춘천시 춘천로 308 (후평동),강원특별자치도 춘천시 후평동 692-15 ,033-256-1317,한식,2026-05-27
일반음식점,소란,강원특별자치도 춘천시 백령로 143 (효자동),강원특별자치도 춘천시 효자동 619-13 , 033-242-5718,한식,2026-05-27
일반음식점,김밥나라,강원특별자치도 춘천시 서부대성로239번길 3 (효자동),강원특별자치도 춘천시 효자동 628-11 , 033-257-4920,분식,2026-05-27
일반음식점,병천시골순대국밥,강원특별자치도 춘천시 백령로151번길 1 (효자동),강원특별자치도 춘천시 효자동 623-11 , 033-241-7555,한식,2026-05-27
일반음식점,뚱이수육국밥,강원특별자치도 춘천시 애막골길3번길 32 (석사동),강원특별자치도 춘천시 석사동 737-20 ,033-263-3888,한식,2026-05-27
일반음식점,쪼끼쪼끼,강원특별자치도 춘천시 우석로85번길 19-8 (석사동),강원특별자치도 춘천시 석사동 729-5 , 033-263-6464,호프/통닭,2026-05-27
일반음식점,연이네만두,강원특별자치도 춘천시 우석로67번길 10 (석사동),강원특별자치도 춘천시 석사동 743-11 , 033-263-8854,호프/통닭,2026-05-27
일반음식점,설맥(석사점),"강원특별자치도 춘천시 퇴계로 244, 퇴계(4)주공아파트 상가동 1층 101호 (석사동)",강원특별자치도 춘천시 석사동 822-1 퇴계(4)주공아파트 , 033-263-9978,통닭(치킨),2026-05-27
일반음식점,명품송어,"강원특별자치도 춘천시 애막골길11번길 6, 1층 (석사동)",강원특별자치도 춘천시 석사동 747-20 (1층) ,033-261-1414,횟집,2026-05-27
일반음식점,단골집,"강원특별자치도 춘천시 후석로 472-1, 1층 (후평동)",강원특별자치도 춘천시 후평동 599-20 ,033-241-2008,한식,2026-05-27
일반음식점,섬향기,"강원특별자치도 춘천시 남산면 남이섬길 1, 1층 (남이섬내)",강원특별자치도 춘천시 남산면 방하리 198 (남이섬내) ,031-581-5118,기타,2026-05-27
일반음식점,소양강숯불오리,강원특별자치도 춘천시 효명길 7-2 (효자동),강원특별자치도 춘천시 효자동 547 , 033-254-5340,한식,2026-05-27
일반음식점,석사돈사무소,강원특별자치도 춘천시 후석로66번길 25 (석사동),강원특별자치도 춘천시 석사동 679-1 ,033-261-0330,한식,2026-05-27
일반음식점,온정삼계탕,"강원특별자치도 춘천시 우묵길78번길 3, 1층 (퇴계동)",강원특별자치도 춘천시 퇴계동 1137-1 ,033-255-9252,한식,2026-05-27
일반음식점,투다리행복점,강원특별자치도 춘천시 퇴계로 29 (퇴계동),강원특별자치도 춘천시 퇴계동 1162-5 , 033-255-2992,호프/통닭,2026-05-27
일반음식점,에이에스피,"강원특별자치도 춘천시 효자로 147, 1층 (효자동)",강원특별자치도 춘천시 효자동 657-12 ,033-910-6087,정종/대포집/소주방,2026-05-27
일반음식점,닭발친구,강원특별자치도 춘천시 퇴계로145번길 7-2 (퇴계동),강원특별자치도 춘천시 퇴계동 959-9 , 033-261-9022,호프/통닭,2026-05-27
일반음식점,멍석갈비,"강원특별자치도 춘천시 춘주로91번길 18-1 (온의동, 1층)",강원특별자치도 춘천시 온의동 518 (1층) , 033-243-4774,한식,2026-05-27
일반음식점,대진식당,강원특별자치도 춘천시 스포츠타운길 437-1 (삼천동),강원특별자치도 춘천시 삼천동 37-46 , 033-252-3440,한식,2026-05-27
일반음식점,육존심,강원특별자치도 춘천시 우석로79번길 12-4 (석사동),강원특별자치도 춘천시 석사동 733-23 ,033-263-5956,식육(숯불구이),2026-05-27
일반음식점,그랑셰프(콘도),"강원특별자치도 춘천시 남산면 북한강변길 688, 엘리시안 강촌",강원특별자치도 춘천시 남산면 백양리 31-4 엘리시안 강촌 , 033-260-2380,기타,2026-05-27
일반음식점,대영닭갈비,강원특별자치도 춘천시 충열로16번길 21-19 (우두동),강원특별자치도 춘천시 우두동 1062-9 , 033-252-8145,한식,2026-05-27
일반음식점,솔개미닭갈비,강원특별자치도 춘천시 영서로2753번길 16 (우두동),강원특별자치도 춘천시 우두동 1057-8 , 033-243-9370,한식,2026-05-27
일반음식점,돌담,강원특별자치도 춘천시 송암길 25-3 (송암동),강원특별자치도 춘천시 송암동 211-4 ,033-263-1003,식육(숯불구이),2026-05-27
일반음식점,북경관,강원특별자치도 춘천시 공지로 426 (근화동),강원특별자치도 춘천시 근화동 710-37 , 033-243-3001,중국식,2026-05-27
일반음식점,석사소머리국밥전문점,강원특별자치도 춘천시 효석로77번길 20 (석사동),강원특별자치도 춘천시 석사동 702-5 ,033-262-4566,한식,2026-05-27
일반음식점,그랑그릴,강원특별자치도 춘천시 남산면 북한강변길 688,강원특별자치도 춘천시 남산면 백양리 31-4 , 033-260-2381,기타,2026-05-27
일반음식점,보샬레,"강원특별자치도 춘천시 남산면 북한강변길 688, 엘리시안 강촌",강원특별자치도 춘천시 남산면 백양리 29-1 엘리시안 강촌 , 033-260-2380,기타,2026-05-27
일반음식점,레스토랑라운지,"강원특별자치도 춘천시 백령로138번길 38 (효자동, 지하1층)",강원특별자치도 춘천시 효자동 628-17 ,033-244-7284,까페,2026-05-27
일반음식점,비비큐(석사점),강원특별자치도 춘천시 퇴계로 140-1 (퇴계동),강원특별자치도 춘천시 퇴계동 971-2 ,033-262-6921,패스트푸드,2026-05-27
일반음식점,"회,장,메",강원특별자치도 춘천시 화목원길 21 (사농동),강원특별자치도 춘천시 사농동 218-109 , 033-255-2521,한식,2026-05-27
일반음식점,케이엠지엠(KMGM)춘천점,"강원특별자치도 춘천시 우석로85번길 19-8, 2층 (석사동)",강원특별자치도 춘천시 석사동 729-5 ,033-261-2907,호프/통닭,2026-05-27
일반음식점,봄을담아,"강원특별자치도 춘천시 금강로62번길 14 (1,2층) ,명동길13-1(2,3층) (조양동)","강원특별자치도 춘천시 조양동 51-8,5 ", 033-241-4400,한식,2026-05-27
일반음식점,별장한방토종닭,"강원특별자치도 춘천시 동면 연산골길 54, 1,2동",강원특별자치도 춘천시 동면 감정리 665-43 , 033-241-7776,한식,2026-05-27
일반음식점,다우리순대국,강원특별자치도 춘천시 보안길 78 (후평동),강원특별자치도 춘천시 후평동 429-25 , 033-256-5988,한식,2026-05-27
일반음식점,거두리부자동태찜,"강원특별자치도 춘천시 퇴계로93번길 8, 1층 104호 (퇴계동)",강원특별자치도 춘천시 퇴계동 1085 , 033-263-5002,한식,2026-05-27
일반음식점,세종수산,강원특별자치도 춘천시 충열로16번길 3 (우두동),강원특별자치도 춘천시 우두동 1065-1 ,033-254-8558,한식,2026-05-27
일반음식점,"환이네부대찌개,왕감자탕",강원특별자치도 춘천시 경춘로 2038-5 (칠전동),강원특별자치도 춘천시 칠전동 216-6 ,033-263-6786,탕류(보신용),2026-05-27
일반음식점,호반,"강원특별자치도 춘천시 스포츠타운길 376, 1층 (삼천동)","강원특별자치도 춘천시 삼천동 300-3 290-3,300-3,308-2 ",033-245-4300,뷔페식,2026-05-27
일반음식점,청담피자춘천점,"강원특별자치도 춘천시 춘천로17번길 31, 1층 117호 (온의동)",강원특별자치도 춘천시 온의동 587-3 , 033-263-4066,기타,2026-05-27
일반음식점,풍년삼겹살,강원특별자치도 춘천시 춘천로 341 (후평동),강원특별자치도 춘천시 후평동 725-20 ,033-255-7775,한식,2026-05-27
일반음식점,소양강양어장,강원특별자치도 춘천시 동면 소양강로 675 (외1필지),"강원특별자치도 춘천시 동면 지내리 2-30 ,2-31 ", 033-242-1002,한식,2026-05-27
일반음식점,나들김밥,강원특별자치도 춘천시 동광길 11-1 (후평동),강원특별자치도 춘천시 후평동 745-22 ,033-254-9641,한식,2026-05-27
일반음식점,우영야식,강원특별자치도 춘천시 삭주로 64 (교동),강원특별자치도 춘천시 교동 15-3 , 033-2449-658,기타,2026-05-27
일반음식점,치킨밥,강원특별자치도 춘천시 안마산로 223 (퇴계동),강원특별자치도 춘천시 퇴계동 1013-1 , 033-262-8843,통닭(치킨),2026-05-27
일반음식점,톡톡치킨피자,"강원특별자치도 춘천시 영서로 2922, 104호 (사농동, 뉴시티코아루상가)",강원특별자치도 춘천시 사농동 821 뉴시티코아루상가 104호,033-241-2588,통닭(치킨),2026-05-27
일반음식점,항아리닭갈비막국수,강원특별자치도 춘천시 신북읍 신샘밭로 487,강원특별자치도 춘천시 신북읍 율문리 32-4 , 033-242-1411,식육(숯불구이),2026-05-27
일반음식점,춘천김밥나라,"강원특별자치도 춘천시 춘천로296번길 4 (후평동, 1층)",강원특별자치도 춘천시 후평동 687-23 , 033-257-0524,김밥(도시락),2026-05-27
일반음식점,천하일미 닭갈비,강원특별자치도 춘천시 영서로2279번길 25 (온의동),강원특별자치도 춘천시 온의동 516 ,033-253-2538,한식,2026-05-27
일반음식점,담백헌,"강원특별자치도 춘천시 영서로2279번길 25, 1층 (온의동)",강원특별자치도 춘천시 온의동 516 (1층) ,033-251-9365,한식,2026-05-27
일반음식점,만나돈가스,"강원특별자치도 춘천시 백령로 29, 1층 (효자동)",강원특별자치도 춘천시 효자동 176-73 (1층) ,033-241-8254,한식,2026-05-27
일반음식점,모듬,"강원특별자치도 춘천시 영서로2279번길 25 (온의동, 1층)",강원특별자치도 춘천시 온의동 516 (1층) ,,정종/대포집/소주방,2026-05-27
일반음식점,꼬꼬나라,강원특별자치도 춘천시 영서로 3152 (신동),강원특별자치도 춘천시 신동 934-17 , 033-244-8992,통닭(치킨),2026-05-27
일반음식점,교촌치킨퇴계1호점,"강원특별자치도 춘천시 행촌로 29, 대원빌딩 1층 (퇴계동)",강원특별자치도 춘천시 퇴계동 891-1 , 033-244-2477,통닭(치킨),2026-05-27
일반음식점,등촌 샤브 칼국수,"강원특별자치도 춘천시 금강로 32-1 (소양로3가, 169-2,180-1,180-2)",강원특별자치도 춘천시 소양로3가 180-1 , 033-254-2594,한식,2026-05-27
일반음식점,윌비,"강원특별자치도 춘천시 삭주로 96-1 (후평동, 2층)",강원특별자치도 춘천시 후평동 855-2 , 033-252-4151,라이브카페,2026-05-27
일반음식점,엉터리무한대패춘천점,"강원특별자치도 춘천시 백령로 144 (효자동, ,21-3,63-52(3동))","강원특별자치도 춘천시 효자동 20-14 ,21-3,63-52(3동) ",033-251-8563,한식,2026-05-27
일반음식점,어방어점,"강원특별자치도 춘천시 우묵길78번길 20, 1층 (퇴계동)",강원특별자치도 춘천시 퇴계동 1153-2 ,033-255-9514,한식,2026-05-27
일반음식점,이쁜이 소주방,"강원특별자치도 춘천시 효자로 142, 2동 (효자동)",강원특별자치도 춘천시 효자동 652-6 (2동) , 033-243-1344,호프/통닭,2026-05-27
일반음식점,체르니,강원특별자치도 춘천시 춘천로185번길 16-8 (운교동),강원특별자치도 춘천시 운교동 187 , 033-254-3888,호프/통닭,2026-05-27
일반음식점,꿈드림,"강원특별자치도 춘천시 보안길 5-1, 1층 (후평동)",강원특별자치도 춘천시 후평동 807-3 ,033-262-5597,한식,2026-05-27
일반음식점,굽네치킨온의퇴계점,"강원특별자치도 춘천시 터미널길 18 (온의동, 1층)",강원특별자치도 춘천시 온의동 120-7 (1층) , 033-256-5242,한식,2026-05-27
일반음식점,알프하우스,"강원특별자치도 춘천시 남산면 북한강변길 688, 엘리시안 강촌",강원특별자치도 춘천시 남산면 백양리 29-1 엘리시안 강촌 ,033-260-2000,기타,2026-05-27
일반음식점,화정,"강원특별자치도 춘천시 사북면 영서로 4775, E동 1층",강원특별자치도 춘천시 사북면 지촌리 471-3 ,033-243-7374,중국식,2026-05-27
일반음식점,스노우가든,강원특별자치도 춘천시 남산면 북한강변길 688-79,강원특별자치도 춘천시 남산면 백양리 산 1-2 , 033-260-2380,기타,2026-05-27
일반음식점,땡촌닭발우두점,강원특별자치도 춘천시 충열로16번길 14-1 (우두동),강원특별자치도 춘천시 우두동 1066-11 ,033-255-3221,정종/대포집/소주방,2026-05-27
일반음식점,라데나골프클럽3,강원특별자치도 춘천시 신동면 칠전동길 72,강원특별자치도 춘천시 신동면 정족리 1007-1 , 033-260-1214,한식,2026-05-27
일반음식점,애막골무한대패,강원특별자치도 춘천시 애막골길7번길 17 (석사동),강원특별자치도 춘천시 석사동 740-5 ,033-264-6875,식육(숯불구이),2026-05-27
일반음식점,멕시카나치킨(석사점),강원특별자치도 춘천시 벌말길 105 (석사동),강원특별자치도 춘천시 석사동 704-1 , 033-264-9989,통닭(치킨),2026-05-27
일반음식점,옥탑방오봉자싸롱,"강원특별자치도 춘천시 애막골길3번길 37 (석사동, (1층, 좌측))","강원특별자치도 춘천시 석사동 728-7 (1층, 좌측) ", 033-242-0646,정종/대포집/소주방,2026-05-27
일반음식점,우촌해장국,강원특별자치도 춘천시 영서로 3152 (신동),강원특별자치도 춘천시 신동 934-17 ,033-243-8803,탕류(보신용),2026-05-27
일반음식점,퍼블릭초콜래토리(Public Chocolatory),강원특별자치도 춘천시 새롬공원길 15 (석사동),강원특별자치도 춘천시 석사동 832-6 , 033-262-9980,경양식,2026-05-27
일반음식점,누구나홀딱반한닭 춘천거두점,강원특별자치도 춘천시 동내면 거두택지길 28-1,강원특별자치도 춘천시 동내면 거두리 956-7 ,,식육(숯불구이),2026-05-27
일반음식점,후평칼국수,강원특별자치도 춘천시 춘천로 384 (후평동),강원특별자치도 춘천시 후평동 742-13 ,033-252-1772,한식,2026-05-27
일반음식점,그냥,강원특별자치도 춘천시 남산면 갯골길 80-8,강원특별자치도 춘천시 남산면 방곡리 425 , 033-262-8909,기타,2026-05-27
일반음식점,돼지야생고기전문점,강원특별자치도 춘천시 충열로16번길 21 (우두동),강원특별자치도 춘천시 우두동 1061 , 033-252-1182,한식,2026-05-27
일반음식점,청담골고깃집,강원특별자치도 춘천시 충혼길8번길 11 (퇴계동),강원특별자치도 춘천시 퇴계동 871-9 ,033-251-7744,한식,2026-05-27
일반음식점,투다리공대점,"강원특별자치도 춘천시 백령로 65 (효자동, 2동)",강원특별자치도 춘천시 효자동 178-60 , 033-255-6964,호프/통닭,2026-05-27
일반음식점,황금돼지저금통,강원특별자치도 춘천시 춘주로 186 (퇴계동),강원특별자치도 춘천시 퇴계동 381-4 ,033-255-9004,식육(숯불구이),2026-05-27
일반음식점,간이역주공점,강원특별자치도 춘천시 퇴계로145번길 7-1 (퇴계동),강원특별자치도 춘천시 퇴계동 961-6 ,033-262-4241,정종/대포집/소주방,2026-05-27
일반음식점,광림공원(주),강원특별자치도 춘천시 동산면 종자리로 331-50,강원특별자치도 춘천시 동산면 군자리 산 133 , 033-263-9446,한식,2026-05-27
일반음식점,강촌비비큐하우스(BBQ house),"강원특별자치도 춘천시 남산면 강촌로 151-1, 1층",강원특별자치도 춘천시 남산면 방곡리 385 ,033-262-5670,식육(숯불구이),2026-05-27
일반음식점,춘천댐촌닭집거두점,강원특별자치도 춘천시 동내면 거두택지길 93-7,강원특별자치도 춘천시 동내면 거두리 1111-3 , 033-262-9915,한식,2026-05-27
일반음식점,거두리청국장,강원특별자치도 춘천시 동내면 거두단지길 6-8,강원특별자치도 춘천시 동내면 거두리 444-1 , 033-262-4313,한식,2026-05-27
일반음식점,신마포갈매기,강원특별자치도 춘천시 우석로79번길 16-4 (석사동),강원특별자치도 춘천시 석사동 734-12 , 033-263-6092,식육(숯불구이),2026-05-27
일반음식점,오닭발,"강원특별자치도 춘천시 영서로 2352-12, 풍물시장 5동 6, 7호 (온의동)",강원특별자치도 춘천시 온의동 45-2 풍물시장 ,033-241-0146,한식,2026-05-27
일반음식점,해안막국수,강원특별자치도 춘천시 백령로147번길 10 (효자동),강원특별자치도 춘천시 효자동 623-19 ,033-253-0427,한식,2026-05-27
일반음식점,낙원잔치국수,"강원특별자치도 춘천시 낙원길 46, 1층 (중앙로2가)",강원특별자치도 춘천시 중앙로2가 94-2 , 033-256-1192,한식,2026-05-27
일반음식점,메주와장독,"강원특별자치도 춘천시 삭주로 102 (후평동, 지하)",강원특별자치도 춘천시 후평동 855-6 , 033-243-6288,한식,2026-05-27
일반음식점,향리원 마라탕,강원특별자치도 춘천시 성심로 8 (교동),강원특별자치도 춘천시 교동 157-17 , 033-255-7006,한식,2026-05-27
일반음식점,일단지 부침,강원특별자치도 춘천시 춘천로296번길 10 (후평동),강원특별자치도 춘천시 후평동 688-6 , 033-251-8399,한식,2026-05-27
일반음식점,시실리,"강원특별자치도 춘천시 우묵길78번길 20, 1층 (퇴계동)",강원특별자치도 춘천시 퇴계동 1153-2 ,033-251-5422,한식,2026-05-27
일반음식점,맛드림도시락(춘천시니어클럽),"강원특별자치도 춘천시 후석로393번길 40-1, 1층 (후평동)",강원특별자치도 춘천시 후평동 854-8 ,,한식,2026-05-27
일반음식점,평창손왕정,"강원특별자치도 춘천시 효자로14번길 9, 1층 (퇴계동)",강원특별자치도 춘천시 퇴계동 1144-7 ,033-263-7730,한식,2026-05-27
일반음식점,중국성,"강원특별자치도 춘천시 영서로 2301, 1층 (온의동)","강원특별자치도 춘천시 온의동 151-10 ,6.151-10 ",033-257-9777,중국식,2026-05-27
일반음식점,대박갈매기살,"강원특별자치도 춘천시 우묵길78번길 24, 1층 (퇴계동)",강원특별자치도 춘천시 퇴계동 1153-3 1층 ,033-253-9225,한식,2026-05-27
일반음식점,진선미포차,"강원특별자치도 춘천시 스포츠타운길 529-7 (온의동, 1층)",강원특별자치도 춘천시 온의동 65-54 (1층) , 033-243-6485,분식,2026-05-27
일반음식점,대암감자탕한림대점,강원특별자치도 춘천시 삭주로 67 (교동),강원특별자치도 춘천시 교동 152-1 ,033-256-5055,한식,2026-05-27
일반음식점,돼지집,"강원특별자치도 춘천시 춘천로 173, 1층 (운교동)",강원특별자치도 춘천시 운교동 137-73 ,033-253-9992,김밥(도시락),2026-05-27
일반음식점,청미래닭갈비,강원특별자치도 춘천시 백령로138번길 53 (효자동),강원특별자치도 춘천시 효자동 631-16 ,033-244-2800,한식,2026-05-27
일반음식점,대구아구찜,강원특별자치도 춘천시 춘천로282번길 4-1 (후평동),강원특별자치도 춘천시 후평동 683-14 ,033-242-9289,한식,2026-05-27
일반음식점,귀품찬곽만근숯불갈비(춘천점),강원특별자치도 춘천시 동내면 춘천순환로 65,강원특별자치도 춘천시 동내면 거두리 912-3 ,033-263-9299,식육(숯불구이),2026-05-27
일반음식점,하이바춘천퇴계점,"강원특별자치도 춘천시 우묵길78번길 24, 1층 (퇴계동)",강원특별자치도 춘천시 퇴계동 1153-3 1층 , 033-257-5847,호프/통닭,2026-05-27
일반음식점,봉의산가는길,강원특별자치도 춘천시 소양정길 47 (소양로1가),강원특별자치도 춘천시 소양로1가 90-10 ,070-7576-4725,까페,2026-05-27
일반음식점,하남각,"강원특별자치도 춘천시 춘주로91번길 10 (온의동, 1층)",강원특별자치도 춘천시 온의동 522-4 (1층) , 033-242-5439,탕류(보신용),2026-05-27
일반음식점,그린벨리바베큐,강원특별자치도 춘천시 서면 명월길 521,강원특별자치도 춘천시 서면 덕두원리 717-1 ,,식육(숯불구이),2026-05-27
일반음식점,오솔길,강원특별자치도 춘천시 성심로 99 (효자동),강원특별자치도 춘천시 효자동 18-48 (3동) , 033-252-6680,한식,2026-05-27
일반음식점,봉실스넥2,"강원특별자치도 춘천시 서부대성로239번길 8, 3동 (효자동)",강원특별자치도 춘천시 효자동 631-13 (3동) , 033-257-8627,분식,2026-05-27
일반음식점,교촌치킨 후평1호점,강원특별자치도 춘천시 후석로 270 (후평동),강원특별자치도 춘천시 후평동 836-1 , 033-244-9789,통닭(치킨),2026-05-27
일반음식점,내촌청국장,"강원특별자치도 춘천시 충혼길34번길 14 (온의동, 1층)",강원특별자치도 춘천시 온의동 525-2 (1층) ,033-241-2577,한식,2026-05-27
일반음식점,후평 김밥나라,강원특별자치도 춘천시 후석로 298 (후평동),강원특별자치도 춘천시 후평동 794-7 , 033-256-2133,분식,2026-05-27
일반음식점,역전할머니맥주춘천애막골점,강원특별자치도 춘천시 애막골길11번길 28 (석사동),강원특별자치도 춘천시 석사동 735-15 , 033-261-4127,기타,2026-05-27
일반음식점,교촌치킨후평사거리점,"강원특별자치도 춘천시 춘천로 282, 1층 우측호 (후평동)",강원특별자치도 춘천시 후평동 683-12 , 033-251-4593,통닭(치킨),2026-05-27
일반음식점,경강오리구이,강원특별자치도 춘천시 남산면 서백길 65,강원특별자치도 춘천시 남산면 서천리 28-4 , 033-263-1935,식육(숯불구이),2026-05-27
일반음식점,마장동,"강원특별자치도 춘천시 중앙로 160 (근화동, 1층)",강원특별자치도 춘천시 근화동 706-7 ,033-255-0546,식육(숯불구이),2026-05-27
일반음식점,나 온,강원특별자치도 춘천시 칠전동2길 16-11 (칠전동),강원특별자치도 춘천시 칠전동 558-7 ,033-263-0880,한식,2026-05-27
일반음식점,문배촌가든,,강원특별자치도 춘천시 신동 886-4 , 033-244-9298,한식,2026-05-27
일반음식점,신촌돈까스,강원특별자치도 춘천시 서부대성로227번길 24 (효자동),강원특별자치도 춘천시 효자동 631 ,,경양식,2026-05-27
일반음식점,춘광식당,"강원특별자치도 춘천시 동부시장길 8 (운교동, 동부시장 88호)",강원특별자치도 춘천시 운교동 183 동부시장88호 , 033-257-3654,한식,2026-05-27
일반음식점,흥부왕족발,"강원특별자치도 춘천시 삭주로 189, 1층 (후평동)",강원특별자치도 춘천시 후평동 742-26 , 033-241-8286,한식,2026-05-27
일반음식점,명운반점,"강원특별자치도 춘천시 백령로138번길 50, 지하1~1층 (효자동)",강원특별자치도 춘천시 효자동 632-8 (3동지하1~1층) ,,중국식,2026-05-27
일반음식점,가정식당,강원특별자치도 춘천시 외솔길 20 (석사동),강원특별자치도 춘천시 석사동 111-9 , 033-261-9900,한식,2026-05-27
일반음식점,배나무골가마솥칼국수,강원특별자치도 춘천시 국사봉길 2-9 (퇴계동),강원특별자치도 춘천시 퇴계동 383-3 ,033-256-6868,한식,2026-05-27
일반음식점,돈사돈,강원특별자치도 춘천시 춘천로44번길 14 (퇴계동),강원특별자치도 춘천시 퇴계동 1136-4 ,033-910-9292,식육(숯불구이),2026-05-27
일반음식점,조부자매운순대가(명동점),강원특별자치도 춘천시 시청길12번길 11 (조양동),강원특별자치도 춘천시 조양동 61-3 ,033-252-1655,한식,2026-05-27
일반음식점,향원외갓집손두부,강원특별자치도 춘천시 동면 세실로317번길 3,강원특별자치도 춘천시 동면 만천리 804-16 ,033-253-5583,한식,2026-05-27
일반음식점,고은가든,강원특별자치도 춘천시 동내면 고은길 161,강원특별자치도 춘천시 동내면 고은리 300-2 , 033-262-6338,한식,2026-05-27
일반음식점,삼오촌두부,강원특별자치도 춘천시 남산면 소주고개로 426,강원특별자치도 춘천시 남산면 창촌리 419-1 , 033-261-4681,한식,2026-05-27
일반음식점,굽네치킨 춘천효자점,"강원특별자치도 춘천시 서부대성로 180-1, 1층 (효자동)",강원특별자치도 춘천시 효자동 608-21 , 033-257-8892,통닭(치킨),2026-05-27
일반음식점,향촌식당,강원특별자치도 춘천시 충열로 20 (우두동),강원특별자치도 춘천시 우두동 1065-4 , 033-252-0565,한식,2026-05-27
일반음식점,명가갈비,"강원특별자치도 춘천시 효자로14번길 22, 101호 (퇴계동)",강원특별자치도 춘천시 퇴계동 1145-6 ,033-251-4814,한식,2026-05-27
일반음식점,태평소,"강원특별자치도 춘천시 안마산로 185, 1층 (퇴계동)",강원특별자치도 춘천시 퇴계동 140 ,033-261-0953,식육(숯불구이),2026-05-27
일반음식점,라온스시,강원특별자치도 춘천시 애막골길11번길 23 (석사동),강원특별자치도 춘천시 석사동 736-11 ,033-911-7993,일식,2026-05-27
일반음식점,풍천장어숯불구이,강원특별자치도 춘천시 후석로 371 (후평동),강원특별자치도 춘천시 후평동 709-6 ,033-255-0592,한식,2026-05-27
일반음식점,와플칸 한림대점,강원특별자치도 춘천시 삭주로 64 (교동),강원특별자치도 춘천시 교동 15-3 , 033-252-8082,한식,2026-05-27
일반음식점,가마골소머리곰탕,"강원특별자치도 춘천시 동내면 학곡서1길 7, 1층",강원특별자치도 춘천시 동내면 학곡리 271-11 ,033-262-0559,한식,2026-05-27
일반음식점,모친식당,강원특별자치도 춘천시 중앙로77번길 12-1 (죽림동),강원특별자치도 춘천시 죽림동 11-164 , 033-255-5698,한식,2026-05-27
일반음식점,한남순대,"강원특별자치도 춘천시 춘천로 285, 1층 (후평동)",강원특별자치도 춘천시 후평동 686-25 ,033-243-9788,한식,2026-05-27
일반음식점,할랄에스키샤하르(HALAL ESKISHAHAR),"강원특별자치도 춘천시 서부대성로206번길 19, 1층 (효자동)",강원특별자치도 춘천시 효자동 769 ,033-255-5373,분식,2026-05-27
일반음식점,교촌치킨신사우동점,"강원특별자치도 춘천시 영서로 2767, 1층 (우두동)",강원특별자치도 춘천시 우두동 1052-29 , 033-244-9505,통닭(치킨),2026-05-27
일반음식점,김밥천국,강원특별자치도 춘천시 춘천로 191 (운교동),강원특별자치도 춘천시 운교동 206-8 , 033-254-5009,김밥(도시락),2026-05-27
일반음식점,세경옛날순대국,"강원특별자치도 춘천시 삭주로 125, 1동 (후평동)",강원특별자치도 춘천시 후평동 845-1 1동 ,033-251-5639,한식,2026-05-27
일반음식점,명품임실피자(후평.교동점),"강원특별자치도 춘천시 삭주로80번길 17, 1층 (교동)",강원특별자치도 춘천시 교동 161-2 , 033-253-5020,패스트푸드,2026-05-27
일반음식점,장가네더덕밥,강원특별자치도 춘천시 동면 소양강로 202,강원특별자치도 춘천시 동면 장학리 754-1 ,033-254-2626,한식,2026-05-27
일반음식점,착한복돼지,강원특별자치도 춘천시 애막골길7번길 15-1 (석사동),강원특별자치도 춘천시 석사동 740-6 ,033-263-1753,식육(숯불구이),2026-05-27
일반음식점,춘천왕감자탕(퇴계점),강원특별자치도 춘천시 승지골길13번길 21 (퇴계동),강원특별자치도 춘천시 퇴계동 1008-10 , 033-264-2779,탕류(보신용),2026-05-27
일반음식점,원조신토불이,강원특별자치도 춘천시 우석로85번길 20-9 (석사동),강원특별자치도 춘천시 석사동 726-5 , 033-261-1501,한식,2026-05-27
일반음식점,얼사랑홍삼청국장,강원특별자치도 춘천시 동면 구룡당길 45,강원특별자치도 춘천시 동면 감정리 505-1 , 033-242-1616,한식,2026-05-27
일반음식점,황토숯불닭갈비,"강원특별자치도 춘천시 공지로 438 (근화동, 1층)",강원특별자치도 춘천시 근화동 710-12 , 033-254-8055,한식,2026-05-27
일반음식점,명가호반닭갈비막국수(퇴계점),강원특별자치도 춘천시 승지골길13번길 17 (퇴계동),강원특별자치도 춘천시 퇴계동 1008-1 , 033-261-8952,기타,2026-05-27
일반음식점,(주)케이알산업춘천(하)휴게소한식봇,강원특별자치도 춘천시 동내면 영서로 1432,강원특별자치도 춘천시 동내면 사암리 123-2 외5필지(A동) , 033-264-0500,한식,2026-05-27
일반음식점,작업반장,강원특별자치도 춘천시 동내면 거두택지길14번길 4,강원특별자치도 춘천시 동내면 거두리 948-8 , 033-262-2337,호프/통닭,2026-05-27
일반음식점,광장칼국수보쌈,"강원특별자치도 춘천시 효석로25번길 18, 2동 (효자동)",강원특별자치도 춘천시 효자동 301-14 (2동) ,,한식,2026-05-27
일반음식점,하림각,강원특별자치도 춘천시 신북읍 신북로 34,강원특별자치도 춘천시 신북읍 율문리 318-31 , 033-241-3270,중국식,2026-05-27
일반음식점,러블리숑숑,"강원특별자치도 춘천시 칠전서길 46-63, 1층 (칠전동)",강원특별자치도 춘천시 칠전동 548-6 ,033-262-0512,한식,2026-05-27
일반음식점,신닭발,강원특별자치도 춘천시 백령로138번길 59 (효자동),강원특별자치도 춘천시 효자동 631-5 ,033-262-5565,한식,2026-05-27
일반음식점,온'S푸드,"강원특별자치도 춘천시 백령로 148-1, 1층 (효자동)",강원특별자치도 춘천시 효자동 20-11 , 033-251-2512,한식,2026-05-27
일반음식점,대룡산약초백숙,"강원특별자치도 춘천시 동내면 동내로 375-14, 1층",강원특별자치도 춘천시 동내면 고은리 35-17 , 033-262-1933,식육(숯불구이),2026-05-27
일반음식점,풍천숯불갈비,강원특별자치도 춘천시 동내면 거두택지길26번길 26,강원특별자치도 춘천시 동내면 거두리 952-8 , 033-263-4601,한식,2026-05-27
일반음식점,투다리거두부영점,강원특별자치도 춘천시 동내면 거두택지길 22 (1층우측),강원특별자치도 춘천시 동내면 거두리 956-3 , 033-263-1220,호프/통닭,2026-05-27
일반음식점,춘천맛집 종로1973,강원특별자치도 춘천시 동내면 춘천순환로72번길 33-14,강원특별자치도 춘천시 동내면 거두리 966-1 ,033-262-9286,한식,2026-05-27
일반음식점,한림통닭,강원특별자치도 춘천시 삭주로 지하 89-4 (후평동),강원특별자치도 춘천시 후평동 846-1 ,033-242-0503,한식,2026-05-27
일반음식점,민가생삼겹,강원특별자치도 춘천시 충혼길18번길 18 (온의동),강원특별자치도 춘천시 온의동 173 ,033-256-5388,한식,2026-05-27
일반음식점,타박네,"강원특별자치도 춘천시 삭주로 106, 1동 (후평동)",강원특별자치도 춘천시 후평동 854-4 1동 , 033-255-8753,호프/통닭,2026-05-27
일반음식점,효자골식당,강원특별자치도 춘천시 새롬공원길9번길 6-5 (석사동),강원특별자치도 춘천시 석사동 836-6 ,033-254-4100,탕류(보신용),2026-05-27
일반음식점,황토영광장어,강원특별자치도 춘천시 벌말길 100 (석사동),강원특별자치도 춘천시 석사동 696-1 ,033-263-4705,식육(숯불구이),2026-05-27
일반음식점,명봉닭갈비막국수,강원특별자치도 춘천시 동면 금촌로 273,강원특별자치도 춘천시 동면 만천리 71 , 033-256-1735,한식,2026-05-27
일반음식점,짱인,강원특별자치도 춘천시 백령로 121-1 (효자동),강원특별자치도 춘천시 효자동 767-29 , 033-255-9975,기타,2026-05-27
일반음식점,륭림닭발,"강원특별자치도 춘천시 스무숲1길 38-12, 1층 (석사동)",강원특별자치도 춘천시 석사동 915-7 (1층) ,033-252-6248,한식,2026-05-27
일반음식점,옥산포기사식당,강원특별자치도 춘천시 영서로 3058 (사농동),강원특별자치도 춘천시 사농동 271-17 , 033-256-9998,한식,2026-05-27
일반음식점,원님밥상,강원특별자치도 춘천시 시청길12번길 10 (조양동),강원특별자치도 춘천시 조양동 43-7 , 033-257-5477,한식,2026-05-27
일반음식점,남부닭갈비,강원특별자치도 춘천시 공지로 357 (효자동),강원특별자치도 춘천시 효자동 685-14 ,033-243-9996,분식,2026-05-27
일반음식점,또봉이통닭후평점,"강원특별자치도 춘천시 삭주로 130, 1층 (후평동)",강원특별자치도 춘천시 후평동 711-28 ,033-252-0212,통닭(치킨),2026-05-27
일반음식점,찍찍이네,"강원특별자치도 춘천시 우석로79번길 12-10, 1층 (석사동)",강원특별자치도 춘천시 석사동 732-17 (1층) ,033-263-2727,호프/통닭,2026-05-27
일반음식점,대박이네막창춘천1호점,"강원특별자치도 춘천시 보안길 50 (후평동, 1층)",강원특별자치도 춘천시 후평동 72-1 ,033-253-3139,한식,2026-05-27
일반음식점,나눔화로숯불구이,강원특별자치도 춘천시 춘천로114번길 51 (효자동),강원특별자치도 춘천시 효자동 661-13 , 033-244-6154,식육(숯불구이),2026-05-27
일반음식점,서해안생찜,"강원특별자치도 춘천시 공지로 345, 2층 (효자동, 수협마트)",강원특별자치도 춘천시 효자동 692-1 ,033-261-8820,한식,2026-05-27
일반음식점,착한곱한우곱창춘천1호점,"강원특별자치도 춘천시 백령로 214, 1층 (후평동)",강원특별자치도 춘천시 후평동 67-78 1층 , 033-242-8872,정종/대포집/소주방,2026-05-27
일반음식점,태산갈비,"강원특별자치도 춘천시 승지골길13번길 7-7, 1층 (퇴계동)",강원특별자치도 춘천시 퇴계동 1003-3 1층 , 033-262-4932,식육(숯불구이),2026-05-27
일반음식점,남춘천오색찬란숯불닭갈비,강원특별자치도 춘천시 남춘로36번길 57 (퇴계동),강원특별자치도 춘천시 퇴계동 946-7 , 033-263-9430,한식,2026-05-27
일반음식점,이삭토스트강원대점,강원특별자치도 춘천시 서부대성로 211 (효자동),강원특별자치도 춘천시 효자동 618-9 , 033-253-8295,기타,2026-05-27
일반음식점,지정환임실치즈피자,"강원특별자치도 춘천시 퇴계로 245, 1층 (석사동)",강원특별자치도 춘천시 석사동 818-12 (1층) ,033-262-7886,호프/통닭,2026-05-27
일반음식점,왕짱구,"강원특별자치도 춘천시 후석로186번길 30-3, 1층 (석사동)",강원특별자치도 춘천시 석사동 725-12 (1층) ,033-261-4860,정종/대포집/소주방,2026-05-27
일반음식점,륭림닭발,"강원특별자치도 춘천시 소양고개길 51, 1층 (요선동)",강원특별자치도 춘천시 요선동 11-23 ,033-252-2939,한식,2026-05-27
일반음식점,카페테리아틴토이,강원특별자치도 춘천시 서면 박사로 854,강원특별자치도 춘천시 서면 현암리 371-1 , 033-243-3112,분식,2026-05-27
일반음식점,출렁다리,강원특별자치도 춘천시 남산면 강촌문배길 485-3,강원특별자치도 춘천시 남산면 강촌리 491-1 ,,한식,2026-05-27
일반음식점,미소네,"강원특별자치도 춘천시 공지로 367 (효자동, 31,32호)",강원특별자치도 춘천시 효자동 684-11 , 033-251-1425,정종/대포집/소주방,2026-05-27
일반음식점,투다리후평3동점,강원특별자치도 춘천시 후석로 254 (후평동),강원특별자치도 춘천시 후평동 831-9 ,033-255-0203,호프/통닭,2026-05-27
일반음식점,든든,"강원특별자치도 춘천시 애막골길3번길 18-1, 1층 (석사동)",강원특별자치도 춘천시 석사동 740-19 ,033-818-3181,기타,2026-05-27
일반음식점,김밥나라(우두점),"강원특별자치도 춘천시 영서로 2761 (우두동, 1층)",강원특별자치도 춘천시 우두동 1052-34 , 033-242-1094,분식,2026-05-27
일반음식점,교촌치킨(효자점),"강원특별자치도 춘천시 춘천로 94, 1층 (효자동)",강원특별자치도 춘천시 효자동 545-3 ,033-252-9949,통닭(치킨),2026-05-27
일반음식점,애막골고깃집,강원특별자치도 춘천시 애막골길3번길 22 (석사동),강원특별자치도 춘천시 석사동 737-12 ,033-261-8887,정종/대포집/소주방,2026-05-27
일반음식점,김밥나라만천점,"강원특별자치도 춘천시 춘천로 381-2, 1층 (후평동)",강원특별자치도 춘천시 후평동 297 (1층) ,033-256-0301,김밥(도시락),2026-05-27
일반음식점,중화요리죽향,"강원특별자치도 춘천시 효제길 55, 2동 1층 (효자동)","강원특별자치도 춘천시 효자동 183-6 (2동, 1층) ",033-253-9031,중국식,2026-05-27
일반음식점,맘스터치춘천석사CGV점,"강원특별자치도 춘천시 퇴계농공로 22, 102호 (석사동)",강원특별자치도 춘천시 석사동 880-4 (102호) ,033-263-9393,호프/통닭,2026-05-27
일반음식점,우리해장국,"강원특별자치도 춘천시 우석로 43, 1층 (석사동)",강원특별자치도 춘천시 석사동 765-2 (1층) ,,한식,2026-05-27
일반음식점,김밥나라운교점,"강원특별자치도 춘천시 금강로 93 (운교동, 1층)",강원특별자치도 춘천시 운교동 168 , 033-252-2527,분식,2026-05-27
일반음식점,옛골밥집,강원특별자치도 춘천시 남산면 소주고개로 654,강원특별자치도 춘천시 남산면 창촌리 197-7 , 033-261-5627,한식,2026-05-27
일반음식점,동도통영굴밥,"강원특별자치도 춘천시 공지로 433 (근화동, 1층, 좌측)","강원특별자치도 춘천시 근화동 712-1 (1층, 좌측) ", 033-244-3392,한식,2026-05-27
일반음식점,김밥분식,"강원특별자치도 춘천시 후만로 87-1 (후평동, 1층)",강원특별자치도 춘천시 후평동 807-14 , 033-252-7896,분식,2026-05-27
일반음식점,고바우부대찌개,"강원특별자치도 춘천시 삭주로 80 (교동, (지하1층))",강원특별자치도 춘천시 교동 156-27 ,033-256-5442,한식,2026-05-27
일반음식점,춘천푸주옥(거두점),강원특별자치도 춘천시 동내면 세실로 34,강원특별자치도 춘천시 동내면 거두리 667-5 , 033-261-3838,한식,2026-05-27
일반음식점,인생건어물 춘천스무숲점,"강원특별자치도 춘천시 스무숲1길 67, 1층 (석사동)",강원특별자치도 춘천시 석사동 927-4 (1층) ,,한식,2026-05-27
일반음식점,참미닭갈비,강원특별자치도 춘천시 충열로16번길 21-17 (우두동),강원특별자치도 춘천시 우두동 1062-10 ,033-253-4966,한식,2026-05-27
일반음식점,터널생고기,강원특별자치도 춘천시 중앙로 28-5 (요선동),강원특별자치도 춘천시 요선동 9-1 , 033-252-1770,한식,2026-05-27
일반음식점,거두리박대감,"강원특별자치도 춘천시 동내면 춘천순환로72번길 41, 1층",강원특별자치도 춘천시 동내면 거두리 958-6 1층 ,033-264-3433,한식,2026-05-27
일반음식점,쉐도우,"강원특별자치도 춘천시 백령로138번길 32, 3동 3층 (효자동)","강원특별자치도 춘천시 효자동 628-13 (3동,3층) ", 033-254-2008,감성주점,2026-05-27
일반음식점,예와생스튜디오카페,강원특별자치도 춘천시 동면 가산로 186-5,강원특별자치도 춘천시 동면 지내리 407 ,033-252-5500,기타,2026-05-27
일반음식점,이모네식당,"강원특별자치도 춘천시 소양로171번길 6-6, 1층 (소양로2가)",강원특별자치도 춘천시 소양로2가 177-18 ,033-255-0585,한식,2026-05-27
일반음식점,스타트하우스,"강원특별자치도 춘천시 남산면 경춘로 212-30, 제이드팰리스G.C. 1층 스타트하우스",강원특별자치도 춘천시 남산면 서천리 121-19 제이드팰리스G.C. , 033-260-8072,한식,2026-05-27
일반음식점,그늘집1,"강원특별자치도 춘천시 남산면 경춘로 212-30, 제이드팰리스G.C.",강원특별자치도 춘천시 남산면 서천리 121-19 제이드팰리스G.C. , 033-260-8072,한식,2026-05-27
일반음식점,그늘집2,"강원특별자치도 춘천시 남산면 경춘로 212-30, 제이드팰리스G.C.",강원특별자치도 춘천시 남산면 서천리 121-19 제이드팰리스G.C. , 033-260-8072,한식,2026-05-27
일반음식점,대식당,"강원특별자치도 춘천시 남산면 경춘로 212-30, 제이드팰리스G.C.",강원특별자치도 춘천시 남산면 서천리 121-19 제이드팰리스G.C. , 033-260-2152,한식,2026-05-27
일반음식점,흥부밥상,"강원특별자치도 춘천시 신동면 한치로 988, 1층",강원특별자치도 춘천시 신동면 팔미리 250-2 , 033-261-6750,한식,2026-05-27
일반음식점,손님입맛대로,"강원특별자치도 춘천시 동부시장길 8, 1층 62,63호호 (운교동, 동부시장)",강원특별자치도 춘천시 운교동 183 ,033-244-7864,한식,2026-05-27
일반음식점,진미식당,"강원특별자치도 춘천시 서부대성로44번길 22-1, 1층 (요선동)",강원특별자치도 춘천시 요선동 13-15 ,033-244-4144,한식,2026-05-27
일반음식점,밥보네집,"강원특별자치도 춘천시 서부대성로239번길 4, 3동 1층 (효자동)","강원특별자치도 춘천시 효자동 632 (3동,1층) ", 033-255-2123,한식,2026-05-27
일반음식점,속초항한마리동태찌개(속초항메들집),강원특별자치도 춘천시 서부대성로48번길 21 (요선동),강원특별자치도 춘천시 요선동 15-18 , 033-253-9981,한식,2026-05-27
일반음식점,돈푸대부속구이,"강원특별자치도 춘천시 삭주로80번길 46, 3동 1층 (효자동)",강원특별자치도 춘천시 효자동 754-10 (3동1층) ,033-252-5698,식육(숯불구이),2026-05-27
일반음식점,대주객,"강원특별자치도 춘천시 애막골길11번길 7, 1층 (석사동)",강원특별자치도 춘천시 석사동 749-3 (1층) , 033-263-3992,정종/대포집/소주방,2026-05-27
일반음식점,주현출장부페,"강원특별자치도 춘천시 후석로59번길 13-3, 1층 (석사동)",강원특별자치도 춘천시 석사동 646 (1층) , 033-262-7350,뷔페식,2026-05-27
일반음식점,제천황기명태(춘천점),"강원특별자치도 춘천시 승지골길 7-3, 1층 (퇴계동)",강원특별자치도 춘천시 퇴계동 1008-5 1층 ,033-256-9119,한식,2026-05-27
일반음식점,춘천옥수한방코다리,강원특별자치도 춘천시 공지로347번길 8 (효자동),강원특별자치도 춘천시 효자동 685-7 , 033-252-6869,한식,2026-05-27
일반음식점,춘석이네,강원특별자치도 춘천시 방송길7번길 12-1 (중앙로3가),강원특별자치도 춘천시 중앙로3가 78-4 , 033-257-8859,한식,2026-05-27
일반음식점,토담화로구이,"강원특별자치도 춘천시 남춘로36번길 65 (퇴계동, 1층)",강원특별자치도 춘천시 퇴계동 968-1 , 033-263-7799,식육(숯불구이),2026-05-27
일반음식점,고신,"강원특별자치도 춘천시 공지로 248, 1층 (효자동)",강원특별자치도 춘천시 효자동 325-7 ,033-256-8955,한식,2026-05-27
일반음식점,믿을신푸드,"강원특별자치도 춘천시 후석로45번길 22, 1층 (석사동)",강원특별자치도 춘천시 석사동 651-21 (1층) ,,한식,2026-05-27
일반음식점,나비야,강원특별자치도 춘천시 서면 툇골길 15,강원특별자치도 춘천시 서면 서상리 1054 , 033-243-1970,기타,2026-05-27
일반음식점,양철집,"강원특별자치도 춘천시 퇴계로 207-1, 1층 (석사동)",강원특별자치도 춘천시 석사동 796-12 , 033-261-4799,한식,2026-05-27
일반음식점,부자네토종순대국,"강원특별자치도 춘천시 삭주로 62-1, 1층 (교동)",강원특별자치도 춘천시 교동 11-1 ,033-912-5985,한식,2026-05-27
일반음식점,웰빙닭갈비,"강원특별자치도 춘천시 승지골길 3-6, 1층 (퇴계동)",강원특별자치도 춘천시 퇴계동 1008-7 1층 , 033-261-9285,한식,2026-05-27
일반음식점,요리마을,강원특별자치도 춘천시 동산면 조양길 288,강원특별자치도 춘천시 동산면 조양리 350-12 ,,중국식,2026-05-27
일반음식점,청솔닭갈비,"강원특별자치도 춘천시 안마산로 17 (온의동, 1층)",강원특별자치도 춘천시 온의동 548-13 (1층) , 033-243-5538,한식,2026-05-27
일반음식점,본가호반닭갈비 · 막국수,강원특별자치도 춘천시 동내면 춘천순환로72번길 34-15,강원특별자치도 춘천시 동내면 거두리 948-1 ,033-264-7738,한식,2026-05-27
일반음식점,곽만근갈비탕,"강원특별자치도 춘천시 퇴계농공로 13, 1층 (석사동)",강원특별자치도 춘천시 석사동 890-2 (1층) ,033-264-1949,한식,2026-05-27
일반음식점,춘천왕감자탕,강원특별자치도 춘천시 동내면 춘천순환로72번길 40,강원특별자치도 춘천시 동내면 거두리 954-13 , 033-263-3273,한식,2026-05-27
일반음식점,승도리네곱도리탕춘천점,"강원특별자치도 춘천시 우석로79번길 13, 1층 (석사동)",강원특별자치도 춘천시 석사동 743-1 (1층) ,,한식,2026-05-27
일반음식점,콩사랑마을,"강원특별자치도 춘천시 우묵들길 35-14, 1,2층 (퇴계동)",강원특별자치도 춘천시 퇴계동 1136-2 ,033-255-2180,한식,2026-05-27
일반음식점,오리날다,강원특별자치도 춘천시 서면 율장길 17 (1층),강원특별자치도 춘천시 서면 안보리 701-1 (1층) , 033-263-5226,한식,2026-05-27
일반음식점,거두호갈비,강원특별자치도 춘천시 동내면 춘천순환로72번길 33-6,강원특별자치도 춘천시 동내면 거두리 960-1 ,033-264-9377,식육(숯불구이),2026-05-27
일반음식점,아시안피자석사퇴계점,"강원특별자치도 춘천시 춘주로 104, 1층 (온의동)",강원특별자치도 춘천시 온의동 531-3 ,033-257-5519,패스트푸드,2026-05-27
일반음식점,퇴계풍물생고기양푼이동태탕,강원특별자치도 춘천시 춘주로187번길 8 (퇴계동),강원특별자치도 춘천시 퇴계동 896-10 , 033-241-9255,식육(숯불구이),2026-05-27
일반음식점,원순두부,강원특별자치도 춘천시 서부대성로48번길 19 (요선동),강원특별자치도 춘천시 요선동 15-22 ,033-244-2653,한식,2026-05-27
일반음식점,조부자매운순대가,강원특별자치도 춘천시 소양정길 16-24 (소양로1가),강원특별자치도 춘천시 소양로1가 59-16 , 033-253-3471,한식,2026-05-27
일반음식점,근무중이상무닭쳐,"강원특별자치도 춘천시 애막골길11번길 26 (석사동, 1층)",강원특별자치도 춘천시 석사동 735-14 (1층) ,0507-1465-5991,호프/통닭,2026-05-27
일반음식점,솔내음닭갈비,"강원특별자치도 춘천시 영서로2756번길 14, 1층 (우두동)",강원특별자치도 춘천시 우두동 1062-5 ,033-252-0019,한식,2026-05-27
일반음식점,홍대김밥,강원특별자치도 춘천시 삭주로 104 (후평동),강원특별자치도 춘천시 후평동 854-2 , 033-256-5936,분식,2026-05-27
일반음식점,자갈치마당,강원특별자치도 춘천시 영서로 2757-1 (우두동),강원특별자치도 춘천시 우두동 1052-36 , 033-241-4545,횟집,2026-05-27
일반음식점,누구나홀딱반한닭석사점,"강원특별자치도 춘천시 퇴계농공로 19, 106호,107호호 (석사동, 화인프라자 )","강원특별자치도 춘천시 석사동 888-3 (화인프라자 106호,107호) ", 033-264-8811,호프/통닭,2026-05-27
일반음식점,꽃게신랑아구각시,강원특별자치도 춘천시 퇴계로 65 (퇴계동),강원특별자치도 춘천시 퇴계동 1166-5 1층 , 033-256-4075,한식,2026-05-27
일반음식점,도토리네집,"강원특별자치도 춘천시 스무숲1길 46-5, 1층 (석사동)",강원특별자치도 춘천시 석사동 923-3 (1층) , 033-263-5856,한식,2026-05-27
일반음식점,귀틀촌,강원특별자치도 춘천시 동산면 가암1길 6-4 (가동1층),강원특별자치도 춘천시 동산면 원창리 742 , 033-262-0280,한식,2026-05-27
일반음식점,삽자루든돼지,"강원특별자치도 춘천시 삭주로 89-4 (후평동, 현대상가 204호)",강원특별자치도 춘천시 후평동 846-1 현대상가 204호 , 033-252-9297,한식,2026-05-27
일반음식점,마포돼지갈비,"강원특별자치도 춘천시 안마산로 217-1 (퇴계동, 한주아파트상가 101~105호)",강원특별자치도 춘천시 퇴계동 944 한주아파트상가 101~105호 , 033-263-9797,한식,2026-05-27
일반음식점,약수터붕어찜,강원특별자치도 춘천시 송암길 45 (송암동),강원특별자치도 춘천시 송암동 702-1 ,033-264-2661,한식,2026-05-27
일반음식점,춘천왕감자탕,강원특별자치도 춘천시 충열로16번길 27 (우두동),강원특별자치도 춘천시 우두동 1061-15 , 033-241-3273,한식,2026-05-27
일반음식점,영화루,"강원특별자치도 춘천시 옛경춘로 508-7 (온의동, 1층)",강원특별자치도 춘천시 온의동 508 (1층) , 033-263-8282,중국식,2026-05-27
일반음식점,잠실집,"강원특별자치도 춘천시 충혼길8번길 9-10, 1층 (퇴계동)",강원특별자치도 춘천시 퇴계동 871-5 1층 , 033-244-2189,한식,2026-05-27
일반음식점,서울감자탕,"강원특별자치도 춘천시 공지로 366 (효자동, 1층)",강원특별자치도 춘천시 효자동 674-10 , 033-255-8880,탕류(보신용),2026-05-27
일반음식점,청춘호프,강원특별자치도 춘천시 춘천로 326 (후평동),강원특별자치도 춘천시 후평동 727-3 , 033-910-3936,호프/통닭,2026-05-27
일반음식점,둥근닭갈비막국수닭보쌈,"강원특별자치도 춘천시 동내면 춘천순환로72번길 54, 1층",강원특별자치도 춘천시 동내면 거두리 983-10 , 033-252-6366,한식,2026-05-27
일반음식점,이층포차,"강원특별자치도 춘천시 후석로326번길 11 (후평동, 2층)",강원특별자치도 춘천시 후평동 457-5 , 033-257-0610,정종/대포집/소주방,2026-05-27
일반음식점,닭바우닭갈비,강원특별자치도 춘천시 동내면 거두택지길14번길 2,강원특별자치도 춘천시 동내면 거두리 948-7 , 033-263-2554,한식,2026-05-27
일반음식점,엠브로돈까스춘천거두점,"강원특별자치도 춘천시 동내면 거두택지길4번길 11, 1층",강원특별자치도 춘천시 동내면 거두리 950-14 , 033-442-1688,한식,2026-05-27
일반음식점,미다미,"강원특별자치도 춘천시 동면 후만로 180, 1층",강원특별자치도 춘천시 동면 만천리 579-3 , 033-241-2289,한식,2026-05-27
일반음식점,김밥천국(우두점),"강원특별자치도 춘천시 충열로 39 (우두동, A동3호)",강원특별자치도 춘천시 우두동 707-35 , 033-243-7768,분식,2026-05-27
일반음식점,양지식당,"강원특별자치도 춘천시 스무숲4길 5-1, 1층 (석사동)",강원특별자치도 춘천시 석사동 942-3 (1층) , 033-263-0704,한식,2026-05-27
일반음식점,원조춘천우미닭갈비본점,"강원특별자치도 춘천시 시청길10번길 15 (조양동, 1층)",강원특별자치도 춘천시 조양동 47-8 ,033-257-4705,한식,2026-05-27
일반음식점,25시김밥,"강원특별자치도 춘천시 안마산로 214 (퇴계동, (퇴계금호타운@상가1층3호))",강원특별자치도 춘천시 퇴계동 945 (퇴계금호타운@상가1층3호) , 033-264-2477,분식,2026-05-27
일반음식점,경강손두부,"강원특별자치도 춘천시 남산면 서백길 28, 지하1,1층",강원특별자치도 춘천시 남산면 서천리 256-2 , 033-263-1944,한식,2026-05-27
일반음식점,유정손만두,강원특별자치도 춘천시 신동면 김유정로 1421,강원특별자치도 춘천시 신동면 증리 938-19 ,033-261-4233,한식,2026-05-27
일반음식점,유봉해물찜,"강원특별자치도 춘천시 퇴계로 63-1, 1층 (퇴계동)",강원특별자치도 춘천시 퇴계동 1166-9 1층 , 033-243-3323,한식,2026-05-27
일반음식점,또순네,"강원특별자치도 춘천시 충열로16번길 14-1 (우두동, 1층)",강원특별자치도 춘천시 우두동 1066-11 , 033-253-0535,한식,2026-05-27
일반음식점,커피톡(coffee-talk),"강원특별자치도 춘천시 애막골길3번길 6, 1층 (석사동)",강원특별자치도 춘천시 석사동 750-10 , 033-264-7988,호프/통닭,2026-05-27
일반음식점,화동손칼국수,"강원특별자치도 춘천시 춘천로 205-1, 1층 (효자동)",강원특별자치도 춘천시 효자동 640-5 , 033-251-4819,한식,2026-05-27
일반음식점,정원,"강원특별자치도 춘천시 우묵길78번길 20, 1층 (퇴계동)",강원특별자치도 춘천시 퇴계동 1153-2 , 033-255-0313,호프/통닭,2026-05-27
일반음식점,강원대학교병원장례식장,"강원특별자치도 춘천시 백령로 156, 3동 1층 (효자동)","강원특별자치도 춘천시 효자동 17-1 외9필지(3동,1층) ",033-254-5611,한식,2026-05-27
일반음식점,강촌역닭갈비,강원특별자치도 춘천시 남산면 강촌구곡길 54,강원특별자치도 춘천시 남산면 강촌리 362-6 , 033-261-8093,식육(숯불구이),2026-05-27
일반음식점,유우동,강원특별자치도 춘천시 백령로 127 (효자동),강원특별자치도 춘천시 효자동 767-21 , 033-251-6525,한식,2026-05-27
일반음식점,해마,"강원특별자치도 춘천시 춘천로 380-1, 1층 (후평동)",강원특별자치도 춘천시 후평동 742-1 , 033-255-1625,일식,2026-05-27
일반음식점,맛있으면돼지,강원특별자치도 춘천시 남춘로36번길 53 (퇴계동),강원특별자치도 춘천시 퇴계동 946-5 , 033-262-4090,한식,2026-05-27
일반음식점,땡촌닭발,"강원특별자치도 춘천시 삭주로 128, 1동 1층 (후평동)",강원특별자치도 춘천시 후평동 711-29 (1층) 1동 , 033-242-3221,호프/통닭,2026-05-27
일반음식점,미가득,강원특별자치도 춘천시 신흥길5번길 4-10 (우두동),강원특별자치도 춘천시 우두동 1053-10 , 033-253-5611,기타,2026-05-27
일반음식점,김밥나라퇴계점,강원특별자치도 춘천시 춘주로 145-1 (퇴계동),강원특별자치도 춘천시 퇴계동 903-5 ,033-244-0448,김밥(도시락),2026-05-27
일반음식점,이차전,"강원특별자치도 춘천시 남춘로36번길 53, 1층 (퇴계동)",강원특별자치도 춘천시 퇴계동 946-5 1층 ,033-264-3325,정종/대포집/소주방,2026-05-27
일반음식점,우주종합어시장,"강원특별자치도 춘천시 춘천로 209, 강원인재개발원 1층 (효자동)",강원특별자치도 춘천시 효자동 640-8 강원인재개발원 ,033-261-7165,횟집,2026-05-27
일반음식점,아바이순대국,강원특별자치도 춘천시 삭주로 82 (교동),강원특별자치도 춘천시 교동 154 , 033-257-2241,한식,2026-05-27
일반음식점,효자황태구이,"강원특별자치도 춘천시 남춘로51번길 15-1 (효자동, 1~2층)",강원특별자치도 춘천시 효자동 705-18 (1~2층) ,033-253-9988,한식,2026-05-27
일반음식점,부안아구찜,강원특별자치도 춘천시 보안길 86 (후평동),강원특별자치도 춘천시 후평동 417 , 033-255-5095,한식,2026-05-27
일반음식점,함바집,"강원특별자치도 춘천시 동내면 장안길 13, 1층",강원특별자치도 춘천시 동내면 신촌리 583-7 ,,한식,2026-05-27
일반음식점,후평1번지닭갈비,"강원특별자치도 춘천시 후석로 247 (후평동, 후평프라자 201호-206호)",강원특별자치도 춘천시 후평동 25 , 033-256-5033,한식,2026-05-27
일반음식점,남원본가맛추어탕,강원특별자치도 춘천시 영서로 2841 (사농동),강원특별자치도 춘천시 사농동 76-7 ,033-251-1177,탕류(보신용),2026-05-27
일반음식점,토마토도시락춘천한림대점,강원특별자치도 춘천시 삭주로 69 (교동),"강원특별자치도 춘천시 교동 152-3 152-2,152-8(1층) ", 033-242-7407,기타,2026-05-27
일반음식점,마이웨이,"강원특별자치도 춘천시 춘천로 지하 270 (후평동, 지하)",강원특별자치도 춘천시 후평동 683 , 033-243-7939,감성주점,2026-05-27
일반음식점,팔미농원,강원특별자치도 춘천시 신동면 설미길 218-21,강원특별자치도 춘천시 신동면 팔미리 674 , 033-261-0134,한식,2026-05-27
일반음식점,호호식당,"강원특별자치도 춘천시 퇴계농공로 13 (석사동, 1층)",강원특별자치도 춘천시 석사동 890-2 ,033-262-9275,한식,2026-05-27
일반음식점,콩새알,"강원특별자치도 춘천시 동부시장길 8-4, 1층 (운교동)",강원특별자치도 춘천시 운교동 182 , 033-255-3199,한식,2026-05-27
일반음식점,7080앤조이,"강원특별자치도 춘천시 충혼길5번길 1, 지하층 (퇴계동)",강원특별자치도 춘천시 퇴계동 875-1 (지하) ,,라이브카페,2026-05-27
일반음식점,설악추어탕,"강원특별자치도 춘천시 우석로4번길 15, 1층 (석사동)",강원특별자치도 춘천시 석사동 778-8 (1층) ,033-263-0770,한식,2026-05-27
일반음식점,행복한왕족발보쌈,강원특별자치도 춘천시 충열로16번길 31-1 (우두동),강원특별자치도 춘천시 우두동 1061-11 , 033-256-9693,식육(숯불구이),2026-05-27
일반음식점,남춘천포차,"강원특별자치도 춘천시 퇴계로 54, 외3필지 (퇴계동)","강원특별자치도 춘천시 퇴계동 642-4 7,8,643-5 ", 033-244-0592,통닭(치킨),2026-05-27
일반음식점,문배마을장씨네,"강원특별자치도 춘천시 솟발1길 4-49, 1층 (퇴계동)",강원특별자치도 춘천시 퇴계동 475-9 , 033-256-7928,한식,2026-05-27
일반음식점,닭장,"강원특별자치도 춘천시 서부대성로 216, 2층 (효자동)",강원특별자치도 춘천시 효자동 617-14 (2층) ,033-243-8889,통닭(치킨),2026-05-27
일반음식점,탑플레이스(Top Place),강원특별자치도 춘천시 동면 순환대로 1154-115,강원특별자치도 춘천시 동면 장학리 139-54 , 033-251-3555,까페,2026-05-27
일반음식점,본삼계탕,"강원특별자치도 춘천시 춘천로 338, 103호 (후평동)",강원특별자치도 춘천시 후평동 728-7 , 033-254-9191,한식,2026-05-27
일반음식점,꼬꼬닭발,"강원특별자치도 춘천시 행촌로 56-1, 1층 (퇴계동)",강원특별자치도 춘천시 퇴계동 900-11 1층 , 033-244-9291,한식,2026-05-27
일반음식점,메밀밭감자옹심이메밀칼국수,강원특별자치도 춘천시 벌말길 54 (석사동),강원특별자치도 춘천시 석사동 642-12 ,033-261-7122,한식,2026-05-27
일반음식점,말탕개미도리탕,"강원특별자치도 춘천시 후석로393번길 31-1, 1층 (후평동)",강원특별자치도 춘천시 후평동 848-3 (1층) , 033-241-1845,한식,2026-05-27
일반음식점,원조짱구,"강원특별자치도 춘천시 안마산로 207, 1층 (퇴계동)",강원특별자치도 춘천시 퇴계동 86-2 1층 , 033-262-7954,분식,2026-05-27
일반음식점,호반한우소갈비살,"강원특별자치도 춘천시 남춘로36번길 69, 1층 (퇴계동)",강원특별자치도 춘천시 퇴계동 968-8 ,033-263-6161,탕류(보신용),2026-05-27
일반음식점,정현도토리임자탕,강원특별자치도 춘천시 동내면 거두택지길26번길 3,강원특별자치도 춘천시 동내면 거두리 962-2 , 033-263-0002,한식,2026-05-27
일반음식점,복돼지숯불갈비,"강원특별자치도 춘천시 보안길 81, 1층 (후평동)",강원특별자치도 춘천시 후평동 702-9 1층 ,033-254-0104,한식,2026-05-27
일반음식점,산토리니,강원특별자치도 춘천시 동면 순환대로 1154-97,강원특별자치도 춘천시 동면 장학리 144-16 , 033-242-3010,까페,2026-05-27
일반음식점,우촌식당,강원특별자치도 춘천시 공지로451번길 11 (근화동),강원특별자치도 춘천시 근화동 285-13 ,033-243-7305,한식,2026-05-27
일반음식점,번짐,강원특별자치도 춘천시 남춘로36번길 60 (퇴계동),강원특별자치도 춘천시 퇴계동 954-2 , 033-262-5671,호프/통닭,2026-05-27
일반음식점,저팔계,강원특별자치도 춘천시 퇴계로 31 (퇴계동),강원특별자치도 춘천시 퇴계동 1162-4 , 033-253-6865,식육(숯불구이),2026-05-27
일반음식점,오페라가든,강원특별자치도 춘천시 동내면 원창고개길 125,강원특별자치도 춘천시 동내면 학곡리 106-8 ,033-263-3123,한식,2026-05-27
일반음식점,산토리니,강원특별자치도 춘천시 동면 순환대로 1154-97 (2층),강원특별자치도 춘천시 동면 장학리 144-16 , 033-242-3010,경양식,2026-05-27
일반음식점,59년왕십리,"강원특별자치도 춘천시 삭주로 125, 102호 (후평동, 세경3차@상가)",강원특별자치도 춘천시 후평동 845-1 세경3차@상가 102호,033-252-5622,정종/대포집/소주방,2026-05-27
일반음식점,도원강,강원특별자치도 춘천시 남춘로36번길 71 (퇴계동),강원특별자치도 춘천시 퇴계동 968-2 ,,한식,2026-05-27
일반음식점,해돋이,강원특별자치도 춘천시 후석로 370 (후평동),강원특별자치도 춘천시 후평동 724-3 ,033-253-7218,횟집,2026-05-27
일반음식점,머슴빱,강원특별자치도 춘천시 우두상리1길 29 (우두동),강원특별자치도 춘천시 우두동 198-7 ,033-255-2845,한식,2026-05-27
일반음식점,아줌마숯불갈비,"강원특별자치도 춘천시 춘천로 311, 1동 1층 (후평동)",강원특별자치도 춘천시 후평동 704-7 (1동1층) ,033-253-1363,한식,2026-05-27
일반음식점,국시집,"강원특별자치도 춘천시 명동길29번길 4-26, 1층 (죽림동)",강원특별자치도 춘천시 죽림동 11-101 ,,한식,2026-05-27
일반음식점,충무김밥나라,"강원특별자치도 춘천시 터미널길 16 (온의동, 1층)",강원특별자치도 춘천시 온의동 120-1 (1층) ,033-256-7752,분식,2026-05-27
일반음식점,밸브,강원특별자치도 춘천시 새롬공원길4번길 35 (석사동),강원특별자치도 춘천시 석사동 848-10 , 033-261-8084,한식,2026-05-27
일반음식점,이디야춘천애막골점,"강원특별자치도 춘천시 후석로186번길 18, 1층 (석사동)",강원특별자치도 춘천시 석사동 729-1 (1층) ,033-241-2141,기타,2026-05-27
일반음식점,냉면사낭꾼,"강원특별자치도 춘천시 후석로45번길 16, 1층 (석사동)",강원특별자치도 춘천시 석사동 651-17 (1층) ,033-262-2225,분식,2026-05-27
일반음식점,황토주막,"강원특별자치도 춘천시 백령로75번길 2 (효자동, 외1필지.1층)",강원특별자치도 춘천시 효자동 180-10 외1필지.1층 , 033-251-8558,한식,2026-05-27
일반음식점,메가엠지씨커피춘천봄내초점,"강원특별자치도 춘천시 퇴계로 217, 1층 전면 우측상가호 (석사동)",강원특별자치도 춘천시 석사동 818-1 ,033-262-1114,기타,2026-05-27
일반음식점,봄내치킨앤떡볶이,"강원특별자치도 춘천시 퇴계로 220-17, 103호 (석사동, 퇴계주공3차@상가)",강원특별자치도 춘천시 석사동 820-1 (퇴계주공3차@상가103호) ,033-261-8492,분식,2026-05-27
일반음식점,간이역(부영점),"강원특별자치도 춘천시 동내면 거두택지길 24, 103호",강원특별자치도 춘천시 동내면 거두리 956-4 , 033-262-6392,호프/통닭,2026-05-27
일반음식점,119닭갈비,"강원특별자치도 춘천시 남춘로36번길 51, 1층 (퇴계동)",강원특별자치도 춘천시 퇴계동 946-4 , 033-264-1194,식육(숯불구이),2026-05-27
일반음식점,신전떡볶이춘천명동점,"강원특별자치도 춘천시 시청길10번길 6 (조양동, 1층)",강원특별자치도 춘천시 조양동 37-26 ,033-255-1010,분식,2026-05-27
일반음식점,신전떡볶이후평점,강원특별자치도 춘천시 후석로326번길 12 (후평동),강원특별자치도 춘천시 후평동 79-2 , 033-256-7979,분식,2026-05-27
일반음식점,박만배아리랑보쌈 춘천거두점,강원특별자치도 춘천시 동내면 거두택지길 65-5,강원특별자치도 춘천시 동내면 거두리 1113-4 ,033-261-1216,한식,2026-05-27
일반음식점,오마이치킨(우두점),"강원특별자치도 춘천시 충열로 10-7 (우두동, 1층,우측)","강원특별자치도 춘천시 우두동 1066-22 (1층,우측) ", 033-254-0540,통닭(치킨),2026-05-27
일반음식점,서래맥주집,"강원특별자치도 춘천시 춘천로204번길 60, 2동 1층 (효자동)","강원특별자치도 춘천시 효자동 618-14 (2동,1층) ",033-255-3450,호프/통닭,2026-05-27
일반음식점,서면손두부집,"강원특별자치도 춘천시 서면 당산길 31-11, A동",강원특별자치도 춘천시 서면 방동리 402 , 033-243-2280,한식,2026-05-27
일반음식점,퇴골오리,강원특별자치도 춘천시 스무숲1길 4-7 (석사동),강원특별자치도 춘천시 석사동 909-7 ,033-263-4525,식육(숯불구이),2026-05-27
일반음식점,"(주)이마트춘천점(회,스시코너)","강원특별자치도 춘천시 경춘로 2353, 이마트 (온의동)",강원특별자치도 춘천시 온의동 511 이마트 , 033-240-1052,횟집,2026-05-27
일반음식점,(주)이마트춘천점(구이류),"강원특별자치도 춘천시 경춘로 2353, 이마트 (온의동)",강원특별자치도 춘천시 온의동 511 이마트 , 033-240-1052,한식,2026-05-27
일반음식점,(주)이마트춘천점(밥류),"강원특별자치도 춘천시 경춘로 2353, 이마트 (온의동)",강원특별자치도 춘천시 온의동 511 이마트 , 033-240-1052,한식,2026-05-27
일반음식점,"(주)이마트춘천점(튀김류,오리엔탈)","강원특별자치도 춘천시 경춘로 2353, 이마트 (온의동)",강원특별자치도 춘천시 온의동 511 이마트 , 033-240-1052,분식,2026-05-27
일반음식점,광천순대,강원특별자치도 춘천시 동내면 춘천순환로72번길 40-1,강원특별자치도 춘천시 동내면 거두리 954-12 , 033-261-8006,한식,2026-05-27
일반음식점,소양강다슬기학곡점,강원특별자치도 춘천시 동내면 영서로 1791,강원특별자치도 춘천시 동내면 학곡리 352-1 ,033-257-6236,한식,2026-05-27
일반음식점,동경,"강원특별자치도 춘천시 공지로 149, 3층 (석사동, 동진빌딩)",강원특별자치도 춘천시 석사동 677-1 (동진빌딩3층) , 033-261-7555,일식,2026-05-27
일반음식점,수마트라,강원특별자치도 춘천시 춘주로 176-3 (퇴계동),강원특별자치도 춘천시 퇴계동 426-22 ,033-257-2583,패스트푸드,2026-05-27
일반음식점,만천고깃간,"강원특별자치도 춘천시 삭주로 198, 1동 1층 (후평동)",강원특별자치도 춘천시 후평동 734-1 (1동1층) ,,식육(숯불구이),2026-05-27
일반음식점,감자밭,강원특별자치도 춘천시 동내면 거두택지길14번길 9,강원특별자치도 춘천시 동내면 거두리 954-6 ,033-261-9910,한식,2026-05-27
일반음식점,우리감자탕,"강원특별자치도 춘천시 춘천로 396, 1동 1층 (후평동)",강원특별자치도 춘천시 후평동 748-4 (1동1층) , 033-244-2847,한식,2026-05-27
일반음식점,로하스테이,강원특별자치도 춘천시 서면 덕두원길 12,강원특별자치도 춘천시 서면 덕두원리 160-2 , 033-244-5291,한식,2026-05-27
일반음식점,예원참숯닭갈비,"강원특별자치도 춘천시 마내길 31 (온의동, 1층)",강원특별자치도 춘천시 온의동 419 (1층) ,033-241-8052,기타,2026-05-27
일반음식점,예맥촌,"강원특별자치도 춘천시 보안길 3-1, 1층 (후평동)",강원특별자치도 춘천시 후평동 807-5 1층 ,033-243-8895,식육(숯불구이),2026-05-27
일반음식점,대감족발꼬꼬닭발,"강원특별자치도 춘천시 우석로 22-1, 1층 (석사동)",강원특별자치도 춘천시 석사동 771-3 (1층) ,033-263-5556,한식,2026-05-27
일반음식점,태평소스무숲점,"강원특별자치도 춘천시 스무숲길 9 (석사동, 1층)",강원특별자치도 춘천시 석사동 904-3 (1층) , 033-263-9903,식육(숯불구이),2026-05-27
일반음식점,호반추어탕,"강원특별자치도 춘천시 우묵길56번길 15, 1층 (퇴계동)",강원특별자치도 춘천시 퇴계동 680-2 1층 , 033-251-5999,한식,2026-05-27
일반음식점,가마치통닭스무숲점,"강원특별자치도 춘천시 스무숲길 24, 1층 (석사동)",강원특별자치도 춘천시 석사동 942-2 (1층) ,033-264-0792,호프/통닭,2026-05-27
일반음식점,황금불판삼겹살,"강원특별자치도 춘천시 행촌로32번길 5-14, 1층 (퇴계동)",강원특별자치도 춘천시 퇴계동 904-11 1층 , 033-252-9233,식육(숯불구이),2026-05-27
일반음식점,삼락,강원특별자치도 춘천시 벌말길 82-1 (석사동),강원특별자치도 춘천시 석사동 639-5 , 033-262-1386,한식,2026-05-27
일반음식점,도원뚝배기짬뽕본점,"강원특별자치도 춘천시 애막골길3번길 8, 1층 (석사동)",강원특별자치도 춘천시 석사동 750-12 (1층) ,033-261-1132,정종/대포집/소주방,2026-05-27
일반음식점,닭먹으러다시오리,강원특별자치도 춘천시 서면 덕두원길 84,강원특별자치도 춘천시 서면 덕두원리 291-6 ,033-244-9952,식육(숯불구이),2026-05-27
일반음식점,한우참맛갈비,"강원특별자치도 춘천시 만천로 237, 1층 (후평동)",강원특별자치도 춘천시 후평동 751-12 , 033-251-2888,한식,2026-05-27
일반음식점,안,강원특별자치도 춘천시 백령로 153 (효자동),강원특별자치도 춘천시 효자동 622-4 , 033-255-8588,까페,2026-05-27
일반음식점,삼포흑염소,강원특별자치도 춘천시 신동면 삼포길 59 (1층),강원특별자치도 춘천시 신동면 증리 130 , 033-261-9911,한식,2026-05-27
일반음식점,돈카돈까(퇴계점),"강원특별자치도 춘천시 퇴계농공로 20, 201호 (석사동, 종로타워)",강원특별자치도 춘천시 석사동 880-3 (종로타워201호) , 033-261-1510,경양식,2026-05-27
일반음식점,소문난의정부부대찌개춘천시청점,"강원특별자치도 춘천시 시청길10번길 8, 2층 (조양동)",강원특별자치도 춘천시 조양동 37-28 , 033-241-1020,경양식,2026-05-27
일반음식점,대청마루 춘천점,"강원특별자치도 춘천시 충열로20번길 16 (우두동, 1~2층)",강원특별자치도 춘천시 우두동 1061-8 , 033-253-3451,경양식,2026-05-27
일반음식점,간이역효자역점,"강원특별자치도 춘천시 효자로 87, 2동 1층 (효자동)","강원특별자치도 춘천시 효자동 668-2 (2동, 1층) ", 033-244-6932,호프/통닭,2026-05-27
일반음식점,강촌명물탕,강원특별자치도 춘천시 남산면 소주고개로 660-2,강원특별자치도 춘천시 남산면 창촌리 192 , 033-262-3734,한식,2026-05-27
일반음식점,고래의꿈,"강원특별자치도 춘천시 남춘로36번길 59, 1층 (퇴계동)",강원특별자치도 춘천시 퇴계동 946-6 1층 ,033-261-8891,식육(숯불구이),2026-05-27
일반음식점,스시노칸도춘천명동,"강원특별자치도 춘천시 금강로 68-12 (조양동, 6층)",강원특별자치도 춘천시 조양동 136-5 (6층) , 033-241-8831,일식,2026-05-27
일반음식점,둥지호프,"강원특별자치도 춘천시 춘천로 274 (후평동, 1층)",강원특별자치도 춘천시 후평동 683-6 ,033-256-6660,정종/대포집/소주방,2026-05-27
일반음식점,사대부족발,강원특별자치도 춘천시 춘천로 175 (운교동),강원특별자치도 춘천시 운교동 142-9 , 033-253-7913,식육(숯불구이),2026-05-27
일반음식점,대흥가,강원특별자치도 춘천시 남산면 김유정로 206-35,강원특별자치도 춘천시 남산면 광판리 591-177 , 033-263-3534,한식,2026-05-27
일반음식점,청강어탕손수제비,강원특별자치도 춘천시 신북읍 신샘밭로 712 (외1필지),"강원특별자치도 춘천시 신북읍 천전리 64-5 ,64-12 ",033-243-5789,식육(숯불구이),2026-05-27
일반음식점,팔팔포장마차,"강원특별자치도 춘천시 서부대성로227번길 7-1, 3동 2층 (효자동)","강원특별자치도 춘천시 효자동 625-10 (3동,  2층) ",,정종/대포집/소주방,2026-05-27
일반음식점,우리동네포차,강원특별자치도 춘천시 보안길 15 (후평동),강원특별자치도 춘천시 후평동 801-12 ,033-242-6677,한식,2026-05-27
일반음식점,송탄햄버거,"강원특별자치도 춘천시 서부대성로 229-1, 3동 1층 (효자동)","강원특별자치도 춘천시 효자동 628-5 (1층, 3동) ",033-253-2046,패스트푸드,2026-05-27
일반음식점,한우가,"강원특별자치도 춘천시 스무숲3길 18, 1.2동 1층 (석사동)","강원특별자치도 춘천시 석사동 155-4 1,2동 ",033-261-2621,한식,2026-05-27
일반음식점,새서울해장국,"강원특별자치도 춘천시 백령로 146, 3동 (효자동)",강원특별자치도 춘천시 효자동 20-13 ,033-241-1808,한식,2026-05-27
일반음식점,큰손숯불구이,강원특별자치도 춘천시 우묵길78번길 20 (퇴계동),강원특별자치도 춘천시 퇴계동 1153-2 ,033-257-3866,식육(숯불구이),2026-05-27
일반음식점,옛날순대국,강원특별자치도 춘천시 당간지주길 71-11 (근화동),강원특별자치도 춘천시 근화동 796-7 외 1필지 ,033-253-4416,한식,2026-05-27
일반음식점,해두리치킨후평점,강원특별자치도 춘천시 보안길 60 (후평동),강원특별자치도 춘천시 후평동 459 ,033-253-9482,한식,2026-05-27
일반음식점,프로방스,"강원특별자치도 춘천시 보안길 21 (후평동, 2층)",강원특별자치도 춘천시 후평동 801-3 ,033-252-2250,까페,2026-05-27
일반음식점,뽕뽕황짬뽕이야,강원특별자치도 춘천시 후석로455번길 53-1 (후평동),강원특별자치도 춘천시 후평동 714-6 1동 ,033-241-1515,중국식,2026-05-27
일반음식점,제주옥탑춘천스무숲점,강원특별자치도 춘천시 스무숲1길 38-13 (석사동),강원특별자치도 춘천시 석사동 919-5 ,033-262-5525,식육(숯불구이),2026-05-27
일반음식점,황제치킨,"강원특별자치도 춘천시 삭주로128번길 20, 1층 (후평동)",강원특별자치도 춘천시 후평동 536-22 , 033-252-6766,식육(숯불구이),2026-05-27
일반음식점,누보,"강원특별자치도 춘천시 퇴계로 13, 3층 (퇴계동)",강원특별자치도 춘천시 퇴계동 1161-3 3층 , 033-261-7570,일식,2026-05-27
일반음식점,한별관,"강원특별자치도 춘천시 우묵길78번길 26, 1층 (퇴계동)",강원특별자치도 춘천시 퇴계동 1153-4 1층 ,033-251-1311,식육(숯불구이),2026-05-27
일반음식점,가마골인삼순대,강원특별자치도 춘천시 효석로89번길 29-1 (석사동),강원특별자치도 춘천시 석사동 697-5 , 033-261-9675,한식,2026-05-27
일반음식점,황제원돼지갈비스무숲점,"강원특별자치도 춘천시 스무숲길 38, 1층 (석사동)",강원특별자치도 춘천시 석사동 954-1 (1층) ,033-261-9665,한식,2026-05-27
일반음식점,메이,"강원특별자치도 춘천시 스무숲길 9, 6층 (석사동)",강원특별자치도 춘천시 석사동 904-3 (6층) ,033-261-3058,호프/통닭,2026-05-27
일반음식점,돈,"강원특별자치도 춘천시 신흥길 9-1, 1층 (우두동)",강원특별자치도 춘천시 우두동 1053-5 ,033-256-0508,한식,2026-05-27
일반음식점,전주식당,"강원특별자치도 춘천시 동부시장길 8 (운교동, 동부시장상가 11,12,23,24호)","강원특별자치도 춘천시 운교동 183 동부시장상가 11,12,23,24호 ",033-252-1752,한식,2026-05-27
일반음식점,도스마스한림대점,강원특별자치도 춘천시 성심로 11 (교동),강원특별자치도 춘천시 교동 156-5 ,033-255-7373,분식,2026-05-27
일반음식점,서정가든,강원특별자치도 춘천시 동내면 순환대로 555,강원특별자치도 춘천시 동내면 학곡리 444-3 , 033-262-6604,한식,2026-05-27
일반음식점,양구재래식손두부,강원특별자치도 춘천시 동면 가산로 59,강원특별자치도 춘천시 동면 지내리 131-1 , 033-242-4473,한식,2026-05-27
일반음식점,보영이네해물칼국수(별관),"강원특별자치도 춘천시 효자로 42, 2동 1층 (효자동)","강원특별자치도 춘천시 효자동 697-1 (2동,  1층) ", 033-243-5883,분식,2026-05-27
일반음식점,59쌀피자,"강원특별자치도 춘천시 충열로 39 (우두동, A동108호)",강원특별자치도 춘천시 우두동 707-35 ,033-256-5956,패스트푸드,2026-05-27
일반음식점,거두촌두부,"강원특별자치도 춘천시 신북읍 율문길 85, 1층",강원특별자치도 춘천시 신북읍 율문리 285-11 ,033-261-5293,한식,2026-05-27
일반음식점,대성식당,"강원특별자치도 춘천시 중앙로166번길 6, 1층 (근화동)",강원특별자치도 춘천시 근화동 719 ,033-253-7324,한식,2026-05-27
일반음식점,씨씨알비어,강원특별자치도 춘천시 동내면 춘천순환로72번길 44,강원특별자치도 춘천시 동내면 거두리 954-10 ,070-4127-1133,한식,2026-05-27
일반음식점,고우국밥,강원특별자치도 춘천시 남춘천새길41번길 13-2 (효자동),강원특별자치도 춘천시 효자동 302-30 ,033-261-6796,한식,2026-05-27
일반음식점,정일품손두부청국장,"강원특별자치도 춘천시 남춘로5번길 26, 1층 (퇴계동)",강원특별자치도 춘천시 퇴계동 618-4 1층 , 033-253-9673,한식,2026-05-27
일반음식점,백암왕순대(춘천1호점),강원특별자치도 춘천시 동내면 춘천순환로72번길 33-10,강원특별자치도 춘천시 동내면 거두리 962-1 ,033-264-3124,탕류(보신용),2026-05-27
일반음식점,새로구미,강원특별자치도 춘천시 벌말길 69 (석사동),강원특별자치도 춘천시 석사동 644-2 ,,정종/대포집/소주방,2026-05-27
일반음식점,궁채석갈비춘천점,"강원특별자치도 춘천시 후석로 68-1, 2층 (석사동)",강원특별자치도 춘천시 석사동 433-3 , 033-261-3840,식육(숯불구이),2026-05-27
일반음식점,석사치킨엔호프,강원특별자치도 춘천시 벌말길 99 (석사동),강원특별자치도 춘천시 석사동 701 , 033-261-7651,호프/통닭,2026-05-27
일반음식점,고을노적,강원특별자치도 춘천시 남면 충효로 1358,강원특별자치도 춘천시 남면 가정리 883-5 , 033-263-5259,한식,2026-05-27
일반음식점,전람회,"강원특별자치도 춘천시 행촌로32번길 8, 지하1층 (퇴계동)",강원특별자치도 춘천시 퇴계동 903-4 (지하1층) , 033-254-7060,라이브카페,2026-05-27
일반음식점,탯골자연화로오리,강원특별자치도 춘천시 서면 툇골길 182,강원특별자치도 춘천시 서면 서상리 591 , 033-244-5202,식육(숯불구이),2026-05-27
일반음식점,투다리(뜨란채점),"강원특별자치도 춘천시 스무숲1길 4-2, 1층 (석사동)",강원특별자치도 춘천시 석사동 911-6 (1층) , 033-261-9491,호프/통닭,2026-05-27
일반음식점,통큰장어,강원특별자치도 춘천시 퇴계로69번길 12 (퇴계동),강원특별자치도 춘천시 퇴계동 346-4 ,033-253-7108,한식,2026-05-27
일반음식점,메밀촌닭갈비막국수,강원특별자치도 춘천시 동면 금촌로 397-3,강원특별자치도 춘천시 동면 만천리 296-2 , 033-256-0053,한식,2026-05-27
일반음식점,간이역(강대정문점),"강원특별자치도 춘천시 공지로 245, 2동 1층 (효자동)","강원특별자치도 춘천시 효자동 301-1 (2동,1층) ", 033-264-7799,정종/대포집/소주방,2026-05-27
일반음식점,찜이랑탕이랑,강원특별자치도 춘천시 스무숲4길 22-1 (석사동),강원특별자치도 춘천시 석사동 956-4 , 033-261-3323,한식,2026-05-27
일반음식점,신낙지마루,강원특별자치도 춘천시 백령로 148 (효자동),강원특별자치도 춘천시 효자동 20-4 , 033-251-3262,기타,2026-05-27
일반음식점,치킨형님,"강원특별자치도 춘천시 후석로186번길 30-3 (석사동, 1층)",강원특별자치도 춘천시 석사동 725-12 ,033-911-9595,통닭(치킨),2026-05-27
일반음식점,봉관이네오징어천국,"강원특별자치도 춘천시 스무숲1길 4-14, 1층 (석사동)",강원특별자치도 춘천시 석사동 911-2 (1층) , 033-264-6770,한식,2026-05-27
일반음식점,마구로 강(姜),"강원특별자치도 춘천시 후석로 120, NH타운 ENTA 204호 (석사동)",강원특별자치도 춘천시 석사동 980 , 033-262-1879,일식,2026-05-27
일반음식점,삼천동카페,강원특별자치도 춘천시 옛경춘로 807 (삼천동),강원특별자치도 춘천시 삼천동 37-23 ,033-257-3069,기타,2026-05-27
일반음식점,스무숲동해곰치,"강원특별자치도 춘천시 스무숲1길 4-9, 1층 (석사동)",강원특별자치도 춘천시 석사동 909-8 (1층) ,033-263-2066,한식,2026-05-27
일반음식점,휴더테이블,강원특별자치도 춘천시 서부대성로44번길 19-1 (요선동),강원특별자치도 춘천시 요선동 14-17 ,033-243-6788,한식,2026-05-27
일반음식점,꿀돼지,"강원특별자치도 춘천시 삭주로80번길 6, 1층 (교동)",강원특별자치도 춘천시 교동 156-21 ,033-252-3666,정종/대포집/소주방,2026-05-27
일반음식점,마당,"강원특별자치도 춘천시 스무숲1길 4-6, 1층 (석사동)",강원특별자치도 춘천시 석사동 911-5 (1층) ,033-262-8596,한식,2026-05-27
일반음식점,자담치킨(강대점),"강원특별자치도 춘천시 백령로 5, 1층 (효자동)",강원특별자치도 춘천시 효자동 315-6 ,033-264-9971,통닭(치킨),2026-05-27
일반음식점,우정죽강대병원점,"강원특별자치도 춘천시 백령로 157, 3동 2층 (효자동)","강원특별자치도 춘천시 효자동 18-80 (3동,2층) ", 033-264-6288,기타,2026-05-27
일반음식점,디토피아,강원특별자치도 춘천시 충혼길18번길 9 (온의동),강원특별자치도 춘천시 온의동 518-2 ,033-256-0498,한식,2026-05-27
일반음식점,갯골흑염소,강원특별자치도 춘천시 동내면 춘천순환로72번길 34-13,강원특별자치도 춘천시 동내면 거두리 948-2 , 033-262-5076,한식,2026-05-27
일반음식점,콩쥐네순두부,"강원특별자치도 춘천시 성심로47번길 59-4, 1동 (후평동)",강원특별자치도 춘천시 후평동 378-12 1동 , 033-252-5924,한식,2026-05-27
일반음식점,포차이태원,"강원특별자치도 춘천시 보안길 12-1 (후평동, 1층)",강원특별자치도 춘천시 후평동 804-19 ,033-244-7022,호프/통닭,2026-05-27
일반음식점,동현각,"강원특별자치도 춘천시 영서로 3152, 2층 (신동)",강원특별자치도 춘천시 신동 934-17 (2층) , 033-243-8025,중국식,2026-05-27
일반음식점,미화네떡볶이,"강원특별자치도 춘천시 서부대성로206번길 15, 1층 (효자동)",강원특별자치도 춘천시 효자동 768 , 033-251-9935,호프/통닭,2026-05-27
일반음식점,박대감,"강원특별자치도 춘천시 스무숲1길 26, 1층 (석사동)",강원특별자치도 춘천시 석사동 909-10 (1층) ,033-261-3599,한식,2026-05-27
일반음식점,삼대닭갈비,강원특별자치도 춘천시 남춘로5번길 18-1 (퇴계동),강원특별자치도 춘천시 퇴계동 365-4 , 033-251-8706,식육(숯불구이),2026-05-27
일반음식점,이경규돈치킨(거두점),강원특별자치도 춘천시 동내면 춘천순환로72번길 38,강원특별자치도 춘천시 동내면 거두리 954-14 ,033-261-9295,통닭(치킨),2026-05-27
일반음식점,큰손양대창곱창구이,"강원특별자치도 춘천시 스무숲1길 74, 1층 (석사동)",강원특별자치도 춘천시 석사동 915-6 (1층) ,033-262-3369,한식,2026-05-27
일반음식점,전주오리집,강원특별자치도 춘천시 서면 툇골길 232-7,강원특별자치도 춘천시 서면 서상리 616 , 033-244-3335,한식,2026-05-27
일반음식점,마실자리,"강원특별자치도 춘천시 동내면 거두택지길 8-1, 1층",강원특별자치도 춘천시 동내면 거두리 946-4 ,,기타,2026-05-27
일반음식점,용두동할매쭈꾸미,강원특별자치도 춘천시 스무숲1길 12 (석사동),강원특별자치도 춘천시 석사동 907-5 , 033-263-7740,호프/통닭,2026-05-27
일반음식점,아이앤지(ING),강원특별자치도 춘천시 스무숲1길 38-6 (석사동),강원특별자치도 춘천시 석사동 915-9 ,033-264-8558,까페,2026-05-27
일반음식점,솥뚜껑감자탕,"강원특별자치도 춘천시 동내면 거두택지길14번길 14, 1층",강원특별자치도 춘천시 동내면 거두리 974-7 , 033-263-8878,한식,2026-05-27
일반음식점,부경감자탕,"강원특별자치도 춘천시 세실로192번길 11 (후평동, 1층)",강원특별자치도 춘천시 후평동 879-2 , 033-251-5737,한식,2026-05-27
일반음식점,활어난전,"강원특별자치도 춘천시 후석로 382, 1동 (후평동)",강원특별자치도 춘천시 후평동 723-31 1동 , 033-254-1005,한식,2026-05-27
일반음식점,오늘도한우 춘천거두리점,강원특별자치도 춘천시 동내면 춘천순환로72번길 36,강원특별자치도 춘천시 동내면 거두리 954-15 , 033-262-3789,정종/대포집/소주방,2026-05-27
일반음식점,구이가(강원대점),"강원특별자치도 춘천시 서부대성로239번길 7 (효자동, 2층,3동)",강원특별자치도 춘천시 효자동 629-5 ,033-256-9543,식육(숯불구이),2026-05-27
일반음식점,짱구네숫불닭발,"강원특별자치도 춘천시 소양로 184, 1층 (소양로1가)",강원특별자치도 춘천시 소양로1가 95-4 , 033-244-9154,호프/통닭,2026-05-27
일반음식점,정재우고깃집,강원특별자치도 춘천시 후석로326번길 11-9 (후평동),강원특별자치도 춘천시 후평동 429-18 ,033-257-9398,식육(숯불구이),2026-05-27
일반음식점,진주만두,,강원특별자치도 춘천시 퇴계동 491-4 ,033-253-7472,분식,2026-05-27
일반음식점,양구함흥손냉면,"강원특별자치도 춘천시 스무숲1길 42-5, 1층 (석사동)",강원특별자치도 춘천시 석사동 921-4 (1층) , 033-263-5582,한식,2026-05-27
일반음식점,보글보글하우스,"강원특별자치도 춘천시 서부대성로63번길 7-1, 지하1층 (옥천동)",강원특별자치도 춘천시 옥천동 37-10 ,,한식,2026-05-27
일반음식점,하오하오,"강원특별자치도 춘천시 후석로 14, 1층 (석사동)",강원특별자치도 춘천시 석사동 809-1 ,033-263-3700,중국식,2026-05-27
일반음식점,학곡다슬기장칼국수,강원특별자치도 춘천시 우묵길70번길 26 (퇴계동),강원특별자치도 춘천시 퇴계동 663 (14블럭1롯트) ,,한식,2026-05-27
일반음식점,숯구촌,강원특별자치도 춘천시 동면 만천로143번길 58,강원특별자치도 춘천시 동면 만천리 575-8 , 033-251-0074,식육(숯불구이),2026-05-27
일반음식점,도원뚝배기짬뽕퇴계점,"강원특별자치도 춘천시 솟발1길 4-69, 1층 (퇴계동)",강원특별자치도 춘천시 퇴계동 472-2 ,,중국식,2026-05-27
일반음식점,청춘화로무한리필,"강원특별자치도 춘천시 스무숲4길 9, 1층 (석사동)",강원특별자치도 춘천시 석사동 942-5 (1층) , 033-264-8525,한식,2026-05-27
일반음식점,댕스(THANKS),"강원특별자치도 춘천시 스무숲1길 36-8, 1층 (석사동)",강원특별자치도 춘천시 석사동 913-6 (1층) ,033-262-3994,감성주점,2026-05-27
일반음식점,오필승닭발석사점,강원특별자치도 춘천시 벌말길 91 (석사동),강원특별자치도 춘천시 석사동 697 ,,한식,2026-05-27
일반음식점,가마솥소머리곰탕,강원특별자치도 춘천시 충열로 292-4 (우두동),강원특별자치도 춘천시 우두동 41-1 , 033-244-2297,탕류(보신용),2026-05-27
일반음식점,온의김밥나라,"강원특별자치도 춘천시 영서로 2313 (온의동, 1층, 가운데)","강원특별자치도 춘천시 온의동 148-4 (1층,가운데) ", 033-255-8949,김밥(도시락),2026-05-27
일반음식점,하라르,강원특별자치도 춘천시 신북읍 율문길 59,강원특별자치도 춘천시 신북읍 율문리 554-15 , 033-241-1585,까페,2026-05-27
일반음식점,홍두깨해물칼국수,강원특별자치도 춘천시 동면 만천로 86,강원특별자치도 춘천시 동면 만천리 638-32 ,033-256-9945,한식,2026-05-27
일반음식점,장터마당,"강원특별자치도 춘천시 남춘로36번길 73, 1층 (퇴계동)",강원특별자치도 춘천시 퇴계동 968-9 (1층) ,033-263-8981,정종/대포집/소주방,2026-05-27
일반음식점,굴마을춘천강남점,"강원특별자치도 춘천시 충혼길18번길 11 (온의동, 1층)",강원특별자치도 춘천시 온의동 518-1 (1층) , 033-256-5536,한식,2026-05-27
일반음식점,곱곱창구이,강원특별자치도 춘천시 동내면 거두택지길26번길 20,강원특별자치도 춘천시 동내면 거두리 958-8 , 033-264-0868,한식,2026-05-27
일반음식점,마라홀릭마라탕퇴계석사점,"강원특별자치도 춘천시 퇴계농공로 22, 112호 (석사동, 프라임타워 )",강원특별자치도 춘천시 석사동 880-4 (프라임타워 112호) , 033-264-4321,기타,2026-05-27
일반음식점,산촌흑염소,"강원특별자치도 춘천시 스무숲1길 8-1, 1층 (석사동)",강원특별자치도 춘천시 석사동 907-6 (지상1층) ,033-261-1108,한식,2026-05-27
일반음식점,롱타우객잔,"강원특별자치도 춘천시 후석로 11-4, 1, 2동 1층 (석사동)",강원특별자치도 춘천시 석사동 802-2 , 033-262-1321,중국식,2026-05-27
일반음식점,조부자매운순대가퇴계점,강원특별자치도 춘천시 우묵길70번길 7 (퇴계동),강원특별자치도 춘천시 퇴계동 1159-2 , 033-256-9993,한식,2026-05-27
일반음식점,대구참숯막창,강원특별자치도 춘천시 영서로 2668-12 (소양로1가),강원특별자치도 춘천시 소양로1가 101-13 , 033-257-2414,식육(숯불구이),2026-05-27
일반음식점,토대력남부시장점(투다리남부시장점),"강원특별자치도 춘천시 춘천로 72-1 (효자동, 1층)",강원특별자치도 춘천시 효자동 684-3 , 033-254-6135,한식,2026-05-27
일반음식점,명월집,"강원특별자치도 춘천시 남춘로5번길 16, 2층 (퇴계동)",강원특별자치도 춘천시 퇴계동 1170-6 ,,한식,2026-05-27
일반음식점,오필승닭발거두점,강원특별자치도 춘천시 동내면 거두택지길14번길 3,강원특별자치도 춘천시 동내면 거두리 954-2 , 033-262-9201,정종/대포집/소주방,2026-05-27
일반음식점,바른치킨춘천석사점,"강원특별자치도 춘천시 퇴계농공로 11, 101호 (석사동, 스타플러스빌딩)",강원특별자치도 춘천시 석사동 888-1 (스타플러스빌딩101호) , 033-264-5877,호프/통닭,2026-05-27
일반음식점,삼삼구이,"강원특별자치도 춘천시 스무숲1길 8-2, 1층 (석사동)",강원특별자치도 춘천시 석사동 909-5 (1층) , 033-262-9235,식육(숯불구이),2026-05-27
일반음식점,춘천뒷고기,강원특별자치도 춘천시 우묵길 52 (퇴계동),강원특별자치도 춘천시 퇴계동 1189 , 033-251-0430,식육(숯불구이),2026-05-27
일반음식점,효자곳간,"강원특별자치도 춘천시 성심로 51, 2동 1층 (효자동)","강원특별자치도 춘천시 효자동 756-1 (2동,1층) ",,기타,2026-05-27
일반음식점,목구멍춘천점,"강원특별자치도 춘천시 스무숲1길 79 (석사동, 1층)",강원특별자치도 춘천시 석사동 917-3 , 033-261-9255,식육(숯불구이),2026-05-27
일반음식점,굽네치킨춘천소양점,"강원특별자치도 춘천시 서부대성로47번길 4, 1층 (요선동)",강원특별자치도 춘천시 요선동 4-18 , 033-243-8892,통닭(치킨),2026-05-27
일반음식점,땡구땡구퇴계점,"강원특별자치도 춘천시 남춘로36번길 53, 1층 (퇴계동)",강원특별자치도 춘천시 퇴계동 946-5 (1층) ,033-261-8100,식육(숯불구이),2026-05-27
일반음식점,꼴두바우,"강원특별자치도 춘천시 교동길 71 (교동, (1층))",강원특별자치도 춘천시 교동 11-14 , 033-242-1526,기타,2026-05-27
일반음식점,소문난순대,"강원특별자치도 춘천시 행촌로32번길 5-5, 1층 (퇴계동)",강원특별자치도 춘천시 퇴계동 902-5 (1층) ,033-241-4277,한식,2026-05-27
일반음식점,추가령,"강원특별자치도 춘천시 백령로138번길 35, 지하1층 (효자동)",강원특별자치도 춘천시 효자동 629-15 ,,호프/통닭,2026-05-27
일반음식점,주상갈비,강원특별자치도 춘천시 동내면 공지로 70-51,강원특별자치도 춘천시 동내면 거두리 931-1 ,033-253-9266,식육(숯불구이),2026-05-27
일반음식점,영은네두미르김밥나라,"강원특별자치도 춘천시 영서로 2793 (우두동, 두미르마을상가102호)",강원특별자치도 춘천시 우두동 742-1 , 033-252-0779,분식,2026-05-27
일반음식점,오필승닭발본사직영점,"강원특별자치도 춘천시 스무숲1길 4-12, 1층 (석사동)",강원특별자치도 춘천시 석사동 911-3 (1층) ,033-264-5558,식육(숯불구이),2026-05-27
일반음식점,굽네치킨애막골후평점,"강원특별자치도 춘천시 후석로 253, 1층 (후평동)",강원특별자치도 춘천시 후평동 832-8 , 033-253-9952,통닭(치킨),2026-05-27
일반음식점,미미한식,"강원특별자치도 춘천시 애막골길3번길 10, 1층 (석사동)",강원특별자치도 춘천시 석사동 740-12 (1층) ,033-244-3436,분식,2026-05-27
일반음식점,달콤한삼겹살,"강원특별자치도 춘천시 퇴계로93번길 8, 1층 101,102호 (퇴계동)",강원특별자치도 춘천시 퇴계동 1085 ,033-262-9961,식육(숯불구이),2026-05-27
일반음식점,초가해물찜,"강원특별자치도 춘천시 보안길 95-1 (후평동, 1층)",강원특별자치도 춘천시 후평동 727-14 , 033-241-0592,한식,2026-05-27
일반음식점,쭈꾸미시스터즈춘천점,"강원특별자치도 춘천시 중앙로67번길 15 (조양동, 2층)",강원특별자치도 춘천시 조양동 147-4 , 033-244-7292,한식,2026-05-27
일반음식점,한양시래기명태조림춘천점,"강원특별자치도 춘천시 영서로 2195 (퇴계동, (굿모닝마트2층))",강원특별자치도 춘천시 퇴계동 381-1 (굿모닝마트2층) , 033-256-8886,한식,2026-05-27
일반음식점,춘천포차싸롱,"강원특별자치도 춘천시 세실로 186 (후평동, 1층)",강원특별자치도 춘천시 후평동 883-7 ,,정종/대포집/소주방,2026-05-27
일반음식점,고향산천,"강원특별자치도 춘천시 삭주로 118, 1층 (후평동, 우측)",강원특별자치도 춘천시 후평동 847-4 (1층우측) ,033-253-1985,한식,2026-05-27
일반음식점,김밥나라,"강원특별자치도 춘천시 안마산로 346, 1층 (석사동)",강원특별자치도 춘천시 석사동 902-6 (1층) , 033-263-9956,김밥(도시락),2026-05-27
일반음식점,명동칼국수,강원특별자치도 춘천시 영서로 3138 (신동),강원특별자치도 춘천시 신동 926-4 , 033-252-8889,분식,2026-05-27
일반음식점,동명카츠춘천우두점,"강원특별자치도 춘천시 충열로 39 (우두동, 1층120호)",강원특별자치도 춘천시 우두동 707-35 ,033-252-0136,통닭(치킨),2026-05-27
일반음식점,어서오소,강원특별자치도 춘천시 백령로 142 (효자동),강원특별자치도 춘천시 효자동 21-4 , 033-251-8426,식육(숯불구이),2026-05-27
일반음식점,호반닭갈비,"강원특별자치도 춘천시 세실로 200 (후평동, 1층)",강원특별자치도 춘천시 후평동 878-12 , 033-242-7089,식육(숯불구이),2026-05-27
일반음식점,오필승닭발퇴계점,"강원특별자치도 춘천시 안마산로 213 (퇴계동, 퇴계타운상가121호)",강원특별자치도 춘천시 퇴계동 79 (퇴계타운상가121호) , 033-261-9254,정종/대포집/소주방,2026-05-27
일반음식점,양평신내서울해장국,"강원특별자치도 춘천시 우석로4번길 11, 1층 (석사동)",강원특별자치도 춘천시 석사동 777-6 (1층) , 033-263-0771,탕류(보신용),2026-05-27
일반음식점,예송두부마을,"강원특별자치도 춘천시 남산면 서천길 13, 1층",강원특별자치도 춘천시 남산면 서천리 579-1 , 033-263-8840,한식,2026-05-27
일반음식점,성심식당,강원특별자치도 춘천시 중앙로68번길 11 (낙원동),강원특별자치도 춘천시 낙원동 60-2 , 033-256-4880,한식,2026-05-27
일반음식점,조부자매운순대가(만천점),강원특별자치도 춘천시 동면 만천로143번길 50,강원특별자치도 춘천시 동면 만천리 896-13 ,033-255-9280,한식,2026-05-27
일반음식점,병천청년순대강원대점,"강원특별자치도 춘천시 서부대성로 210 (효자동, 1층)",강원특별자치도 춘천시 효자동 617-7 ,033-262-5399,한식,2026-05-27
일반음식점,흥부곱창,"강원특별자치도 춘천시 퇴계로 75, 1층 (퇴계동, 우측)",강원특별자치도 춘천시 퇴계동 370-5 , 033-252-4978,한식,2026-05-27
일반음식점,쿠바,"강원특별자치도 춘천시 스무숲4길 15, 1층 (석사동)",강원특별자치도 춘천시 석사동 949-4 (1층) , 033-262-0204,감성주점,2026-05-27
일반음식점,춘천명물닭갈비막국수,강원특별자치도 춘천시 옛경춘로 807-1 (삼천동),강원특별자치도 춘천시 삼천동 37-91 , 033-257-3069,식육(숯불구이),2026-05-27
일반음식점,춘자네닭갈비,강원특별자치도 춘천시 남산면 서백길 27-3,강원특별자치도 춘천시 남산면 서천리 264-1 , 033-263-1088,식육(숯불구이),2026-05-27
일반음식점,양평해장국,"강원특별자치도 춘천시 효자로 20, 1층 (퇴계동)",강원특별자치도 춘천시 퇴계동 1140-1 1층 ,033-252-0150,한식,2026-05-27
일반음식점,병천순대,"강원특별자치도 춘천시 삭주로 98, 1동 1층 (후평동)",강원특별자치도 춘천시 후평동 855-3 (1동1층) ,033-255-6702,한식,2026-05-27
일반음식점,행복한여자의공간,"강원특별자치도 춘천시 춘천로176번길 9-1 (효자동, 2층)",강원특별자치도 춘천시 효자동 656 ,033-251-3164,한식,2026-05-27
일반음식점,금별맥주춘천애막골점,강원특별자치도 춘천시 애막골길11번길 32 (석사동),강원특별자치도 춘천시 석사동 735-19 , 033-261-9592,한식,2026-05-27
일반음식점,닭갈비봄,강원특별자치도 춘천시 퇴계농공로 14 (석사동),강원특별자치도 춘천시 석사동 878-3 ,033-261-0292,식육(숯불구이),2026-05-27
일반음식점,욜로미미사양꼬치냉면,강원특별자치도 춘천시 동내면 춘천순환로72번길 52-1,강원특별자치도 춘천시 동내면 거두리 982-6 ,033-252-1342,탕류(보신용),2026-05-27
일반음식점,비와별닭갈비본점,"강원특별자치도 춘천시 스무숲길 5 (석사동, 1,2층)",강원특별자치도 춘천시 석사동 904-2 ,033-262-8899,식육(숯불구이),2026-05-27
일반음식점,빨간장화,"강원특별자치도 춘천시 스무숲1길 62 (석사동, 1층)",강원특별자치도 춘천시 석사동 923-5 (1층) ,033-262-1316,감성주점,2026-05-27
일반음식점,카페라펠리즈(Cafe La Feliz),"강원특별자치도 춘천시 강창골길 14, 지하1층 (삼천동)",강원특별자치도 춘천시 삼천동 산 71-22 (지하1층) ,033-241-6671,한식,2026-05-27
일반음식점,오꼬만(후평점),"강원특별자치도 춘천시 보안길 61 (후평동, 1층)",강원특별자치도 춘천시 후평동 701-6 ,033-254-3210,호프/통닭,2026-05-27
일반음식점,투썸플레이스한림대점,"강원특별자치도 춘천시 성심로 5-1, 1층 (교동)",강원특별자치도 춘천시 교동 156-2 외1필지 ,033-254-8313,호프/통닭,2026-05-27
일반음식점,한양왕족발보쌈,"강원특별자치도 춘천시 새롬공원길 19-1, 1층 (석사동)",강원특별자치도 춘천시 석사동 832-4 (1층) ,033-254-3247,한식,2026-05-27
일반음식점,정족리밥집,"강원특별자치도 춘천시 남춘로26번길 16, 1층 102호 (퇴계동)",강원특별자치도 춘천시 퇴계동 1080 ,033-264-9295,한식,2026-05-27
일반음식점,두찜 춘천강원대점,"강원특별자치도 춘천시 서부대성로 228, 3동 1층 (효자동)","강원특별자치도 춘천시 효자동 627-9 (3동,1층) ",033-255-7890,분식,2026-05-27
일반음식점,썬샤인,"강원특별자치도 춘천시 보안길 64-1, 지하1층 (후평동)",강원특별자치도 춘천시 후평동 456-10 ,033-242-9295,라이브카페,2026-05-27
일반음식점,쌍용막국수곰탕,"강원특별자치도 춘천시 중앙로68번길 22-2, 1층 (소양로3가)",강원특별자치도 춘천시 소양로3가 163-2 (1층) ,0332-4149-82,한식,2026-05-27
일반음식점,맛있는김치이야기하늘마루,"강원특별자치도 춘천시 서부대성로48번길 24-2, 1층 (요선동)",강원특별자치도 춘천시 요선동 18-4 ,033-244-7898,한식,2026-05-27
일반음식점,해미연풍우가,"강원특별자치도 춘천시 퇴계농공로 14 (석사동, 2층)",강원특별자치도 춘천시 석사동 878-3 ,033-262-0606,일식,2026-05-27
일반음식점,춘계면옥,강원특별자치도 춘천시 충열로16번길 16 (우두동),강원특별자치도 춘천시 우두동 1066-12 ,033-252-2580,한식,2026-05-27
일반음식점,함지박2호점,강원특별자치도 춘천시 효제길 11 (효자동),강원특별자치도 춘천시 효자동 150-15 ,033-244-1973,탕류(보신용),2026-05-27
일반음식점,작은음악회,"강원특별자치도 춘천시 우묵길60번길 16, 2층 (퇴계동)",강원특별자치도 춘천시 퇴계동 1182 ,033-253-7277,라이브카페,2026-05-27
일반음식점,미래컨벤션웨딩홀,"강원특별자치도 춘천시 퇴계로 118 (퇴계동, 미래타워 2,3,4층)",강원특별자치도 춘천시 퇴계동 392-53 ,033-262-1300,뷔페식,2026-05-27
일반음식점,빽다방춘천명동점,"강원특별자치도 춘천시 중앙로67번길 18, 브라운상가1동 1105호 (죽림동)",강원특별자치도 춘천시 죽림동 189 ,033-242-0410,기타,2026-05-27
일반음식점,꼬꼬비어,강원특별자치도 춘천시 퇴계로77번길 1 (퇴계동),강원특별자치도 춘천시 퇴계동 370-7 외1필지 ,033-256-1548,통닭(치킨),2026-05-27
일반음식점,동부곱창,강원특별자치도 춘천시 춘천로185번길 10 (운교동),강원특별자치도 춘천시 운교동 187-5 ,033-241-9280,한식,2026-05-27
일반음식점,뚝배기마을,"강원특별자치도 춘천시 중앙로 5 (중앙로1가, 지하상가 다-49,50호)","강원특별자치도 춘천시 중앙로1가 91 외4필지(지하상가다열49,50호) ",033-251-3938,한식,2026-05-27
일반음식점,오필승닭발퇴계2호점,"강원특별자치도 춘천시 춘주로 176-1, 1층 (퇴계동)",강원특별자치도 춘천시 퇴계동 426-23 (1층) ,033-251-9254,정종/대포집/소주방,2026-05-27
일반음식점,미도숯불갈비,"강원특별자치도 춘천시 효자로 104, 2동 1층 (효자동)","강원특별자치도 춘천시 효자동 665-6 (1층,2동) ",033-252-0861,식육(숯불구이),2026-05-27
일반음식점,성심로11,강원특별자치도 춘천시 성심로 11 (교동),강원특별자치도 춘천시 교동 156-5 ,,일식,2026-05-27
일반음식점,오늘김밥,"강원특별자치도 춘천시 공지로 267, 1층 (효자동)",강원특별자치도 춘천시 효자동 305-5 ,033-262-9757,김밥(도시락),2026-05-27
일반음식점,식당브아,"강원특별자치도 춘천시 애막골길3번길 14-1, 1층 (석사동)",강원특별자치도 춘천시 석사동 740-16 (1층) ,033-261-1092,경양식,2026-05-27
일반음식점,지호한방삼계탕춘천점,강원특별자치도 춘천시 동내면 거두택지길26번길 21,강원특별자치도 춘천시 동내면 거두리 982-10 ,033-264-9292,한식,2026-05-27
일반음식점,김밥나라칠전점,"강원특별자치도 춘천시 칠전서길 28-1, 1층 (칠전동)",강원특별자치도 춘천시 칠전동 590-7 (1층) ,033-263-7007,김밥(도시락),2026-05-27
일반음식점,호프앤유,"강원특별자치도 춘천시 영서로2756번길 7, 1층 (우두동)",강원특별자치도 춘천시 우두동 1063-8 (1층) ,033-255-6396,호프/통닭,2026-05-27
일반음식점,륭림닭발1호점,"강원특별자치도 춘천시 서부대성로 212, 3동 1층 (효자동)","강원특별자치도 춘천시 효자동 617-9 (3동,1층) ",033-242-1814,기타,2026-05-27
일반음식점,숯불닭갈비나라,"강원특별자치도 춘천시 충열로16번길 21-8, 1층 (우두동)",강원특별자치도 춘천시 우두동 1061-2 (1층) ,033-242-2023,식육(숯불구이),2026-05-27
일반음식점,할매삼계탕,강원특별자치도 춘천시 백석골길22번길 34 (퇴계동),강원특별자치도 춘천시 퇴계동 산 815-2 ,033-242-9650,한식,2026-05-27
일반음식점,플로팅플로우,강원특별자치도 춘천시 남면 충효로 1219-110,강원특별자치도 춘천시 남면 발산리 832-1 ,033-263-7797,한식,2026-05-27
일반음식점,이모네불막창퇴계점,"강원특별자치도 춘천시 남춘로36번길 59, 1층 (퇴계동)",강원특별자치도 춘천시 퇴계동 946-6 (1층) ,033-261-0093,식육(숯불구이),2026-05-27
일반음식점,소림생고기,"강원특별자치도 춘천시 성심로 49, 1층 (효자동)",강원특별자치도 춘천시 효자동 756 ,033-255-5755,식육(숯불구이),2026-05-27
일반음식점,홍두깨장칼국수,"강원특별자치도 춘천시 춘주로147번길 12-4, 1층 (퇴계동)",강원특별자치도 춘천시 퇴계동 912 (1층) ,033-255-5954,한식,2026-05-27
일반음식점,가리미김밥거두점,강원특별자치도 춘천시 동내면 공지로 70-57,강원특별자치도 춘천시 동내면 거두리 933-1 ,033-264-3883,한식,2026-05-27
일반음식점,비에이치씨춘천퇴계사랑점,"강원특별자치도 춘천시 행촌로 28, 1층 (퇴계동)",강원특별자치도 춘천시 퇴계동 903-9 ,033-251-9243,통닭(치킨),2026-05-27
일반음식점,율문리(후평동2호점),강원특별자치도 춘천시 신북읍 율문길 54,강원특별자치도 춘천시 신북읍 율문리 565-1 ,033-251-8744,한식,2026-05-27
일반음식점,불발탄,"강원특별자치도 춘천시 안마산로 213 (퇴계동, 춘천퇴계타운122호)",강원특별자치도 춘천시 퇴계동 79 춘천퇴계타운122호 ,033-263-9293,식육(숯불구이),2026-05-27
일반음식점,상호네숯불닭갈비돼지갈비,강원특별자치도 춘천시 동내면 거두길 20-20,강원특별자치도 춘천시 동내면 거두리 682-5 ,033-262-3500,식육(숯불구이),2026-05-27
일반음식점,천하풍천민물장어,강원특별자치도 춘천시 퇴계로69번길 10 (퇴계동),강원특별자치도 춘천시 퇴계동 346-9 ,033-243-0027,한식,2026-05-27
일반음식점,최고의밥상,"강원특별자치도 춘천시 금강로13번길 22, 1층 (소양로3가)",강원특별자치도 춘천시 소양로3가 8-3 ,033-255-0856,한식,2026-05-27
일반음식점,느린거북이영어책방,"강원특별자치도 춘천시 백령로 182, 1층 101호 (후평동)",강원특별자치도 춘천시 후평동 67-51 ,033-256-5946,정종/대포집/소주방,2026-05-27
일반음식점,팔팔수산,"강원특별자치도 춘천시 안마산로 207, 1층 (퇴계동)",강원특별자치도 춘천시 퇴계동 86-2 (1층) ,033-263-7457,식육(숯불구이),2026-05-27
일반음식점,장작구이닭초,"강원특별자치도 춘천시 춘주로187번길 12-1, 1층 (퇴계동)",강원특별자치도 춘천시 퇴계동 897-8 (1층) ,,호프/통닭,2026-05-27
일반음식점,엄마손감자탕,강원특별자치도 춘천시 우묵길78번길 24 (퇴계동),강원특별자치도 춘천시 퇴계동 1153-3 ,033-244-1466,한식,2026-05-27
일반음식점,도원뚝배기짬뽕본점,강원특별자치도 춘천시 남춘로 63 (효자동),강원특별자치도 춘천시 효자동 709-13 2동1층 ,033-243-3567,한식,2026-05-27
일반음식점,네네치킨(교동후평점),"강원특별자치도 춘천시 성심로 23-1 (교동, (1층))",강원특별자치도 춘천시 교동 160-6 ,033-244-8892,통닭(치킨),2026-05-27
일반음식점,루이스(louis),"강원특별자치도 춘천시 스무숲길 32, 1층 (석사동)",강원특별자치도 춘천시 석사동 949-2 (1층) ,,기타,2026-05-27
일반음식점,친구친구,강원특별자치도 춘천시 효제길 11 (효자동),강원특별자치도 춘천시 효자동 150-15 외 1필지 ,033-251-7976,분식,2026-05-27
일반음식점,새참,강원특별자치도 춘천시 지석로 13 (퇴계동),강원특별자치도 춘천시 퇴계동 165-2 ,033-262-8870,통닭(치킨),2026-05-27
일반음식점,춘천명물닭갈비,강원특별자치도 춘천시 옛경춘로 813 (삼천동),강원특별자치도 춘천시 삼천동 37-85 ,033-255-2069,식육(숯불구이),2026-05-27
일반음식점,곱창이야기,강원특별자치도 춘천시 우석로79번길 12-3 (석사동),강원특별자치도 춘천시 석사동 734-11 ,033-262-9933,호프/통닭,2026-05-27
일반음식점,오사카데스춘천근화점,강원특별자치도 춘천시 근화길15번길 43 (근화동),강원특별자치도 춘천시 근화동 291-16 ,033-256-6443,한식,2026-05-27
일반음식점,모녀밥상,"강원특별자치도 춘천시 공지로333번길 10, 1층 (효자동)",강원특별자치도 춘천시 효자동 691-10 ,033-254-9200,한식,2026-05-27
일반음식점,단판,"강원특별자치도 춘천시 백령로138번길 29, 지하1층 (효자동)",강원특별자치도 춘천시 효자동 629-3 ,,기타,2026-05-27
일반음식점,맛깔나는집,"강원특별자치도 춘천시 동광길 11, 1동 (후평동)",강원특별자치도 춘천시 후평동 745-23 1동 ,033-256-1313,한식,2026-05-27
일반음식점,오부장치킨,"강원특별자치도 춘천시 보안길 61 (후평동, 1층)",강원특별자치도 춘천시 후평동 701-6 ,033-256-9989,한식,2026-05-27
일반음식점,청명복집,강원특별자치도 춘천시 동면 도토골길 36-11,강원특별자치도 춘천시 동면 만천리 400-6 ,033-242-5460,복어취급,2026-05-27
일반음식점,와돈왕뚜껑생삼겹,"강원특별자치도 춘천시 충열로16번길 21-20, 2층 (우두동)",강원특별자치도 춘천시 우두동 1061-7 (2층) ,033-262-8002,한식,2026-05-27
일반음식점,숙이네해물칼국수,"강원특별자치도 춘천시 후석로 367-1, 1동 1층 (후평동)",강원특별자치도 춘천시 후평동 704-10 (1동1층) ,033-253-6973,한식,2026-05-27
일반음식점,샹츠마라,"강원특별자치도 춘천시 명동길 17-1, 2.3층 (조양동)","강원특별자치도 춘천시 조양동 51-13 2층,3층 ",033-255-9227,경양식,2026-05-27
일반음식점,일보식당,강원특별자치도 춘천시 소양고개길 29 (요선동),강원특별자치도 춘천시 요선동 191 한신휴플러스상가101호 ,,한식,2026-05-27
일반음식점,마구로참치,"강원특별자치도 춘천시 후석로 326 (후평동, 엠타워빌딩 306호)",강원특별자치도 춘천시 후평동 701-8 ,033-256-1879,일식,2026-05-27
일반음식점,장수숯불갈비,"강원특별자치도 춘천시 스포츠타운길 521 (온의동, 1층)",강원특별자치도 춘천시 온의동 73-22 (1층) ,033-243-8064,한식,2026-05-27
일반음식점,경강오리구이후평점,"강원특별자치도 춘천시 춘천로296번길 24-1 (후평동, 1층)",강원특별자치도 춘천시 후평동 689-5 ,033-257-3992,식육(숯불구이),2026-05-27
일반음식점,박대감(우두점),강원특별자치도 춘천시 영서로2753번길 20 (우두동),강원특별자치도 춘천시 우두동 1056-5 ,033-255-6892,식육(숯불구이),2026-05-27
일반음식점,퍼플,"강원특별자치도 춘천시 스무숲1길 46-1, 1층 (석사동)",강원특별자치도 춘천시 석사동 923-1 (1층) ,033-251-9053,라이브카페,2026-05-27
일반음식점,도담집,강원특별자치도 춘천시 동내면 거두택지길4번길 7-7,강원특별자치도 춘천시 동내면 거두리 948-12 ,033-264-1482,한식,2026-05-27
일반음식점,자담치킨애막골점,"강원특별자치도 춘천시 애막골길3번길 20, 1층 (석사동)",강원특별자치도 춘천시 석사동 740-20 (1층) ,033-264-7982,기타,2026-05-27
일반음식점,치치,"강원특별자치도 춘천시 백령로138번길 34 (효자동, 2층)",강원특별자치도 춘천시 효자동 628-12 ,033-251-7773,한식,2026-05-27
일반음식점,광산골식당,"강원특별자치도 춘천시 사북면 말고개길 361, 1층",강원특별자치도 춘천시 사북면 신포리 592-1 ,,분식,2026-05-27
일반음식점,투다리근화점,강원특별자치도 춘천시 공지로441번길 3 (근화동),강원특별자치도 춘천시 근화동 287-7 ,033-252-5080,정종/대포집/소주방,2026-05-27
일반음식점,태양부양꼬치,"강원특별자치도 춘천시 지석로 89, 105,106,107호 (석사동, 더퍼스트빌딩)","강원특별자치도 춘천시 석사동 888-5 (더퍼스트빌딩105,106,107호) ",033-261-3588,한식,2026-05-27
일반음식점,호수를베고누워,"강원특별자치도 춘천시 영서로 2664 (근화동, 3층)",강원특별자치도 춘천시 근화동 796-22 ,033-251-8931,기타,2026-05-27
일반음식점,멕시칸(석사2지구점),"강원특별자치도 춘천시 후석로228번길 21, 101,102호 (후평동, 석사2지구아파트상가)",강원특별자치도 춘천시 후평동 892 ,033-255-5880,통닭(치킨),2026-05-27
일반음식점,아오리라멘춘천강대병원점,강원특별자치도 춘천시 서부대성로239번길 33 (후평동),강원특별자치도 춘천시 후평동 486-10 ,033-255-7953,호프/통닭,2026-05-27
일반음식점,그레이,"강원특별자치도 춘천시 백령로 138 (효자동, 3동지하1층)",강원특별자치도 춘천시 효자동 626 ,033-251-9789,정종/대포집/소주방,2026-05-27
일반음식점,노랑통닭후평점,"강원특별자치도 춘천시 후석로326번길 13, 101호 (후평동, 현대2차상가)",강원특별자치도 춘천시 후평동 427 현대2차상가 101호,033-252-1700,통닭(치킨),2026-05-27
일반음식점,항아리정육식당스무숲점,"강원특별자치도 춘천시 스무숲1길 8-5, 1층 (석사동)",강원특별자치도 춘천시 석사동 907-8 (1층) ,033-261-9291,식육(숯불구이),2026-05-27
일반음식점,홍탁삼합,"강원특별자치도 춘천시 우석로67번길 9-1, 1층 (석사동)",강원특별자치도 춘천시 석사동 747-4 ,0332-6183-59,정종/대포집/소주방,2026-05-27
일반음식점,뚱땡이쪽갈비,"강원특별자치도 춘천시 후석로186번길 30-11, 1층 (석사동)",강원특별자치도 춘천시 석사동 725-9 (1층) ,033-264-1030,정종/대포집/소주방,2026-05-27
일반음식점,장어왔소(계백),강원특별자치도 춘천시 동면 만천로 82,강원특별자치도 춘천시 동면 만천리 638-34 ,033-254-9233,식육(숯불구이),2026-05-27
일반음식점,고기로53,"강원특별자치도 춘천시 근화길15번길 43, 1층 (근화동)",강원특별자치도 춘천시 근화동 291-13 ,,식육(숯불구이),2026-05-27
일반음식점,윤가네바지락칼국수,"강원특별자치도 춘천시 중앙로 지하 35-2, 다열53,54호 (중앙로1가, 춘천지하쇼핑몰)","강원특별자치도 춘천시 중앙로1가 91 지하상가 다열53,54호 ",033-242-0841,분식,2026-05-27
일반음식점,파닭에파무쳐(춘천1호점),강원특별자치도 춘천시 성심로 32 (교동),강원특별자치도 춘천시 교동 164-5 ,033-256-9293,통닭(치킨),2026-05-27
일반음식점,산골닭갈비,강원특별자치도 춘천시 남산면 강촌로 57,강원특별자치도 춘천시 남산면 강촌리 226-6 ,033-261-4521,식육(숯불구이),2026-05-27
일반음식점,오늘도삼겹살,"강원특별자치도 춘천시 보안길 61 (후평동, 1층)",강원특별자치도 춘천시 후평동 701-6 ,033-252-5553,횟집,2026-05-27
일반음식점,바다애참치,"강원특별자치도 춘천시 퇴계로145번길 11-2 (퇴계동, 1층)",강원특별자치도 춘천시 퇴계동 956-9 (1층) ,033-261-8818,일식,2026-05-27
일반음식점,천하풍천민물장어,"강원특별자치도 춘천시 퇴계로77번길 7-16, 1,2층 (퇴계동)",강원특별자치도 춘천시 퇴계동 346-10 1.2층 ,033-243-0027,한식,2026-05-27
일반음식점,불닭발땡초동대문엽기떡볶이춘천강남점,"강원특별자치도 춘천시 영서로 2319 (온의동, 금호@상가 102호)",강원특별자치도 춘천시 온의동 571 금호@상가 102호 ,033-253-1527,호프/통닭,2026-05-27
일반음식점,호야네,강원특별자치도 춘천시 보안길 15 (후평동),강원특별자치도 춘천시 후평동 801-12 ,033-252-8612,호프/통닭,2026-05-27
일반음식점,늘푸른분식,강원특별자치도 춘천시 춘천로256번길 14 (효자동),강원특별자치도 춘천시 효자동 759-28 ,033-242-3323,분식,2026-05-27
일반음식점,옹장골관광농원,강원특별자치도 춘천시 남면 소주고개로 213-106,강원특별자치도 춘천시 남면 후동리 200 ,033-263-2633,한식,2026-05-27
일반음식점,종가염소요리,"강원특별자치도 춘천시 남춘로1번길 26, 1층 (퇴계동)",강원특별자치도 춘천시 퇴계동 615-8 외 1필지 ,033-242-3500,식육(숯불구이),2026-05-27
일반음식점,본가회냉면,강원특별자치도 춘천시 영서로 3199 (신동),강원특별자치도 춘천시 신동 980-5 ,033-244-0779,한식,2026-05-27
일반음식점,물레방아라이브7080,"강원특별자치도 춘천시 삭주로 136 (후평동, 지하1층)",강원특별자치도 춘천시 후평동 711 ,033-257-0890,라이브카페,2026-05-27
일반음식점,본가김밥,강원특별자치도 춘천시 삭주로 33-1 (교동),강원특별자치도 춘천시 교동 136-13 ,033-253-0346,분식,2026-05-27
일반음식점,제주돈통,"강원특별자치도 춘천시 스무숲1길 38-11, 1층 (석사동)",강원특별자치도 춘천시 석사동 919-4 (1층) ,033-264-5889,한식,2026-05-27
일반음식점,오서방숯불갈비,강원특별자치도 춘천시 후석로 411-1 (후평동),강원특별자치도 춘천시 후평동 714-11 ,033-251-2553,한식,2026-05-27
일반음식점,남춘천중국집,강원특별자치도 춘천시 퇴계로 74 (퇴계동),강원특별자치도 춘천시 퇴계동 366-10 ,033-255-5313,중국식,2026-05-27
일반음식점,미쳐버린파닭(춘천점),강원특별자치도 춘천시 춘주로187번길 3 (퇴계동),강원특별자치도 춘천시 퇴계동 907-3 ,033-251-9212,통닭(치킨),2026-05-27
일반음식점,BHC한림대점,강원특별자치도 춘천시 삭주로80번길 45 (효자동),강원특별자치도 춘천시 효자동 755-13 ,033-252-9243,호프/통닭,2026-05-27
일반음식점,다락,강원특별자치도 춘천시 동내면 춘천순환로72번길 37,강원특별자치도 춘천시 동내면 거두리 958-3 ,033-261-8822,호프/통닭,2026-05-27
일반음식점,롱플레이,"강원특별자치도 춘천시 애막골길7번길 9, 1층 (석사동)",강원특별자치도 춘천시 석사동 740-11 (1층) ,033-262-2676,까페,2026-05-27
일반음식점,또래오래춘천강북점,"강원특별자치도 춘천시 새청말길 26, 상가동 1층 102호 (우두동, 강변코아루아파트)",강원특별자치도 춘천시 우두동 1082 강변코아루아파트 ,033-252-9289,통닭(치킨),2026-05-27
일반음식점,먹쇠,강원특별자치도 춘천시 행촌로32번길 5-21 (퇴계동),강원특별자치도 춘천시 퇴계동 901-7 ,033-243-5004,식육(숯불구이),2026-05-27
일반음식점,제이,"강원특별자치도 춘천시 스무숲1길 36-4 (석사동, 1층)",강원특별자치도 춘천시 석사동 913-9 (1층) ,033-264-7414,감성주점,2026-05-27
일반음식점,일박이일,"강원특별자치도 춘천시 효자문길 33 (효자동, 1층)",강원특별자치도 춘천시 효자동 483-10 ,033-253-8200,중국식,2026-05-27
일반음식점,시선애막골,"강원특별자치도 춘천시 애막골길11번길 28-1, 2층 (석사동)",강원특별자치도 춘천시 석사동 735-16 (2층) ,,정종/대포집/소주방,2026-05-27
일반음식점,연희네감자탕,강원특별자치도 춘천시 복골길 52 (후평동),강원특별자치도 춘천시 후평동 818-9 ,033-256-2242,식육(숯불구이),2026-05-27
일반음식점,돈아돈아숯불구이,"강원특별자치도 춘천시 영서로 2352-16, 10동 62호 (온의동, 풍물시장)",강원특별자치도 춘천시 온의동 29-3 ,033-256-7892,식육(숯불구이),2026-05-27
일반음식점,홍천강다슬기해장국,강원특별자치도 춘천시 스포츠타운길 443-1 (삼천동),강원특별자치도 춘천시 삼천동 37-32 ,033-244-0048,한식,2026-05-27
일반음식점,곡간,"강원특별자치도 춘천시 공원4길 9, 지하1층 (퇴계동)",강원특별자치도 춘천시 퇴계동 889 (지하1층) ,033-241-3337,정종/대포집/소주방,2026-05-27
일반음식점,오즈램스바,"강원특별자치도 춘천시 퇴계로 34, 1층 (퇴계동)",강원특별자치도 춘천시 퇴계동 1180 ,033-257-8100,식육(숯불구이),2026-05-27
일반음식점,교촌치킨춘천교대점,"강원특별자치도 춘천시 동내면 춘천순환로 67, 1층",강원특별자치도 춘천시 동내면 거두리 912-4 ,033-261-6886,호프/통닭,2026-05-27
일반음식점,바다향,강원특별자치도 춘천시 신동면 정족길 188,강원특별자치도 춘천시 신동면 정족리 610-5 ,033-264-0122,식육(숯불구이),2026-05-27
일반음식점,스푼더구이락,강원특별자치도 춘천시 백령로75번길 2 (효자동),강원특별자치도 춘천시 효자동 180-10 ,033-252-8563,식육(숯불구이),2026-05-27
일반음식점,피자알볼로,"강원특별자치도 춘천시 후석로 69-1, 1층 (석사동)",강원특별자치도 춘천시 석사동 640-6 (1층) ,033-257-7909,패스트푸드,2026-05-27
일반음식점,씨지브이춘천골드매점,"강원특별자치도 춘천시 지석로 80 (퇴계동, 춘천시너스카펠라복합빌딩302호)",강원특별자치도 춘천시 퇴계동 1017 춘천시너스카펠라복합빌딩302호 ,033-269-7890,경양식,2026-05-27
일반음식점,중원,강원특별자치도 춘천시 동내면 외솔길 49-5,강원특별자치도 춘천시 동내면 거두리 1003-1 ,033-264-5575,중국식,2026-05-27
일반음식점,약사천,강원특별자치도 춘천시 약사고개길50번길 4 (약사동),강원특별자치도 춘천시 약사동 95-2 ,033-243-3123,호프/통닭,2026-05-27
일반음식점,춘천꽃대패,강원특별자치도 춘천시 우묵들길 28 (퇴계동),강원특별자치도 춘천시 퇴계동 1153-1 ,033-252-9298,식육(숯불구이),2026-05-27
일반음식점,홍콩치킨아빠가만드는집밥,"강원특별자치도 춘천시 후석로 393, 1층 (후평동)",강원특별자치도 춘천시 후평동 710-27 (1층) ,,식육(숯불구이),2026-05-27
일반음식점,홍콩반점,강원특별자치도 춘천시 동내면 영서로 1778 (2층),강원특별자치도 춘천시 동내면 학곡리 600 ,033-253-6672,중국식,2026-05-27
일반음식점,카페뽀앤쏘,"강원특별자치도 춘천시 만천로239번길 15-1, 1층 (후평동)",강원특별자치도 춘천시 후평동 752-9 (1층) ,033-253-6518,까페,2026-05-27
일반음식점,섬마을생선구이전문,"강원특별자치도 춘천시 복골길 1 (후평동, 1층)",강원특별자치도 춘천시 후평동 831-6 ,033-256-5556,한식,2026-05-27
일반음식점,두하막국수,"강원특별자치도 춘천시 서부대성로 191-1, 1층 (효자동)",강원특별자치도 춘천시 효자동 612-14 (1층) ,033-256-8566,한식,2026-05-27
일반음식점,송암손칼국수,"강원특별자치도 춘천시 옛경춘로 425-5, 지하1층 (칠전동)",강원특별자치도 춘천시 칠전동 300 ,033-263-5374,한식,2026-05-27
일반음식점,화화돼지왕갈비퇴계점,강원특별자치도 춘천시 남춘천길 33-1 (퇴계동),강원특별자치도 춘천시 퇴계동 1146-4 ,033-252-6497,식육(숯불구이),2026-05-27
일반음식점,황제돼지갈비,강원특별자치도 춘천시 동내면 춘천순환로72번길 42,강원특별자치도 춘천시 동내면 거두리 954-11 ,033-261-4729,식육(숯불구이),2026-05-27
일반음식점,강원한우타운,"강원특별자치도 춘천시 지석로 11, 별관동 3층 (퇴계동, 춘천축산농협하이록한우타운)",강원특별자치도 춘천시 퇴계동 164-3 ,033-261-9253,식육(숯불구이),2026-05-27
일반음식점,명성닭갈비,"강원특별자치도 춘천시 승지골길 7-5, 1층 (퇴계동)",강원특별자치도 춘천시 퇴계동 1008-4 (1층) ,033-263-2131,식육(숯불구이),2026-05-27
일반음식점,보고싶다친구야!,"강원특별자치도 춘천시 보안길 5 (후평동, 1층)",강원특별자치도 춘천시 후평동 807-15 ,033-253-4737,정종/대포집/소주방,2026-05-27
일반음식점,마내,강원특별자치도 춘천시 자라우길 7-44 (칠전동),강원특별자치도 춘천시 칠전동 22 ,033-252-4178,한식,2026-05-27
일반음식점,오늘통닭,"강원특별자치도 춘천시 행촌로 11 (퇴계동, 한진한성아파트상가 (104호~105호))",강원특별자치도 춘천시 퇴계동 917 한진한성아파트상가 (104호~105호) ,033-264-9985,통닭(치킨),2026-05-27
일반음식점,매니아,"강원특별자치도 춘천시 중앙로 182 (근화동, 지하1층)",강원특별자치도 춘천시 근화동 264-28 ,033-241-5034,호프/통닭,2026-05-27
일반음식점,소양강처녀닭갈비막국수,강원특별자치도 춘천시 영서로 2666 (근화동),강원특별자치도 춘천시 근화동 796-23 ,033-255-9006,식육(숯불구이),2026-05-27
일반음식점,안동반점,"강원특별자치도 춘천시 중앙로 168-1, 1층 (근화동)",강원특별자치도 춘천시 근화동 722-5 외2필지(1층) ,033-256-5214,중국식,2026-05-27
일반음식점,루앤루,"강원특별자치도 춘천시 우석로85번길 20-8, 1층 (석사동)",강원특별자치도 춘천시 석사동 724-11 ,033-264-5533,중국식,2026-05-27
일반음식점,정원,"강원특별자치도 춘천시 서부대성로 223, 3동 2,3층 (효자동)","강원특별자치도 춘천시 효자동 626-6 (2,3층3동) ",,식육(숯불구이),2026-05-27
일반음식점,도토리쉼터,강원특별자치도 춘천시 남산면 강촌구곡길 328,강원특별자치도 춘천시 남산면 강촌리 432-8 ,033-261-2350,한식,2026-05-27
일반음식점,제일식당,강원특별자치도 춘천시 경춘로 2341 (온의동),강원특별자치도 춘천시 온의동 511 ,033-254-6330,한식,2026-05-27
일반음식점,오누이가든,강원특별자치도 춘천시 서면 납실길 159,강원특별자치도 춘천시 서면 오월리 274-3 ,033-243-8837,한식,2026-05-27
일반음식점,둥지,"강원특별자치도 춘천시 동부시장길 12-5, 1층 (운교동)",강원특별자치도 춘천시 운교동 184-4 ,033-251-2811,기타,2026-05-27
일반음식점,맘스터치한림대점,"강원특별자치도 춘천시 성심로 4-1 (교동, (1층))",강원특별자치도 춘천시 교동 157-26 ,033-255-7992,통닭(치킨),2026-05-27
일반음식점,홍어짱,"강원특별자치도 춘천시 춘주로195번길 3, 1층 (퇴계동)",강원특별자치도 춘천시 퇴계동 895-3 (1층) ,033-241-9387,한식,2026-05-27
일반음식점,마루참치,"강원특별자치도 춘천시 행촌로 42 (퇴계동, 1층)",강원특별자치도 춘천시 퇴계동 901-8 (1층) ,033-251-0220,일식,2026-05-27
일반음식점,마타네식당,"강원특별자치도 춘천시 백령로138번길 47, 3동 지하1층 (효자동)","강원특별자치도 춘천시 효자동 631-2 (지하1층,3동) ",033-242-7964,분식,2026-05-27
일반음식점,동방가든,강원특별자치도 춘천시 남면 박암관천길 524,강원특별자치도 춘천시 남면 박암리 503-1 ,033-263-9712,한식,2026-05-27
일반음식점,중앙녹각삼계탕,강원특별자치도 춘천시 낙원길 32 (중앙로2가),강원특별자치도 춘천시 중앙로2가 77-1 ,033-262-6369,탕류(보신용),2026-05-27
일반음식점,토속순대국,강원특별자치도 춘천시 남산면 한치로 97,강원특별자치도 춘천시 남산면 창촌리 50-2 ,033-262-3895,한식,2026-05-27
일반음식점,고기마을,강원특별자치도 춘천시 동면 춘천로 587,강원특별자치도 춘천시 동면 장학리 96-1 ,033-241-4788,식육(숯불구이),2026-05-27
일반음식점,남부해장국,"강원특별자치도 춘천시 퇴계로 12, 1층 (퇴계동)",강원특별자치도 춘천시 퇴계동 1183-1 ,033-257-7785,한식,2026-05-27
일반음식점,커피첼리비파파,"강원특별자치도 춘천시 영서로2753번길 8, 2층 (우두동)",강원특별자치도 춘천시 우두동 1057-4 ,033-252-1248,기타,2026-05-27
일반음식점,촌닭두마리,"강원특별자치도 춘천시 춘천로204번길 52, 3동 1층 (효자동)","강원특별자치도 춘천시 효자동 618 (1층,3동) ",033-255-7242,기타,2026-05-27
일반음식점,약선흑염소춘천점,강원특별자치도 춘천시 동내면 영서로 1745,강원특별자치도 춘천시 동내면 학곡리 260-1 ,033-264-4859,탕류(보신용),2026-05-27
일반음식점,낙지(樂地),강원특별자치도 춘천시 충열로16번길 33 (우두동),강원특별자치도 춘천시 우두동 1061-10 ,033-257-0087,한식,2026-05-27
일반음식점,화로불,"강원특별자치도 춘천시 백령로 171, 3동 1층 (효자동)","강원특별자치도 춘천시 효자동 18-68 (1층,3동) ",033-251-2937,탕류(보신용),2026-05-27
일반음식점,보금자리포차,"강원특별자치도 춘천시 서부대성로 140 (운교동, 1층)",강원특별자치도 춘천시 운교동 187-11 ,033-241-2394,정종/대포집/소주방,2026-05-27
일반음식점,풍류,"강원특별자치도 춘천시 벌말길 56, 1층 (석사동)",강원특별자치도 춘천시 석사동 642-14 (1층) ,033-263-8950,한식,2026-05-27
일반음식점,온돌집,강원특별자치도 춘천시 새롬공원길9번길 1 (석사동),강원특별자치도 춘천시 석사동 840-7 ,033-251-7749,한식,2026-05-27
일반음식점,우리집,강원특별자치도 춘천시 서부대성로43번길 14-4 (요선동),강원특별자치도 춘천시 요선동 3-7 ,033-251-5651,한식,2026-05-27
일반음식점,복건성,강원특별자치도 춘천시 충열로7번길 19 (우두동),강원특별자치도 춘천시 우두동 685-16 외1필지 ,033-255-5517,한식,2026-05-27
일반음식점,송주불냉면(운교점),강원특별자치도 춘천시 춘천로 185 (운교동),강원특별자치도 춘천시 운교동 206-5 ,033-251-0980,한식,2026-05-27
일반음식점,지암산장,강원특별자치도 춘천시 사북면 화악지암1길 151,강원특별자치도 춘천시 사북면 지암리 516 ,033-243-4080,한식,2026-05-27
일반음식점,더치킨버켓,"강원특별자치도 춘천시 국사봉길 12, 1호 (퇴계동)",강원특별자치도 춘천시 퇴계동 423-5 (1호) ,033-251-9976,통닭(치킨),2026-05-27
일반음식점,도깨비밥상,"강원특별자치도 춘천시 두하길 17, 102호 (효자동)",강원특별자치도 춘천시 효자동 40-6 ,033-251-8492,식육(숯불구이),2026-05-27
일반음식점,대구참숯막창,강원특별자치도 춘천시 세실로 190 (후평동),강원특별자치도 춘천시 후평동 883-10 ,033-255-4292,식육(숯불구이),2026-05-27
일반음식점,오리왕(王),"강원특별자치도 춘천시 춘천로223번길 4, 1층 (효자동)",강원특별자치도 춘천시 효자동 747-17 ,,횟집,2026-05-27
일반음식점,청평골우리집,강원특별자치도 춘천시 북산면 오봉산길 697,강원특별자치도 춘천시 북산면 청평리 산 188-8 ,033-255-3613,한식,2026-05-27
일반음식점,우리한우,"강원특별자치도 춘천시 칠전동1길 5-8, 1층 (칠전동)",강원특별자치도 춘천시 칠전동 603-6 (1층) ,033-257-4747,식육(숯불구이),2026-05-27
일반음식점,식신,"강원특별자치도 춘천시 충열로16번길 14, 1층 (우두동)",강원특별자치도 춘천시 우두동 1066-10 (1층) ,033-256-6406,기타,2026-05-27
일반음식점,상미,강원특별자치도 춘천시 명동길 49 (죽림동),강원특별자치도 춘천시 죽림동 159-3 지하1층 ,033-243-2833,기타,2026-05-27
일반음식점,쏘마,강원특별자치도 춘천시 공지로 354 (효자동),강원특별자치도 춘천시 효자동 673-12 ,,호프/통닭,2026-05-27
일반음식점,79네수육국밥춘천온의점,강원특별자치도 춘천시 스포츠타운길 523 (온의동),강원특별자치도 춘천시 온의동 73-3 ,033-241-0147,탕류(보신용),2026-05-27
일반음식점,약사천가든,강원특별자치도 춘천시 중앙로67번길 57-1 (약사동),강원특별자치도 춘천시 약사동 26-10 , 033-255-5738,식육(숯불구이),2026-05-27
일반음식점,장군이네밥집,"강원특별자치도 춘천시 신흥길 8, 1층 (우두동)",강원특별자치도 춘천시 우두동 1052-22 (1층) ,033-264-2992,한식,2026-05-27
일반음식점,제주일품순대국,"강원특별자치도 춘천시 충열로 10-9, 1층 102호 (우두동)",강원특별자치도 춘천시 우두동 1066-21 ,033-255-8997,기타,2026-05-27
일반음식점,불닭발동대문엽기떡볶이석사점,"강원특별자치도 춘천시 퇴계농공로 11, 2층 203호 (석사동, 스타플러스빌딩)",강원특별자치도 춘천시 석사동 888-1 스타플러스빌딩203호(2층) ,033-257-8591,분식,2026-05-27
일반음식점,레드립(Red Lip),"강원특별자치도 춘천시 스무숲1길 8-9, 1층 (석사동)",강원특별자치도 춘천시 석사동 907-10 (1층) ,033-262-8218,감성주점,2026-05-27
일반음식점,아우라지,"강원특별자치도 춘천시 낙원길33번길 10, 1층 (낙원동)",강원특별자치도 춘천시 낙원동 60-7 ,033-242-0433,한식,2026-05-27
일반음식점,이구아나치킨(후평점),"강원특별자치도 춘천시 세실로192번길 6, 1층 (후평동)",강원특별자치도 춘천시 후평동 882-7 (1층) ,033-254-2901,통닭(치킨),2026-05-27
일반음식점,하림통닭,"강원특별자치도 춘천시 벌말길 53, 1층 (석사동)",강원특별자치도 춘천시 석사동 643-5 ,033-241-3339,통닭(치킨),2026-05-27
일반음식점,일미리금계찜닭강대후문점,강원특별자치도 춘천시 서부대성로 219 (효자동),강원특별자치도 춘천시 효자동 626-1 ,033-252-5787,식육(숯불구이),2026-05-27
일반음식점,우레카,"강원특별자치도 춘천시 남춘로5번길 18-6, 1층 (퇴계동)",강원특별자치도 춘천시 퇴계동 1170-9 ,033-257-6336,식육(숯불구이),2026-05-27
일반음식점,용천옛날통닭후평점,"강원특별자치도 춘천시 후석로326번길 13, 102,103호 (후평동, 현대2차아파트상가)","강원특별자치도 춘천시 후평동 427 현대2차아파트상가 102,103호 ",,호프/통닭,2026-05-27
일반음식점,의료법인 호반의료재단 춘천호반병원장례식장,"강원특별자치도 춘천시 옛경춘로 663, 지하1층 (삼천동)",강원특별자치도 춘천시 삼천동 789-1 외2필지(지하1층) ,033-251-9911,한식,2026-05-27
일반음식점,옛날가마솥소머리곰탕,"강원특별자치도 춘천시 지내고탄로 21, 1층 (신동)",강원특별자치도 춘천시 신동 766-1 1층 ,033-242-2605,탕류(보신용),2026-05-27
일반음식점,리네,"강원특별자치도 춘천시 백령로 126, 1,2층 (효자동)",강원특별자치도 춘천시 효자동 11-2 ,033-251-6842,기타,2026-05-27
일반음식점,미스터봉,"강원특별자치도 춘천시 명동길 3 (조양동, 2층)",강원특별자치도 춘천시 조양동 50-12 ,033-257-8668,기타,2026-05-27
일반음식점,황토집,"강원특별자치도 춘천시 벌말길 54-1, 1층 (석사동)",강원특별자치도 춘천시 석사동 642-13 (1층) ,033-257-7792,한식,2026-05-27
일반음식점,룡의부활,"강원특별자치도 춘천시 삭주로70번길 26, 1층 (교동)",강원특별자치도 춘천시 교동 117-1 (1층) ,033-252-9488,한식,2026-05-27
일반음식점,마산집,강원특별자치도 춘천시 동면 후만로 170,강원특별자치도 춘천시 동면 만천리 574-9 ,033-253-0712,탕류(보신용),2026-05-27
일반음식점,화동코다리와칼국수,"강원특별자치도 춘천시 후만로116번길 7, 1층 (후평동)",강원특별자치도 춘천시 후평동 871-8 (1층) ,033-243-0402,호프/통닭,2026-05-27
일반음식점,이순례손만두,"강원특별자치도 춘천시 아침길 12-1, 1,2층 (조양동)",강원특별자치도 춘천시 조양동 13-17 ,033-242-0066,한식,2026-05-27
일반음식점,와꾸만,"강원특별자치도 춘천시 춘주로187번길 20-22 (퇴계동, (1층)오른쪽)",강원특별자치도 춘천시 퇴계동 899 (1층)오른쪽 ,070-8712-7945,기타,2026-05-27
일반음식점,원조막국수별관,강원특별자치도 춘천시 동산면 영서로 1009,강원특별자치도 춘천시 동산면 원창리 891-3 ,,탕류(보신용),2026-05-27
일반음식점,마평루,강원특별자치도 춘천시 사북면 원평길 35,강원특별자치도 춘천시 사북면 원평리 417-2 ,033-243-8042,중국식,2026-05-27
일반음식점,대전흑염소국밥,강원특별자치도 춘천시 닥나무길 16 (효자동),강원특별자치도 춘천시 효자동 590-92 ,033-251-5989,한식,2026-05-27
일반음식점,자담치킨춘천강북점,"강원특별자치도 춘천시 마장길 60, 상가동 1층 103호 (사농동, 춘천 롯데캐슬 더 퍼스트 2단지)",강원특별자치도 춘천시 사농동 810 춘천 롯데캐슬 더 퍼스트 2단지 ,033-244-9992,통닭(치킨),2026-05-27
일반음식점,은담숯불닭갈비,"강원특별자치도 춘천시 남산면 한치로 62, 1층",강원특별자치도 춘천시 남산면 방곡리 133-13 ,033-262-0209,한식,2026-05-27
일반음식점,쿄시로,"강원특별자치도 춘천시 애막골길11번길 29, 1층 (석사동)",강원특별자치도 춘천시 석사동 736-7 (1층) ,033-264-5454,일식,2026-05-27
일반음식점,칠전일식,강원특별자치도 춘천시 칠전서길 8 (칠전동),강원특별자치도 춘천시 칠전동 619-4 ,033-264-7710,일식,2026-05-27
일반음식점,나폴리피자또래오래석사점,강원특별자치도 춘천시 애막골길20번길 35-1 (석사동),강원특별자치도 춘천시 석사동 769-17 ,033-254-8544,분식,2026-05-27
일반음식점,특별미기사식당,"강원특별자치도 춘천시 공지로317번길 16 (효자동, 1층)",강원특별자치도 춘천시 효자동 697-21 ,033-256-6485,한식,2026-05-27
일반음식점,흥부전,"강원특별자치도 춘천시 벌말길 93, 1층 (석사동)",강원특별자치도 춘천시 석사동 700-1 (1층) ,033-264-3392,정종/대포집/소주방,2026-05-27
일반음식점,배떡춘천점,"강원특별자치도 춘천시 공지로 244, 1층 (효자동)",강원특별자치도 춘천시 효자동 327 (2동 1층) ,033-262-2585,식육(숯불구이),2026-05-27
일반음식점,닭발어때,강원특별자치도 춘천시 보안길 17 (후평동),강원특별자치도 춘천시 후평동 801-9 ,033-241-5252,한식,2026-05-27
일반음식점,치킨퐁거두점,"강원특별자치도 춘천시 동내면 거두택지길 7, 나동 101호 (초록지붕아파트상가)",강원특별자치도 춘천시 동내면 거두리 936 초록지붕아파트상가 나동 101호,033-257-8188,통닭(치킨),2026-05-27
일반음식점,투다리춘천만천점,강원특별자치도 춘천시 동면 만천로 91,강원특별자치도 춘천시 동면 만천리 587-3 ,033-255-5792,정종/대포집/소주방,2026-05-27
일반음식점,오리맘,강원특별자치도 춘천시 우묵길60번길 20 (퇴계동),강원특별자치도 춘천시 퇴계동 1182-2 ,033-255-5233,식육(숯불구이),2026-05-27
일반음식점,원,"강원특별자치도 춘천시 동부시장길 12-5 (운교동, 1층)",강원특별자치도 춘천시 운교동 184-4 ,033-243-0593,분식,2026-05-27
일반음식점,한신흑염소,강원특별자치도 춘천시 부평길 5 (후평동),강원특별자치도 춘천시 후평동 24-11 ,033-243-8882,탕류(보신용),2026-05-27
일반음식점,남춘천자매닭갈비,강원특별자치도 춘천시 퇴계로93번길 10-4 (퇴계동),강원특별자치도 춘천시 퇴계동 1086 ,033-263-9958,식육(숯불구이),2026-05-27
일반음식점,퍼줌,강원특별자치도 춘천시 충혼길20번길 8 (온의동),강원특별자치도 춘천시 온의동 519-7 ,033-241-4369,분식,2026-05-27
일반음식점,거진명품코다리네,강원특별자치도 춘천시 퇴계로145번길 15-7 (퇴계동),강원특별자치도 춘천시 퇴계동 956-5 ,033-253-9930,탕류(보신용),2026-05-27
일반음식점,토속밥상,강원특별자치도 춘천시 남산면 강촌로 365,강원특별자치도 춘천시 남산면 창촌리 75-35 ,033-262-7900,식육(숯불구이),2026-05-27
일반음식점,풍기,강원특별자치도 춘천시 춘천로 387 (후평동),강원특별자치도 춘천시 후평동 296-9 ,033-251-8684,경양식,2026-05-27
일반음식점,재이푸드앤드링크,강원특별자치도 춘천시 춘주로187번길 12-1 (퇴계동),강원특별자치도 춘천시 퇴계동 897-8 ,,한식,2026-05-27
일반음식점,앳(AT),"강원특별자치도 춘천시 백령로138번길 15, 4층 (효자동)",강원특별자치도 춘천시 효자동 625-8 4층 ,033-252-1303,호프/통닭,2026-05-27
일반음식점,남춘천그늘집,강원특별자치도 춘천시 퇴계로69번길 16 (퇴계동),강원특별자치도 춘천시 퇴계동 348-15 ,033-251-0733,한식,2026-05-27
일반음식점,주작,"강원특별자치도 춘천시 뒷들길 46-1, 1동 1층 (후평동)",강원특별자치도 춘천시 후평동 245-46 (1동1층) ,033-253-8744,한식,2026-05-27
일반음식점,촌닭곰탕,강원특별자치도 춘천시 동내면 영서로 1776,강원특별자치도 춘천시 동내면 학곡리 602 ,033-261-9631,탕류(보신용),2026-05-27
일반음식점,오부자닭갈비막국수,강원특별자치도 춘천시 안마산로 22 (온의동),강원특별자치도 춘천시 온의동 327-1 ,033-252-2311,식육(숯불구이),2026-05-27
일반음식점,일오삼해장국,"강원특별자치도 춘천시 퇴계로145번길 15-13, 1층 (퇴계동)",강원특별자치도 춘천시 퇴계동 956-2 ,033-242-9586,한식,2026-05-27
일반음식점,맘스터치(석사점),강원특별자치도 춘천시 공지로 155 (석사동),강원특별자치도 춘천시 석사동 495-14 외1필지 ,033-264-7992,통닭(치킨),2026-05-27
일반음식점,모여라치킨,"강원특별자치도 춘천시 부평길 3 (후평동, 1층)",강원특별자치도 춘천시 후평동 27-14 ,033-252-1142,호프/통닭,2026-05-27
일반음식점,전봇대로(路),"강원특별자치도 춘천시 승지골길13번길 7-1, 2층 (퇴계동)",강원특별자치도 춘천시 퇴계동 1003-1 (2층) ,033-261-4141,정종/대포집/소주방,2026-05-27
일반음식점,투다리(굿모닝점),"강원특별자치도 춘천시 춘주로 195, 1층 (퇴계동)",강원특별자치도 춘천시 퇴계동 895-4 (1층) ,033-251-4962,정종/대포집/소주방,2026-05-27
일반음식점,에이치케이커피로스터스,강원특별자치도 춘천시 신북읍 신샘밭로 746 (1층),강원특별자치도 춘천시 신북읍 천전리 47-8 ,033-243-9992,식육(숯불구이),2026-05-27
일반음식점,강산닭갈비막국수,강원특별자치도 춘천시 영서로2279번길 28 (온의동),강원특별자치도 춘천시 온의동 514-4 ,033-255-8285,식육(숯불구이),2026-05-27
일반음식점,위찜춘천후평점,"강원특별자치도 춘천시 보안길 75, 1층 (후평동)",강원특별자치도 춘천시 후평동 702-12 ,,한식,2026-05-27
일반음식점,닭발마녀,"강원특별자치도 춘천시 동내면 외솔길19번길 36, 1층",강원특별자치도 춘천시 동내면 거두리 1004-3 ,033-263-5792,호프/통닭,2026-05-27
일반음식점,원주토정추어탕,강원특별자치도 춘천시 신동면 김유정로 1746,강원특별자치도 춘천시 신동면 정족리 684-1 ,033-256-9888,한식,2026-05-27
일반음식점,상록회관춘천점,강원특별자치도 춘천시 동내면 춘천순환로72번길 33-2,강원특별자치도 춘천시 동내면 거두리 958-1 ,033-263-9383,한식,2026-05-27
일반음식점,땡촌닭발(근화온의점),강원특별자치도 춘천시 공지로439번길 22 (근화동),강원특별자치도 춘천시 근화동 291-14 ,033-255-3225,한식,2026-05-27
일반음식점,황제돼지갈비효자점,"강원특별자치도 춘천시 춘천로176번길 9-1, 1층 (효자동)",강원특별자치도 춘천시 효자동 656 (1층) ,033-252-6692,식육(숯불구이),2026-05-27
일반음식점,스테이(STAY),강원특별자치도 춘천시 퇴계로145번길 15-4 (퇴계동),강원특별자치도 춘천시 퇴계동 954-5 ,033-262-1939,호프/통닭,2026-05-27
일반음식점,엄마손식당,"강원특별자치도 춘천시 삭주로 67, 지하1층 (교동)",강원특별자치도 춘천시 교동 152-1 (지하1층) ,033-257-5259,경양식,2026-05-27
일반음식점,육회야문연어춘천점,"강원특별자치도 춘천시 서부대성로 207 (효자동, 1층)",강원특별자치도 춘천시 효자동 618-4 ,033-257-8245,통닭(치킨),2026-05-27
일반음식점,더클래식,강원특별자치도 춘천시 동내면 공지로 76,강원특별자치도 춘천시 동내면 거두리 929-3 ,033-254-1900,뷔페식,2026-05-27
일반음식점,장수닭갈비,"강원특별자치도 춘천시 안마산로 11 (온의동, 1층)",강원특별자치도 춘천시 온의동 548-16 (1층) ,033-257-6570,식육(숯불구이),2026-05-27
일반음식점,월든(Walden),강원특별자치도 춘천시 동면 노루목길 11-6,강원특별자치도 춘천시 동면 장학리 68-1 ,033-253-3999,까페,2026-05-27
일반음식점,새명동구우미닭갈비,"강원특별자치도 춘천시 시청길10번길 16 (조양동, 1층)",강원특별자치도 춘천시 조양동 48-1 ,033-252-1759,식육(숯불구이),2026-05-27
일반음식점,꽃등심삼겹살,"강원특별자치도 춘천시 애막골길3번길 50, 1층 (석사동)",강원특별자치도 춘천시 석사동 734-2 (1층) ,033-264-4534,식육(숯불구이),2026-05-27
일반음식점,황가네,"강원특별자치도 춘천시 충혼길5번길 9-1 (퇴계동, 1층)",강원특별자치도 춘천시 퇴계동 875-6 (1층) ,033-254-6692,식육(숯불구이),2026-05-27
일반음식점,마왕족발춘천우두점,강원특별자치도 춘천시 충열로16번길 6 (우두동),강원특별자치도 춘천시 우두동 1066-4 ,033-253-5892,식육(숯불구이),2026-05-27
일반음식점,멕시칸치킨신사우점,강원특별자치도 춘천시 영서로 3074 (사농동),강원특별자치도 춘천시 사농동 245-4 ,033-242-1578,통닭(치킨),2026-05-27
일반음식점,소소리,"강원특별자치도 춘천시 후석로45번길 8, 1층 (석사동)",강원특별자치도 춘천시 석사동 651-12 ,033-261-0331,기타,2026-05-27
일반음식점,재궁골토종닭,강원특별자치도 춘천시 동면 춘천로 527-50,강원특별자치도 춘천시 동면 장학리 84 , 033-255-3739,식육(숯불구이),2026-05-27
일반음식점,성심로11-1,"강원특별자치도 춘천시 성심로 11-1 (교동, (1층))",강원특별자치도 춘천시 교동 156-6 ,,한식,2026-05-27
일반음식점,진시황제,"강원특별자치도 춘천시 후석로 326 (후평동, 엠타워빌딩 207호)",강원특별자치도 춘천시 후평동 701-8 ,033-241-8808,중국식,2026-05-27
일반음식점,산속툇골오리,"강원특별자치도 춘천시 춘주로187번길 1, 1층 (퇴계동)",강원특별자치도 춘천시 퇴계동 908 (1층) ,033-255-5279,식육(숯불구이),2026-05-27
일반음식점,한아름밥상,강원특별자치도 춘천시 남춘로51번길 9-1 (효자동),강원특별자치도 춘천시 효자동 712-27 ,033-252-3496,식육(숯불구이),2026-05-27
일반음식점,파란만잔강원대60주년기념관점,"강원특별자치도 춘천시 강원대학길 1 (효자동, 60주년 기념관 1층)",강원특별자치도 춘천시 효자동 192-1 외39필지 ,033-250-7411,기타,2026-05-27
일반음식점,창랑,강원특별자치도 춘천시 동내면 거두택지길 30,강원특별자치도 춘천시 동내면 거두리 964-1 ,033-254-9289,횟집,2026-05-27
일반음식점,애플,"강원특별자치도 춘천시 후석로 283 (후평동, 지하)",강원특별자치도 춘천시 후평동 796-9 ,033-255-1660,라이브카페,2026-05-27
일반음식점,원닭갈비,강원특별자치도 춘천시 동내면 세실로 36,강원특별자치도 춘천시 동내면 거두리 667-24 ,033-261-1339,식육(숯불구이),2026-05-27
일반음식점,몽짬뽕,"강원특별자치도 춘천시 퇴계로105번길 17, 1층 (퇴계동)",강원특별자치도 춘천시 퇴계동 1065 ,033-269-7979,정종/대포집/소주방,2026-05-27
일반음식점,본죽&비빔밥 춘천석사에버빌점,"강원특별자치도 춘천시 퇴계농공로 12, 103호 (석사동, 로얄프라자)",강원특별자치도 춘천시 석사동 880-1 (로얄프라자103호) ,033-261-2455,기타,2026-05-27
일반음식점,춘유록,강원특별자치도 춘천시 신북읍 신샘밭로 656-9,강원특별자치도 춘천시 신북읍 천전리 89-4 ,033-243-4705,식육(숯불구이),2026-05-27
일반음식점,아롬,강원특별자치도 춘천시 벌말길 39 (석사동),강원특별자치도 춘천시 석사동 654-11 ,,경양식,2026-05-27
일반음식점,엄니식당,"강원특별자치도 춘천시 안마산로 222, 지하층 (퇴계동)",강원특별자치도 춘천시 퇴계동 72-6 (지하) ,033-263-8707,한식,2026-05-27
일반음식점,함흥집,"강원특별자치도 춘천시 스포츠타운길 529-7 (온의동, 1층)",강원특별자치도 춘천시 온의동 65-54 (1층) ,033-242-5947,중국식,2026-05-27
일반음식점,오필승닭발팔호광장점,"강원특별자치도 춘천시 춘천로 171 (운교동, 1층)",강원특별자치도 춘천시 운교동 136-1 ,033-252-8589,식육(숯불구이),2026-05-27
일반음식점,해물마루,"강원특별자치도 춘천시 충혼길 9, 1층 (퇴계동)",강원특별자치도 춘천시 퇴계동 874-4 ,033-252-7878,한식,2026-05-27
일반음식점,속초회냉면,강원특별자치도 춘천시 동내면 거두택지길44번길 22,강원특별자치도 춘천시 동내면 거두리 1131-5 ,033-264-6400,기타,2026-05-27
일반음식점,축제닭갈비,강원특별자치도 춘천시 동내면 외솔길19번길 49,강원특별자치도 춘천시 동내면 거두리 1020-13 ,033-242-0872,식육(숯불구이),2026-05-27
일반음식점,석사돌삼겹,"강원특별자치도 춘천시 효석로89번길 31, 1층 (석사동)",강원특별자치도 춘천시 석사동 697-4 (1층) ,033-262-6560,식육(숯불구이),2026-05-27
일반음식점,오케이치킨(봄내점),"강원특별자치도 춘천시 퇴계로 243, 101호 (석사동)",강원특별자치도 춘천시 석사동 818-11 (101호) ,033-262-1179,통닭(치킨),2026-05-27
일반음식점,미래성,"강원특별자치도 춘천시 영서로2756번길 2, 1층 (우두동)",강원특별자치도 춘천시 우두동 1060 (1층) ,033-244-1929,중국식,2026-05-27
일반음식점,춘천소담막국수,강원특별자치도 춘천시 남산면 경춘로 138,강원특별자치도 춘천시 남산면 서천리 589-3 ,033-264-9669,한식,2026-05-27
일반음식점,좌방산닭갈비토종닭,강원특별자치도 춘천시 남면 한덕발산길 1226,강원특별자치도 춘천시 남면 발산리 191 ,033-263-5517,식육(숯불구이),2026-05-27
일반음식점,홍가애막골점,"강원특별자치도 춘천시 애막골길3번길 40, 1층 (석사동)",강원특별자치도 춘천시 석사동 736-1 (1층) ,033-2613-851,정종/대포집/소주방,2026-05-27
일반음식점,속초장칼,강원특별자치도 춘천시 동내면 외솔길19번길 56-13,강원특별자치도 춘천시 동내면 거두리 1042-4 ,033-263-2253,한식,2026-05-27
일반음식점,옛촌,"강원특별자치도 춘천시 향교앞길 4, 1층 (교동)",강원특별자치도 춘천시 교동 86-7 ,033-254-1511,한식,2026-05-27
일반음식점,촌놈,"강원특별자치도 춘천시 후석로 361 (후평동, 1층)",강원특별자치도 춘천시 후평동 704-4 ,033-252-2223,한식,2026-05-27
일반음식점,봄내스크린골프,"강원특별자치도 춘천시 공지로 216, 2층 (효자동)",강원특별자치도 춘천시 효자동 223-1 2층 ,033-256-9779,기타,2026-05-27
일반음식점,(주)춘천장어마을,강원특별자치도 춘천시 신북읍 사랑말길 145,강원특별자치도 춘천시 신북읍 율문리 437-1 ,033-244-8213,기타,2026-05-27
일반음식점,쎄븐(7080),"강원특별자치도 춘천시 안마산로 213 (퇴계동, 지하1층(퇴계타운B27호))",강원특별자치도 춘천시 퇴계동 79 지하1층(퇴계타운B27호) ,033-264-7707,라이브카페,2026-05-27
일반음식점,가마솥통닭,"강원특별자치도 춘천시 석사길 9, 1층 (석사동)",강원특별자치도 춘천시 석사동 667-5 (1층) ,033-262-4465,식육(숯불구이),2026-05-27
일반음식점,밥이랑국이랑,강원특별자치도 춘천시 동산면 영서로 411,강원특별자치도 춘천시 동산면 조양리 350-4 ,033-264-5659,한식,2026-05-27
일반음식점,샌토락낙원동점,"강원특별자치도 춘천시 중앙로68번길 20, 1층 (소양로3가)",강원특별자치도 춘천시 소양로3가 171 (1층) ,033-251-0550,패스트푸드,2026-05-27
일반음식점,동대문곱창,강원특별자치도 춘천시 서부대성로48번길 21-1 (요선동),강원특별자치도 춘천시 요선동 15-16 ,033-251-2830,식육(숯불구이),2026-05-27
일반음식점,창촌반점,강원특별자치도 춘천시 남산면 한치로 86,강원특별자치도 춘천시 남산면 창촌리 72-5 ,033-261-4640,중국식,2026-05-27
일반음식점,산수정,강원특별자치도 춘천시 남산면 산수길 215,강원특별자치도 춘천시 남산면 산수리 29 ,033-263-4932,한식,2026-05-27
일반음식점,불타는통닭,"강원특별자치도 춘천시 행촌로 54, 1층 (퇴계동)",강원특별자치도 춘천시 퇴계동 900-9 (1층) ,033-254-1475,통닭(치킨),2026-05-27
일반음식점,삼악산닭갈비봄내점,강원특별자치도 춘천시 퇴계로 207-1 (석사동),강원특별자치도 춘천시 석사동 796-12 ,033-263-5980,한식,2026-05-27
일반음식점,정자나루,강원특별자치도 춘천시 남산면 한치로 120,강원특별자치도 춘천시 남산면 창촌리 135-1 ,033-264-7002,탕류(보신용),2026-05-27
일반음식점,슈퍼스타,"강원특별자치도 춘천시 서부대성로 227, 지하층 (효자동)",강원특별자치도 춘천시 효자동 626-12 (지하) ,070-7804-6556,호프/통닭,2026-05-27
일반음식점,한식카야한야,"강원특별자치도 춘천시 후석로326번길 5 (후평동, 101호)",강원특별자치도 춘천시 후평동 701-12 ,033-255-0209,호프/통닭,2026-05-27
일반음식점,소곱창이다,"강원특별자치도 춘천시 남춘로36번길 63, 1층 (퇴계동)",강원특별자치도 춘천시 퇴계동 946-8 (1층) ,033-261-1194,정종/대포집/소주방,2026-05-27
일반음식점,부산산꼼장어,강원특별자치도 춘천시 우석로79번길 16-3 (석사동),강원특별자치도 춘천시 석사동 735-11 ,033-263-7181,기타,2026-05-27
일반음식점,송암골막국수닭갈비,"강원특별자치도 춘천시 송암길 38, 1층 (송암동)",강원특별자치도 춘천시 송암동 750-1 (1층) ,033-263-9222,식육(숯불구이),2026-05-27
일반음식점,육회왕자연어공주춘천1호점,강원특별자치도 춘천시 애막골길7번길 28 (석사동),강원특별자치도 춘천시 석사동 736-17 ,033-261-1131,횟집,2026-05-27
일반음식점,호식이두마리치킨퇴계점,"강원특별자치도 춘천시 안마산로 214 (퇴계동, 퇴계금호타운상가(지층20,21,22호1/2))","강원특별자치도 춘천시 퇴계동 945 퇴계금호타운상가(지층20,21,22호1/2) ",033-262-8849,통닭(치킨),2026-05-27
일반음식점,육림보쌈숯불구이후평점,강원특별자치도 춘천시 삭주로 120 (후평동),강원특별자치도 춘천시 후평동 842-2 ,033-254-6547,식육(숯불구이),2026-05-27
일반음식점,원조숯불닭불고기집,"강원특별자치도 춘천시 낙원길 28-4, 1,2층 (중앙로2가)",강원특별자치도 춘천시 중앙로2가 66-2 ,033-257-5326,식육(숯불구이),2026-05-27
일반음식점,봄봄,강원특별자치도 춘천시 신동면 금병의숙1길 55,강원특별자치도 춘천시 신동면 증리 537-2 ,033-261-2772,한식,2026-05-27
일반음식점,CHO O.K치킨(후평점),"강원특별자치도 춘천시 춘천로 288 (후평동, 1층 왼쪽)",강원특별자치도 춘천시 후평동 687-17 ,033-255-0989,통닭(치킨),2026-05-27
일반음식점,썬더치킨만천점,강원특별자치도 춘천시 동면 만천로143번길 54,강원특별자치도 춘천시 동면 만천리 575-3 ,033-253-5595,통닭(치킨),2026-05-27
일반음식점,미노루,강원특별자치도 춘천시 동내면 춘천순환로72번길 16,강원특별자치도 춘천시 동내면 거두리 933-6 ,033-262-7787,중국식,2026-05-27
일반음식점,맷돌막국수,"강원특별자치도 춘천시 칠전동1길 6, 1층 (칠전동)",강원특별자치도 춘천시 칠전동 639-1 (1층) ,033-241-4944,한식,2026-05-27
일반음식점,산골콩손두부,강원특별자치도 춘천시 동면 만천로143번길 54,강원특별자치도 춘천시 동면 만천리 575-3 ,033-253-7500,한식,2026-05-27
일반음식점,여우내꺼7080라이브,"강원특별자치도 춘천시 우묵길78번길 24, 2층 (퇴계동)",강원특별자치도 춘천시 퇴계동 1153-3 2층 ,033-255-6800,라이브카페,2026-05-27
일반음식점,황금어장,"강원특별자치도 춘천시 애막골길11번길 31-1, 1층 (석사동)",강원특별자치도 춘천시 석사동 736-4 (1층) ,033-244-2114,일식,2026-05-27
일반음식점,투다리낙원점,"강원특별자치도 춘천시 낙원길 50, 1층 (중앙로2가)",강원특별자치도 춘천시 중앙로2가 100 ,033-253-0983,정종/대포집/소주방,2026-05-27
일반음식점,홍익돈까스,강원특별자치도 춘천시 새롬공원길5번길 11 (석사동),강원특별자치도 춘천시 석사동 843-3 ,033-264-6585,한식,2026-05-27
일반음식점,볶음밥도사&파스타,"강원특별자치도 춘천시 후석로45번길 15-1, 1층 (석사동)",강원특별자치도 춘천시 석사동 654-3 (1층) ,033-264-9996,통닭(치킨),2026-05-27
일반음식점,파코도노,"강원특별자치도 춘천시 영서로 3189, 2층 (신동)",강원특별자치도 춘천시 신동 970-1 ,,까페,2026-05-27
일반음식점,오돌이닭발,"강원특별자치도 춘천시 애막골길7번길 20, 1층 (석사동)",강원특별자치도 춘천시 석사동 741-8 ,033-251-7491,호프/통닭,2026-05-27
일반음식점,용권네한우곱창,"강원특별자치도 춘천시 후석로 431, 1층 (후평동)",강원특별자치도 춘천시 후평동 716-10 ,033-256-1808,식육(숯불구이),2026-05-27
일반음식점,행복반점,강원특별자치도 춘천시 백령로 63 (효자동),강원특별자치도 춘천시 효자동 178-31 ,033-242-6961,횟집,2026-05-27
일반음식점,충무복집,강원특별자치도 춘천시 동면 소양강로 320,강원특별자치도 춘천시 동면 장학리 462-1 ,033-255-8788,복어취급,2026-05-27
일반음식점,장수소꼬리,강원특별자치도 춘천시 퇴계로93번길 4-7 (퇴계동),강원특별자치도 춘천시 퇴계동 1091 ,033-264-8864,식육(숯불구이),2026-05-27
일반음식점,남촌가든,강원특별자치도 춘천시 남면 충효로 799-34,강원특별자치도 춘천시 남면 발산리 94 ,033-263-9003,한식,2026-05-27
일반음식점,전이랑밥이랑,"강원특별자치도 춘천시 세실로208번길 7-8, 1층 (후평동)",강원특별자치도 춘천시 후평동 872-7 ,033-254-0234,정종/대포집/소주방,2026-05-27
일반음식점,강촌명가짬뽕,강원특별자치도 춘천시 남산면 강촌로 80,강원특별자치도 춘천시 남산면 강촌리 239-1 ,033-262-8556,중국식,2026-05-27
일반음식점,원터,"강원특별자치도 춘천시 칠전서길 24-3, 1층 (칠전동)",강원특별자치도 춘천시 칠전동 592-12 (1층) ,033-263-3005,한식,2026-05-27
일반음식점,별미얼큰순대국,강원특별자치도 춘천시 동내면 거두택지길 65-3,강원특별자치도 춘천시 동내면 거두리 1113-5 ,033-262-7999,한식,2026-05-27
일반음식점,호프타임,"강원특별자치도 춘천시 서부대성로 140-1 (운교동, 1층)",강원특별자치도 춘천시 운교동 187-10 ,033-241-7931,호프/통닭,2026-05-27
일반음식점,배달연구소,강원특별자치도 춘천시 세실로208번길 7-9 (후평동),강원특별자치도 춘천시 후평동 871-3 ,070-8258-0083,한식,2026-05-27
일반음식점,라비에벨(Lavie Est Belle),"강원특별자치도 춘천시 삭주로 106 (후평동, 지하)",강원특별자치도 춘천시 후평동 854-4 ,033-255-8753,라이브카페,2026-05-27
일반음식점,고피자(춘천석사점),"강원특별자치도 춘천시 지석로 75, 109호 (석사동, 프라임존 )",강원특별자치도 춘천시 석사동 880-5 프라임존 109호 ,033-910-0778,패스트푸드,2026-05-27
일반음식점,초가뭉텅찌개,강원특별자치도 춘천시 신북읍 율문길 107-1,강원특별자치도 춘천시 신북읍 율문리 275-1 ,033-241-0078,한식,2026-05-27
일반음식점,풍물참숯닭갈비,,"강원특별자치도 춘천시 온의동 29-3 외29필지(상가11동79,80,81,82호점) ",033-257-4793,식육(숯불구이),2026-05-27
일반음식점,석돌판돼지구이,"강원특별자치도 춘천시 백령로 220 (후평동, 1층)",강원특별자치도 춘천시 후평동 67-35 ,033-251-5300,식육(숯불구이),2026-05-27
일반음식점,좋은친구들,"강원특별자치도 춘천시 서부대성로239번길 69-2, 1층 (후평동)",강원특별자치도 춘천시 후평동 67-83 ,033-264-1362,분식,2026-05-27
일반음식점,가르텐보리정원신사우점,"강원특별자치도 춘천시 충열로16번길 5-10, 1층 (우두동)",강원특별자치도 춘천시 우두동 1063-4 ,033-243-0070,호프/통닭,2026-05-27
일반음식점,홍천메밀부침,"강원특별자치도 춘천시 영서로 2352-24, 풍물시장 (온의동)",강원특별자치도 춘천시 온의동 29-3 풍물시장 ,033-242-3275,기타,2026-05-27
일반음식점,젠틀맨,"강원특별자치도 춘천시 백령로 184 (후평동, 지하)",강원특별자치도 춘천시 후평동 67-52 ,,라이브카페,2026-05-27
일반음식점,학곡리옛날통닭,강원특별자치도 춘천시 동내면 영서로 1776,강원특별자치도 춘천시 동내면 학곡리 602 ,033-264-6985,호프/통닭,2026-05-27
일반음식점,풍물생고기,"강원특별자치도 춘천시 영서로 2352-48, 풍물시장 13동 1층 97~100호 (온의동)",강원특별자치도 춘천시 온의동 148-1 풍물시장 ,033-244-5115,식육(숯불구이),2026-05-27
일반음식점,이모집,"강원특별자치도 춘천시 영서로 2352-44, 12동 89호 (온의동, 풍물시장)",강원특별자치도 춘천시 온의동 148-1 외29필지(12동89호) ,033-241-2662,분식,2026-05-27
일반음식점,엄마손칼국수,강원특별자치도 춘천시 퇴계로145번길 7-7 (퇴계동),강원특별자치도 춘천시 퇴계동 961-3 ,033-241-1688,분식,2026-05-27
일반음식점,나들목주당,강원특별자치도 춘천시 성심로47번길 1 (효자동),강원특별자치도 춘천시 효자동 754-21 ,033-243-8515,정종/대포집/소주방,2026-05-27
일반음식점,대룡소머리국밥,,강원특별자치도 춘천시 온의동 149-5 외30필지(상가12동 84호 85호) ,033-253-9279,탕류(보신용),2026-05-27
일반음식점,프라하,"강원특별자치도 춘천시 백령로 146, 지하1층 (효자동)",강원특별자치도 춘천시 효자동 20-13 (지하1층) ,033-255-9295,호프/통닭,2026-05-27
일반음식점,와송칼국수,강원특별자치도 춘천시 명동길 46-1 (중앙로3가),강원특별자치도 춘천시 중앙로3가 60-3 1층 ,033-255-7600,한식,2026-05-27
일반음식점,송암카페테리아(행복이벤트),,"강원특별자치도 춘천시 송암동 산44 외23필지(2층, 3층) ",033-257-1282,한식,2026-05-27
일반음식점,부녀식당,"강원특별자치도 춘천시 명동길29번길 4-21, 1층 (죽림동)",강원특별자치도 춘천시 죽림동 11-90 ,033-252-0654,한식,2026-05-27
일반음식점,토담숯불닭갈비,"강원특별자치도 춘천시 신북읍 신샘밭로 662 (1동,4동)",강원특별자치도 춘천시 신북읍 천전리 90-12 ,033-241-5392,식육(숯불구이),2026-05-27
일반음식점,풍물바베큐,"강원특별자치도 춘천시 영서로 2352-38, 11동 1층 76호 (온의동, 풍물시장)",강원특별자치도 춘천시 온의동 148-1 외29필지(상가11동76호점) ,033-253-0138,한식,2026-05-27
일반음식점,동해막국수,,강원특별자치도 춘천시 신동면 정족리 612 ,033-263-1237,한식,2026-05-27
일반음식점,대박탕수육,"강원특별자치도 춘천시 전원길 50, 1층 (효자동)",강원특별자치도 춘천시 효자동 751-18 ,033-252-8454,중국식,2026-05-27
일반음식점,올레흑돈,강원특별자치도 춘천시 퇴계로93번길 12 (퇴계동),강원특별자치도 춘천시 퇴계동 1077 ,033-264-6635,한식,2026-05-27
일반음식점,풍류365,"강원특별자치도 춘천시 영서로 2352-38, 11동 1층 73호 (온의동, 풍물시장)",강원특별자치도 춘천시 온의동 148-1 외29필지(풍물시장) 11동 73호,033-254-1094,기타,2026-05-27
일반음식점,타프로스터스,강원특별자치도 춘천시 서부대성로227번길 7-1 (효자동),강원특별자치도 춘천시 효자동 625-10 ,,정종/대포집/소주방,2026-05-27
일반음식점,모이새영양탕,"강원특별자치도 춘천시 영서로 2352-44, 12동 1층 95호 (온의동, 풍물시장)",강원특별자치도 춘천시 온의동 148-1 외29필지 춘천풍물상가 12동 95호,033-251-5211,탕류(보신용),2026-05-27
일반음식점,풍물영양탕,"강원특별자치도 춘천시 영서로 2352-24, 풍물시장 (온의동)",강원특별자치도 춘천시 온의동 29-3 풍물시장 ,033-254-0089,탕류(보신용),2026-05-27
일반음식점,신촌리소머리곰탕,강원특별자치도 춘천시 동내면 향군길 2,강원특별자치도 춘천시 동내면 신촌리 389-6 ,033-256-7159,탕류(보신용),2026-05-27
일반음식점,아궁이,강원특별자치도 춘천시 공지로441번길 10-1 (근화동),강원특별자치도 춘천시 근화동 286-7 ,033-241-8918,호프/통닭,2026-05-27
일반음식점,북산집,"강원특별자치도 춘천시 영서로 2352-38, 11동 1층 74,75호 (온의동, 풍물시장)","강원특별자치도 춘천시 온의동 148-1 외29필지(상가11동74호, 75호점) ",033-243-9721,정종/대포집/소주방,2026-05-27
일반음식점,왕언니,"강원특별자치도 춘천시 영서로 2352-24, 풍물시장 11동 77,78호 (온의동)",강원특별자치도 춘천시 온의동 29-3 풍물시장 ,033-251-5123,한식,2026-05-27
일반음식점,진보닭갈비막국수,"강원특별자치도 춘천시 충혼길8번길 2, 1층 (퇴계동)",강원특별자치도 춘천시 퇴계동 627-4 ,033-253-0714,식육(숯불구이),2026-05-27
일반음식점,(신)옹달샘,"강원특별자치도 춘천시 영서로 2352-44 (온의동, 상가12동83호)",강원특별자치도 춘천시 온의동 29-3 외29필지(상가12동83호점) ,,분식,2026-05-27
일반음식점,팔봉루,강원특별자치도 춘천시 남산면 김유정로 278,강원특별자치도 춘천시 남산면 광판리 432-1 ,033-263-2599,중국식,2026-05-27
일반음식점,산골청국장,강원특별자치도 춘천시 신북읍 신북로 248,강원특별자치도 춘천시 신북읍 산천리 291-1 ,033-243-8911,한식,2026-05-27
일반음식점,강남동골목원조닭갈비,강원특별자치도 춘천시 충혼길52번길 20-4 (온의동),강원특별자치도 춘천시 온의동 538-11 ,033-251-5909,한식,2026-05-27
일반음식점,충남삼계탕박물관점,강원특별자치도 춘천시 우석로 44-1 (석사동),강원특별자치도 춘천시 석사동 764-12 ,033-262-0330,탕류(보신용),2026-05-27
일반음식점,청솔한우,"강원특별자치도 춘천시 애막골길3번길 20-1, 1층 (석사동)",강원특별자치도 춘천시 석사동 740-1 (1층) ,033-263-3535,식육(숯불구이),2026-05-27
일반음식점,피자알볼로춘천중앙점,"강원특별자치도 춘천시 삭주로 53 (교동, (1층))",강원특별자치도 춘천시 교동 93-27 ,033-242-7909,패스트푸드,2026-05-27
일반음식점,정아네죽집,"강원특별자치도 춘천시 영서로 2352-20 (온의동, 풍물시장상가13동107호)",강원특별자치도 춘천시 온의동 29-3 풍물시장상가13동107호 ,,한식,2026-05-27
일반음식점,맘스터치강대효자점,"강원특별자치도 춘천시 서부대성로 247, 2층 (효자동)",강원특별자치도 춘천시 효자동 632-27 ,033-256-7992,호프/통닭,2026-05-27
일반음식점,공동주택,강원특별자치도 춘천시 애막골길7번길 34 (석사동),강원특별자치도 춘천시 석사동 736-21 ,,정종/대포집/소주방,2026-05-27
일반음식점,항아리,강원특별자치도 춘천시 후석로 268 (후평동),강원특별자치도 춘천시 후평동 836-16 ,033-252-1443,한식,2026-05-27
일반음식점,안골설렁탕,"강원특별자치도 춘천시 남면 충효로 801, 1층",강원특별자치도 춘천시 남면 발산리 92-10 ,033-261-0870,탕류(보신용),2026-05-27
일반음식점,육대장,"강원특별자치도 춘천시 만천로195번길 9, 1층 (후평동)",강원특별자치도 춘천시 후평동 116-26 ,033-255-9008,한식,2026-05-27
일반음식점,필인두드림,"강원특별자치도 춘천시 행촌로32번길 5-9, 지하1층 (퇴계동)",강원특별자치도 춘천시 퇴계동 902-4 (지하1층) ,,기타,2026-05-27
일반음식점,커피구루,강원특별자치도 춘천시 우석로85번길 9-3 (석사동),강원특별자치도 춘천시 석사동 732-8 ,033-262-8501,패스트푸드,2026-05-27
일반음식점,물안개식당,강원특별자치도 춘천시 춘천로68번길 12 (효자동),강원특별자치도 춘천시 효자동 683-12 ,,호프/통닭,2026-05-27
일반음식점,베이스먼트(Basement),강원특별자치도 춘천시 애막골길7번길 32 (석사동),강원특별자치도 춘천시 석사동 736-20 ,,경양식,2026-05-27
일반음식점,해말조개칼국수,강원특별자치도 춘천시 동면 춘천로 553,강원특별자치도 춘천시 동면 장학리 80-5 ,033-256-7932,한식,2026-05-27
일반음식점,이현푸드,강원특별자치도 춘천시 후석로45번길 6 (석사동),강원특별자치도 춘천시 석사동 651-11 ,033-262-0068,탕류(보신용),2026-05-27
일반음식점,허수아비,강원특별자치도 춘천시 효석로89번길 35 (석사동),강원특별자치도 춘천시 석사동 697-2 ,033-261-5432,호프/통닭,2026-05-27
일반음식점,남춘천명물닭갈비,강원특별자치도 춘천시 충혼길5번길 3 (퇴계동),강원특별자치도 춘천시 퇴계동 875-2 ,033-254-9922,식육(숯불구이),2026-05-27
일반음식점,신중화촌후평장학점,강원특별자치도 춘천시 동면 공단로 108,강원특별자치도 춘천시 동면 장학리 791-36 ,033-241-6655,중국식,2026-05-27
일반음식점,수내닭꼬치,강원특별자치도 춘천시 춘천로204번길 54-1 (효자동),강원특별자치도 춘천시 효자동 618-20 ,033-256-5517,통닭(치킨),2026-05-27
일반음식점,춘천낙원닭갈비,"강원특별자치도 춘천시 낙원길 34, 1층 (중앙로2가)",강원특별자치도 춘천시 중앙로2가 77 ,033-256-0422,식육(숯불구이),2026-05-27
일반음식점,만강,강원특별자치도 춘천시 동내면 외솔길19번길 61,강원특별자치도 춘천시 동내면 거두리 1020-8 ,033-262-5900,일식,2026-05-27
일반음식점,춘천월드온천,강원특별자치도 춘천시 신북읍 장본길 35,강원특별자치도 춘천시 신북읍 산천리 310-13 ,033-244-8889,한식,2026-05-27
일반음식점,짝패,"강원특별자치도 춘천시 우석로79번길 12-13 (석사동, (1층 우측))",강원특별자치도 춘천시 석사동 734-7 (1층 우측) ,033-264-7170,호프/통닭,2026-05-27
일반음식점,이디야커피(춘천유앤아이구름다리점),강원특별자치도 춘천시 동면 후만로 167,강원특별자치도 춘천시 동면 만천리 574-11 ,033-253-7701,경양식,2026-05-27
일반음식점,안골,"강원특별자치도 춘천시 효자로24번길 20, 1층 (퇴계동)",강원특별자치도 춘천시 퇴계동 358-16 (1층) ,033-257-9989,식육(숯불구이),2026-05-27
일반음식점,백령밥집,"강원특별자치도 춘천시 백령로 180, 1층 가운데상가호 (후평동)",강원특별자치도 춘천시 후평동 67-50 ,033-241-2287,한식,2026-05-27
일반음식점,앞마당숯불갈비,"강원특별자치도 춘천시 효자로14번길 12-20, 1층 (퇴계동)",강원특별자치도 춘천시 퇴계동 1146-2 ,033-252-9599,식육(숯불구이),2026-05-27
일반음식점,자미왕갈비해장국,"강원특별자치도 춘천시 스무숲2길 5, 1층 (석사동)",강원특별자치도 춘천시 석사동 940-3 (1층) ,033-264-8878,탕류(보신용),2026-05-27
일반음식점,선이네삼다돈,"강원특별자치도 춘천시 공원4길 20-1, 1층 (퇴계동)",강원특별자치도 춘천시 퇴계동 885-4 (1층) ,033-910-3303,식육(숯불구이),2026-05-27
일반음식점,주식회사 더존비즈온,"강원특별자치도 춘천시 남산면 버들1길 130, 1층",강원특별자치도 춘천시 남산면 수동리 749 ,02-6233-5806,기타,2026-05-27
일반음식점,일산식당,강원특별자치도 춘천시 서부대성로44번길 9 (요선동),강원특별자치도 춘천시 요선동 10-1 ,033-253-5006,한식,2026-05-27
일반음식점,와이파이전,강원특별자치도 춘천시 동내면 거두택지길 32 (104호),강원특별자치도 춘천시 동내면 거두리 964-2 ,033-261-5989,기타,2026-05-27
일반음식점,옛맛스넥,강원특별자치도 춘천시 명동길 51-2 (죽림동),강원특별자치도 춘천시 죽림동 159 1층 ,033-251-4480,분식,2026-05-27
일반음식점,그레이존,"강원특별자치도 춘천시 애막골길16번길 16-7, 1층 102호 (석사동)",강원특별자치도 춘천시 석사동 767-1 ,070-8755-7859,경양식,2026-05-27
일반음식점,동문,강원특별자치도 춘천시 남산면 남이섬길 1,강원특별자치도 춘천시 남산면 방하리 198-7 (밥플렉스 1층) ,0507-1324-8099,분식,2026-05-27
일반음식점,남문,강원특별자치도 춘천시 남산면 남이섬길 1,강원특별자치도 춘천시 남산면 방하리 198 ,031-580-8055,한식,2026-05-27
일반음식점,래금힐파크,강원특별자치도 춘천시 사북면 지내고탄로 752 (지하),강원특별자치도 춘천시 사북면 고탄리 890 ,033-244-7711,한식,2026-05-27
일반음식점,딴지펍,강원특별자치도 춘천시 남산면 남이섬길 1 (남이섬),강원특별자치도 춘천시 남산면 방하리 198-7 남이섬 ,031-580-8056,패스트푸드,2026-05-27
일반음식점,낭만춘천숯불닭갈비,강원특별자치도 춘천시 낙원길 50 (중앙로2가),강원특별자치도 춘천시 중앙로2가 99 외3필지 ,033-251-0906,식육(숯불구이),2026-05-27
일반음식점,우리순대국,강원특별자치도 춘천시 후석로45번길 15 (석사동),강원특별자치도 춘천시 석사동 654-4 ,033-252-9545,한식,2026-05-27
일반음식점,아름다운세상,강원특별자치도 춘천시 사북면 화악지암길 782,강원특별자치도 춘천시 사북면 지암리 2-15 ,033-243-2243,한식,2026-05-27
일반음식점,조약돌숯불닭갈비,"강원특별자치도 춘천시 낙원길 43 (낙원동, 1층)",강원특별자치도 춘천시 낙원동 22 ,033-264-0858,식육(숯불구이),2026-05-27
일반음식점,좋은친구들,"강원특별자치도 춘천시 삭주로 118 (후평동, 1층 좌측)",강원특별자치도 춘천시 후평동 847-4 ,033-256-2324,정종/대포집/소주방,2026-05-27
일반음식점,원조중앙닭갈비,강원특별자치도 춘천시 남산면 강촌로 112,강원특별자치도 춘천시 남산면 강촌리 338-2 ,033-262-9766,식육(숯불구이),2026-05-27
일반음식점,샤브향,강원특별자치도 춘천시 동내면 외솔길19번길 64-8,강원특별자치도 춘천시 동내면 거두리 1044-3 ,033-263-2555,한식,2026-05-27
일반음식점,퇴골가든,"강원특별자치도 춘천시 서면 툇골길 353, 1층",강원특별자치도 춘천시 서면 서상리 678 ,033-243-8959,한식,2026-05-27
일반음식점,낙원뼈다귀전골,"강원특별자치도 춘천시 낙원길 37, 2층 (낙원동)",강원특별자치도 춘천시 낙원동 30-8 ,033-241-5455,한식,2026-05-27
일반음식점,다래전마당,강원특별자치도 춘천시 안마산로 203 (퇴계동),강원특별자치도 춘천시 퇴계동 7-23 외5필지 ,0507-1373-1972,기타,2026-05-27
일반음식점,진미루,강원특별자치도 춘천시 동내면 영서로 1781,강원특별자치도 춘천시 동내면 학곡리 306-33 ,033-254-6287,중국식,2026-05-27
일반음식점,나스(NA's),강원특별자치도 춘천시 신북읍 신샘밭로 706-8 (1층),강원특별자치도 춘천시 신북읍 천전리 85-1 ,033-241-9445,까페,2026-05-27
일반음식점,맛자랑튀김,"강원특별자치도 춘천시 동부시장길 8 (운교동, 동부시장지하 21,22,27호)","강원특별자치도 춘천시 운교동 183 동부시장 지하21,22,27호 ",033-254-6698,기타,2026-05-27
일반음식점,멸치국수가참맛있는집,"강원특별자치도 춘천시 터미널길 10 (온의동, 1층)",강원특별자치도 춘천시 온의동 133-5 ,033-244-2500,분식,2026-05-27
일반음식점,남춘천씨씨대식당,강원특별자치도 춘천시 신동면 오봉길 156,강원특별자치도 춘천시 신동면 혈동리 산 226 외80필지 ,033-269-3000,한식,2026-05-27
일반음식점,남춘천씨씨그늘집,강원특별자치도 춘천시 신동면 오봉길 156,강원특별자치도 춘천시 신동면 혈동리 산 226 외80필지 ,033-269-3000,한식,2026-05-27
일반음식점,남춘천씨씨티하우스,강원특별자치도 춘천시 신동면 오봉길 156,강원특별자치도 춘천시 신동면 혈동리 산 226 외 80외필지 ,033-269-3000,한식,2026-05-27
일반음식점,한상차림,"강원특별자치도 춘천시 남면 충효로 815, 2층",강원특별자치도 춘천시 남면 발산리 94-2 ,033-262-1815,한식,2026-05-27
일반음식점,꼬꼬스치킨,"강원특별자치도 춘천시 춘주로 174 (퇴계동, (그린타운상가 102호))",강원특별자치도 춘천시 퇴계동 916-3 (그린타운상가 102호) ,033-242-5119,통닭(치킨),2026-05-27
일반음식점,샘밭촌놈,강원특별자치도 춘천시 동내면 외솔길19번길 49-29,강원특별자치도 춘천시 동내면 거두리 1017-4 ,033-261-9999,식육(숯불구이),2026-05-27
일반음식점,점순네닭갈비,강원특별자치도 춘천시 신동면 풍류길 27 (나동.1층),강원특별자치도 춘천시 신동면 증리 392 ,033-262-8543,식육(숯불구이),2026-05-27
일반음식점,춘천언덕숯불닭갈비,"강원특별자치도 춘천시 낙원길 46-1, 1층 (중앙로2가)",강원특별자치도 춘천시 중앙로2가 94-1 1층 ,033-254-2445,기타,2026-05-27
일반음식점,오필승닭발(요선터널점),"강원특별자치도 춘천시 서부대성로44번길 17-1, 1층 (요선동)",강원특별자치도 춘천시 요선동 14-15 ,033-253-8435,식육(숯불구이),2026-05-27
일반음식점,만천식당,강원특별자치도 춘천시 동면 만천로143번길 54,강원특별자치도 춘천시 동면 만천리 575-3 ,033-253-5994,기타,2026-05-27
일반음식점,커피레시피,강원특별자치도 춘천시 동내면 거두택지길 57,강원특별자치도 춘천시 동내면 거두리 1098-1 ,033-261-2636,까페,2026-05-27
일반음식점,오필승닭발남춘천점,강원특별자치도 춘천시 퇴계로93번길 12 (퇴계동),강원특별자치도 춘천시 퇴계동 1077 ,033-261-9092,식육(숯불구이),2026-05-27
일반음식점,용천옛날통닭퇴계점,"강원특별자치도 춘천시 김유정로 1885 (퇴계동, 중앙하이츠빌딩 (101호))",강원특별자치도 춘천시 퇴계동 187-4 중앙하이츠빌딩 (101호) ,033-263-2636,호프/통닭,2026-05-27
일반음식점,춘천길낙지,강원특별자치도 춘천시 우묵길 52 (퇴계동),강원특별자치도 춘천시 퇴계동 1189 ,033-243-3177,한식,2026-05-27
일반음식점,성우닭갈비,강원특별자치도 춘천시 동내면 춘천순환로 110,강원특별자치도 춘천시 동내면 거두리 1080-2 ,033-244-5579,식육(숯불구이),2026-05-27
일반음식점,엄마생각,"강원특별자치도 춘천시 춘천순환로 42, 104호 (석사동, 삼익세라믹상가 )",강원특별자치도 춘천시 석사동 283-15 삼익세라믹상가 104호 ,033-261-2232,기타,2026-05-27
일반음식점,국수닭,강원특별자치도 춘천시 남춘로36번길 48 (퇴계동),강원특별자치도 춘천시 퇴계동 947-2 ,033-262-6399,한식,2026-05-27
일반음식점,호남식당원조1호닭갈비막국수,강원특별자치도 춘천시 공지로 603-4 (근화동),강원특별자치도 춘천시 근화동 160-4 ,033-257-6611,식육(숯불구이),2026-05-27
일반음식점,봉덕칼국수,강원특별자치도 춘천시 동면 금옥길 481,강원특별자치도 춘천시 동면 월곡리 439 ,033-241-0171,한식,2026-05-27
일반음식점,춘천미소닭갈비,강원특별자치도 춘천시 남산면 햇골길 20,강원특별자치도 춘천시 남산면 서천리 625-4 ,033-264-8892,식육(숯불구이),2026-05-27
일반음식점,비바라비다,강원특별자치도 춘천시 삭주로80번길 14-6 (교동),강원특별자치도 춘천시 교동 156-8 ,,감성주점,2026-05-27
일반음식점,우리대구왕뽈떼기,강원특별자치도 춘천시 동내면 외솔길19번길 56-11,강원특별자치도 춘천시 동내면 거두리 1042-5 ,033-261-9889,한식,2026-05-27
일반음식점,연,강원특별자치도 춘천시 동내면 동내로 346,강원특별자치도 춘천시 동내면 고은리 70-8 ,033-262-4488,한식,2026-05-27
일반음식점,원리터,"강원특별자치도 춘천시 중앙로67번길 18, 61111,61112호 (죽림동)","강원특별자치도 춘천시 죽림동 189 브라운상가6동 61111,61112호 ",033-244-5454,분식,2026-05-27
일반음식점,물레방아집,강원특별자치도 춘천시 서면 삿갓봉길 98 ((1층)),강원특별자치도 춘천시 서면 오월리 97-32 (1층) ,033-244-5666,한식,2026-05-27
일반음식점,석이네한상,"강원특별자치도 춘천시 후석로46번길 10-1, 1층 (석사동)",강원특별자치도 춘천시 석사동 663-3 (1층) ,,정종/대포집/소주방,2026-05-27
일반음식점,본죽앤비빔밥춘천후평점,"강원특별자치도 춘천시 후석로 252, 1층 (후평동)",강원특별자치도 춘천시 후평동 831-8 ,033-241-6288,한식,2026-05-27
일반음식점,란(RAN),"강원특별자치도 춘천시 동면 춘천순환로 356, 1층",강원특별자치도 춘천시 동면 만천리 528-6 ,0507-1341-5528,한식,2026-05-27
일반음식점,유토피아,"강원특별자치도 춘천시 남춘로36번길 50-9, 1층 (퇴계동)",강원특별자치도 춘천시 퇴계동 956-16 (1층) ,033-262-4692,정종/대포집/소주방,2026-05-27
일반음식점,콩사랑마을,강원특별자치도 춘천시 동내면 거두택지길 65-7,강원특별자치도 춘천시 동내면 거두리 1113-3 ,033-255-2180,한식,2026-05-27
일반음식점,문라이트,"강원특별자치도 춘천시 애막골길3번길 39, 1층 (석사동)",강원특별자치도 춘천시 석사동 728-6 (1층) ,033-261-5393,호프/통닭,2026-05-27
일반음식점,한점,"강원특별자치도 춘천시 남춘로36번길 46, 1층 (퇴계동)",강원특별자치도 춘천시 퇴계동 947-1 (1층) ,033-261-2301,한식,2026-05-27
일반음식점,삭주면가,"강원특별자치도 춘천시 삭주로 190 (후평동, 1층)",강원특별자치도 춘천시 후평동 733-1 ,033-256-4762,분식,2026-05-27
일반음식점,남일닭갈비,강원특별자치도 춘천시 남산면 강촌구곡길 50-9,강원특별자치도 춘천시 남산면 강촌리 327-2 ,033-261-0160,식육(숯불구이),2026-05-27
일반음식점,휴먼시아스크린휴게실,"강원특별자치도 춘천시 남춘로26번길 20, 5층 (퇴계동)",강원특별자치도 춘천시 퇴계동 1081 (5층) ,033-263-1870,기타,2026-05-27
일반음식점,스타트하우스식당,강원특별자치도 춘천시 남산면 동촌로 501,강원특별자치도 춘천시 남산면 수동리 산 192 ,070-8189-0152,한식,2026-05-27
일반음식점,티하우스1식당,강원특별자치도 춘천시 남산면 동촌로 501,강원특별자치도 춘천시 남산면 수동리 산 192 ,070-8189-0152,한식,2026-05-27
일반음식점,티하우스2식당,강원특별자치도 춘천시 남산면 동촌로 501,강원특별자치도 춘천시 남산면 수동리 산 192 외 203필지 ,070-8189-0152,한식,2026-05-27
일반음식점,티하우스3식당,강원특별자치도 춘천시 남산면 동촌로 501,강원특별자치도 춘천시 남산면 수동리 산 192 외 203필지 ,070-8189-0152,한식,2026-05-27
일반음식점,곤지암할매소머리국밥,"강원특별자치도 춘천시 충혼길18번길 4, 1층 (퇴계동)",강원특별자치도 춘천시 퇴계동 872-6 (1층) ,033-241-8292,식육(숯불구이),2026-05-27
일반음식점,클럽하우스대식당,"강원특별자치도 춘천시 남산면 동촌로 501, 2층",강원특별자치도 춘천시 남산면 수동리 산 192 외203필지 (2층) ,070-8121-0022,한식,2026-05-27
일반음식점,시골길낙지볶음,"강원특별자치도 춘천시 영서로2269번길 5, 1층 (퇴계동)",강원특별자치도 춘천시 퇴계동 630-8 ,033-251-9295,한식,2026-05-27
일반음식점,춘천본가닭갈비,"강원특별자치도 춘천시 금강로62번길 13 (조양동, 1층)",강원특별자치도 춘천시 조양동 144-1 ,033-255-1998,한식,2026-05-27
일반음식점,돈까스와 뼈다귀,강원특별자치도 춘천시 충열로 282 (우두동),강원특별자치도 춘천시 우두동 37-1 ,033-251-5709,경양식,2026-05-27
일반음식점,치킨퐁석사다온점,"강원특별자치도 춘천시 퇴계로 249, 105동 3호 (석사동)",강원특별자치도 춘천시 석사동 818-15 (105-3호) ,033-263-4114,호프/통닭,2026-05-27
일반음식점,짬부돈,"강원특별자치도 춘천시 퇴계로 5 (퇴계동, 좌측)",강원특별자치도 춘천시 퇴계동 1160-4 좌측 ,033-242-1253,호프/통닭,2026-05-27
일반음식점,대룡산은혜식당,강원특별자치도 춘천시 동내면 학곡동1길 7,강원특별자치도 춘천시 동내면 학곡리 600-4 ,033-263-6797,탕류(보신용),2026-05-27
일반음식점,명품탕수육,"강원특별자치도 춘천시 백령로115번길 26, 1층 (효자동)",강원특별자치도 춘천시 효자동 776-7 ,033-256-1933,중국식,2026-05-27
일반음식점,퓨전요리주점도도,강원특별자치도 춘천시 서부대성로44번길 16-1 (요선동),강원특별자치도 춘천시 요선동 13-11 ,,일식,2026-05-27
일반음식점,함부자집,"강원특별자치도 춘천시 춘주로92번길 13 (온의동, 1층)",강원특별자치도 춘천시 온의동 543-9 (1층) ,033-252-2234,한식,2026-05-27
일반음식점,748커피앤코(coffee&co),강원특별자치도 춘천시 애막골길 19 (석사동),강원특별자치도 춘천시 석사동 748-13 ,070-4408-0748,기타,2026-05-27
일반음식점,우리집한우,"강원특별자치도 춘천시 동내면 춘천순환로 133, 1층 103,104,105호",강원특별자치도 춘천시 동내면 거두리 1058-2 ,033-261-9288,식육(숯불구이),2026-05-27
일반음식점,짬뽕전문점(일환식당),"강원특별자치도 춘천시 영서로2269번길 3, 1층 (퇴계동)",강원특별자치도 춘천시 퇴계동 630-2 (1층) ,033-254-2706,중국식,2026-05-27
일반음식점,미가쭈꾸미,"강원특별자치도 춘천시 애막골길20번길 3, 1층 (석사동)",강원특별자치도 춘천시 석사동 756-18 (1층) ,033-256-9638,분식,2026-05-27
일반음식점,본죽(온의점),"강원특별자치도 춘천시 영서로 2313 (온의동, 1층)",강원특별자치도 춘천시 온의동 148-4 (1층) ,033-252-6288,기타,2026-05-27
일반음식점,주짬뽕,강원특별자치도 춘천시 동내면 동내로 102-6,강원특별자치도 춘천시 동내면 신촌리 418 ,,중국식,2026-05-27
일반음식점,춘천궁중삼계탕,강원특별자치도 춘천시 공지로 216 (효자동),강원특별자치도 춘천시 효자동 223-1 ,033-253-3989,한식,2026-05-27
일반음식점,춘천왕닭갈비숯불철판,"강원특별자치도 춘천시 충혼길5번길 2, 1층 (퇴계동)",강원특별자치도 춘천시 퇴계동 874 (1층) ,033-244-1577,식육(숯불구이),2026-05-27
일반음식점,쉬즈삼겹,강원특별자치도 춘천시 애막골길11번길 3 (석사동),강원특별자치도 춘천시 석사동 749-6 ,033-243-9288,식육(숯불구이),2026-05-27
일반음식점,치치,강원특별자치도 춘천시 애막골길11번길 27 (석사동),강원특별자치도 춘천시 석사동 736-8 ,033-243-8945,호프/통닭,2026-05-27
일반음식점,아리랑떡볶이,강원특별자치도 춘천시 후석로46번길 20 (석사동),강원특별자치도 춘천시 석사동 662 ,033-261-8291,분식,2026-05-27
일반음식점,봉봉닭갈비막국수,"강원특별자치도 춘천시 동내면 거두택지길4번길 9, 1층",강원특별자치도 춘천시 동내면 거두리 950-1 ,033-262-9844,식육(숯불구이),2026-05-27
일반음식점,다릿골소나무,"강원특별자치도 춘천시 우석로79번길 4-1 (석사동, 1층 좌측)",강원특별자치도 춘천시 석사동 733-18 ,033-264-5428,식육(숯불구이),2026-05-27
일반음식점,민속퓨전,"강원특별자치도 춘천시 금강로 83, 지하1층 (운교동)",강원특별자치도 춘천시 운교동 167 ,033-253-1900,정종/대포집/소주방,2026-05-27
일반음식점,춘천옹심이,"강원특별자치도 춘천시 당간지주길 69 (근화동, 1층)",강원특별자치도 춘천시 근화동 796-3 ,033-241-7883,한식,2026-05-27
일반음식점,유쾌한연어씨,"강원특별자치도 춘천시 중앙로68번길 12 (낙원동, 춘천관광호텔 1층)",강원특별자치도 춘천시 낙원동 30-1 ,033-244-9700,한식,2026-05-27
일반음식점,신전떡볶이퇴계석사점,"강원특별자치도 춘천시 지석로 75 (석사동, 프라임빌딩 108호)",강원특별자치도 춘천시 석사동 880-5 ,033-262-6262,한식,2026-05-27
일반음식점,치킨플러스창촌점,강원특별자치도 춘천시 남산면 한치로 114 (우측),강원특별자치도 춘천시 남산면 창촌리 75-7 ,033-261-5992,호프/통닭,2026-05-27
일반음식점,마드레(Madre),강원특별자치도 춘천시 동내면 외솔길19번길 49-28 (102호),강원특별자치도 춘천시 동내면 거두리 1022-4 ,033-263-1188,경양식,2026-05-27
일반음식점,교동짬뽕(남춘천점),"강원특별자치도 춘천시 우묵길56번길 10, 1층 (퇴계동)",강원특별자치도 춘천시 퇴계동 1189-3 1층 ,033-243-3060,중국식,2026-05-27
일반음식점,우두명가순대,"강원특별자치도 춘천시 사우로 152 (우두동, 1층)",강원특별자치도 춘천시 우두동 162-3 ,033-257-8857,한식,2026-05-27
일반음식점,남부푸드,"강원특별자치도 춘천시 후석로380번길 16-1 (후평동, 1층)",강원특별자치도 춘천시 후평동 725-15 ,,한식,2026-05-27
일반음식점,자담칠전점,"강원특별자치도 춘천시 칠전서길 15-2 (칠전동, 칠전대우2차@상가101,102호)",강원특별자치도 춘천시 칠전동 585-1 ,033-253-2935,통닭(치킨),2026-05-27
일반음식점,본래순대춘천애막골점,"강원특별자치도 춘천시 우석로85번길 20-15 (석사동, 1층)",강원특별자치도 춘천시 석사동 726-3 ,033-262-7963,한식,2026-05-27
일반음식점,순대국만세후평점,"강원특별자치도 춘천시 춘천로 428-4 (후평동, 1층)",강원특별자치도 춘천시 후평동 756-11 ,033-262-2445,한식,2026-05-27
일반음식점,소양강,강원특별자치도 춘천시 남산면 김유정로 307,강원특별자치도 춘천시 남산면 광판리 427-3 ,033-263-8338,한식,2026-05-27
일반음식점,미반,"강원특별자치도 춘천시 충열로 1-39, 1층 (우두동)",강원특별자치도 춘천시 우두동 702-1 ,033-264-8443,한식,2026-05-27
일반음식점,블레스(Bless),강원특별자치도 춘천시 동내면 거두택지길 50 (1층),강원특별자치도 춘천시 동내면 거두리 1121-4 (1층) , 033-261-2811,까페,2026-05-27
일반음식점,청년다방춘천CGV점,"강원특별자치도 춘천시 퇴계농공로 9 (석사동, 넥서스프라자 107호)",강원특별자치도 춘천시 석사동 885-3 (넥서스프라자 107호) ,033-264-8582,호프/통닭,2026-05-27
일반음식점,내가바로김밥이다,"강원특별자치도 춘천시 춘주로 174 (퇴계동, 그린@상가106호)",강원특별자치도 춘천시 퇴계동 916-3 ,033-255-7890,기타,2026-05-27
일반음식점,호식이두마리치킨(후평동),"강원특별자치도 춘천시 춘천로296번길 21, 1층 105호 (후평동, 더샾아파트상가1동)",강원특별자치도 춘천시 후평동 906 ,033-255-9009,통닭(치킨),2026-05-27
일반음식점,진족,강원특별자치도 춘천시 동내면 춘천순환로72번길 43,강원특별자치도 춘천시 동내면 거두리 958-7 ,033-264-8858,식육(숯불구이),2026-05-27
일반음식점,비노,"강원특별자치도 춘천시 우석로79번길 16-20 (석사동, 1층)",강원특별자치도 춘천시 석사동 734-18 (1층) ,033-262-0533,한식,2026-05-27
일반음식점,대진항,강원특별자치도 춘천시 퇴계로145번길 11-1 (퇴계동),강원특별자치도 춘천시 퇴계동 959-8 ,033-262-8817,횟집,2026-05-27
일반음식점,대월흑염소탕,"강원특별자치도 춘천시 신흥길 16, 1층 (우두동)",강원특별자치도 춘천시 우두동 1052-28 1층 ,033-252-8788,탕류(보신용),2026-05-27
일반음식점,정식당,강원특별자치도 춘천시 동내면 춘천순환로72번길 63 (1층),강원특별자치도 춘천시 동내면 거두리 994-3 (1층) ,033-261-9943,기타,2026-05-27
일반음식점,교원예움강원장례식장,강원특별자치도 춘천시 동내면 순환대로 877 (1층),강원특별자치도 춘천시 동내면 거두리 516-1 (1층) ,033-261-4441,한식,2026-05-27
일반음식점,황골우족탕,강원특별자치도 춘천시 명주길5번길 29-1 (효자동),강원특별자치도 춘천시 효자동 446-61 ,033-257-5991,탕류(보신용),2026-05-27
일반음식점,"준호네오리,닭숯불구이",강원특별자치도 춘천시 동면 만군길 336,강원특별자치도 춘천시 동면 장학리 33 ,033-264-0668,식육(숯불구이),2026-05-27
일반음식점,시민횟집,"강원특별자치도 춘천시 벌말길 84, 1층 (석사동)",강원특별자치도 춘천시 석사동 639-4 ,033-262-2627,횟집,2026-05-27
일반음식점,감,"강원특별자치도 춘천시 후석로344번길 27-13, 1층 (후평동)",강원특별자치도 춘천시 후평동 95-21 ,070-8821-6741,경양식,2026-05-27
일반음식점,델모니코스,"강원특별자치도 춘천시 동면 순환대로 1154-106, 1~2층","강원특별자치도 춘천시 동면 장학리 139-55 (1,2층) ",033-252-0999,경양식,2026-05-27
일반음식점,동궁찜닭,강원특별자치도 춘천시 스포츠타운길 441-1 (삼천동),강원특별자치도 춘천시 삼천동 37-34 ,033-257-4332,한식,2026-05-27
일반음식점,빨강풍차,"강원특별자치도 춘천시 승지골길13번길 7-2 (퇴계동, 1층)",강원특별자치도 춘천시 퇴계동 1001-6 (1층) ,033-263-1616,호프/통닭,2026-05-27
일반음식점,포랑(PHORANG),강원특별자치도 춘천시 동내면 영서로 1860-8,강원특별자치도 춘천시 동내면 학곡리 417 ,,한식,2026-05-27
일반음식점,안동본가국밥(춘천점),,강원특별자치도 춘천시 퇴계동 471-3 ,033-263-8898,탕류(보신용),2026-05-27
일반음식점,광치해장국,"강원특별자치도 춘천시 소양로 108 (소양로3가, 1층)",강원특별자치도 춘천시 소양로3가 175-1 ,033-253-1100,탕류(보신용),2026-05-27
일반음식점,정가네오골계선생,"강원특별자치도 춘천시 퇴계로 50, 1층 (퇴계동)",강원특별자치도 춘천시 퇴계동 651-1 ,033-252-1000,기타,2026-05-27
일반음식점,장꾸웨이,"강원특별자치도 춘천시 춘주로187번길 20-13 (퇴계동, 1층)",강원특별자치도 춘천시 퇴계동 900-4 (1층) ,033-257-0333,중국식,2026-05-27
일반음식점,아마떼(Amo-te)우두점,"강원특별자치도 춘천시 충열로 10-7 (우두동, 1층,좌측)","강원특별자치도 춘천시 우두동 1066-22 (1층,좌측) ",033-241-3374,경양식,2026-05-27
일반음식점,문란한솥뚜껑,"강원특별자치도 춘천시 삭주로 134-1, 지하1층 (후평동)",강원특별자치도 춘천시 후평동 711-24 ,,중국식,2026-05-27
일반음식점,보영이네해물칼국수후평점,강원특별자치도 춘천시 공단로60번길 2 (후평동),강원특별자치도 춘천시 후평동 227 ,033-256-8774,식육(숯불구이),2026-05-27
일반음식점,포대인대구막창퇴계점,강원특별자치도 춘천시 김유정로 1870 (퇴계동),강원특별자치도 춘천시 퇴계동 195-26 ,033-262-8792,식육(숯불구이),2026-05-27
일반음식점,또보기목장,"강원특별자치도 춘천시 새롬공원길5번길 25 (석사동, 1층)",강원특별자치도 춘천시 석사동 830-3 (1층) ,033-264-7750,식육(숯불구이),2026-05-27
일반음식점,거두냉삼집,강원특별자치도 춘천시 동내면 거두택지길14번길 15 (1층),강원특별자치도 춘천시 동내면 거두리 982-2 (1층) ,033-264-9217,식육(숯불구이),2026-05-27
일반음식점,서현옛날밥상,"강원특별자치도 춘천시 공단로 16, 1층 (후평동)",강원특별자치도 춘천시 후평동 301-1 ,033-254-8813,한식,2026-05-27
일반음식점,수다쟁이낙지,"강원특별자치도 춘천시 효평길 90 (후평동, 1층)",강원특별자치도 춘천시 후평동 688-5 (1층) ,033-253-0110,한식,2026-05-27
일반음식점,경포대횟집,강원특별자치도 춘천시 새롬공원길 20 (석사동),강원특별자치도 춘천시 석사동 827-3 ,033-263-6330,횟집,2026-05-27
일반음식점,제주돈내코,강원특별자치도 춘천시 퇴계로77번길 19-40 (퇴계동),강원특별자치도 춘천시 퇴계동 350-10 ,033-255-5567,식육(숯불구이),2026-05-27
일반음식점,대원,강원특별자치도 춘천시 번개시장길 31-1 (소양로1가),강원특별자치도 춘천시 소양로1가 93-5 외1필지 ,033-256-8726,분식,2026-05-27
일반음식점,의정부부대찌개,"강원특별자치도 춘천시 서부대성로44번길 18 (요선동, 1층)",강원특별자치도 춘천시 요선동 13-3 (1층) ,033-255-3517,한식,2026-05-27
일반음식점,포리골,강원특별자치도 춘천시 신북읍 맥국3길 15-28,강원특별자치도 춘천시 신북읍 유포리 1325 ,033-242-5959,한식,2026-05-27
일반음식점,오너스골프클럽,강원특별자치도 춘천시 남산면 동촌로 667 (1동 지상1),강원특별자치도 춘천시 남산면 수동리 산 30 (1층) ,033-260-1900,경양식,2026-05-27
일반음식점,연가지가,강원특별자치도 춘천시 남산면 남이섬길 1,강원특별자치도 춘천시 남산면 방하리 198-7 ,031-582-2550,김밥(도시락),2026-05-27
일반음식점,삼성분식,"강원특별자치도 춘천시 충열로 30 (우두동, 삼성아파트상가 103호)",강원특별자치도 춘천시 우두동 1068 삼성아파트상가 103호 ,033-251-3788,분식,2026-05-27
일반음식점,비에치씨퇴계씨지브이점(bhc퇴계CGV점),"강원특별자치도 춘천시 안마산로 231, 1층 (퇴계동)",강원특별자치도 춘천시 퇴계동 1013-7 ,033-254-6780,통닭(치킨),2026-05-27
일반음식점,금자네해장국,강원특별자치도 춘천시 춘천로 179-1 (운교동),강원특별자치도 춘천시 운교동 182-3 ,033-257-5538,탕류(보신용),2026-05-27
일반음식점,대포항횟집,"강원특별자치도 춘천시 성심로 37 (효자동, 1층)",강원특별자치도 춘천시 효자동 754-1 (1층) ,033-257-9038,횟집,2026-05-27
일반음식점,친구네,"강원특별자치도 춘천시 동부시장길 8 (운교동, 동부시장 상가 49,50호)","강원특별자치도 춘천시 운교동 183 동부시장 상가 49,50호 ",,정종/대포집/소주방,2026-05-27
일반음식점,음메수구레해장국,강원특별자치도 춘천시 보안길 17 (후평동),강원특별자치도 춘천시 후평동 801-9 ,033-253-9723,한식,2026-05-27
일반음식점,행복한밥집,"강원특별자치도 춘천시 춘천로 345 (후평동, 1층)",강원특별자치도 춘천시 후평동 725-19 (1층) ,033-251-2730,호프/통닭,2026-05-27
일반음식점,화가마순대국,"강원특별자치도 춘천시 승지골길13번길 7-6, 1층 (퇴계동)",강원특별자치도 춘천시 퇴계동 1001-4 ,033-263-7081,한식,2026-05-27
일반음식점,춘천원조숯불닭갈비,강원특별자치도 춘천시 효자로 9 (퇴계동),강원특별자치도 춘천시 퇴계동 1152-1 ,033-253-9253,식육(숯불구이),2026-05-27
일반음식점,청담물갈비춘천퇴계점,"강원특별자치도 춘천시 남춘로 26, 1층 (퇴계동)",강원특별자치도 춘천시 퇴계동 395-5 1층 ,,식육(숯불구이),2026-05-27
일반음식점,제이비(JB),강원특별자치도 춘천시 퇴계로93번길 12 (퇴계동),강원특별자치도 춘천시 퇴계동 1077 ,033-264-8766,기타,2026-05-27
일반음식점,청춘집,"강원특별자치도 춘천시 백령로138번길 28, 1층 (효자동)",강원특별자치도 춘천시 효자동 628-15 ,033-255-5679,식육(숯불구이),2026-05-27
일반음식점,꽃길행복한그날,"강원특별자치도 춘천시 동내면 춘천순환로 130, 5층",강원특별자치도 춘천시 동내면 거두리 1102-3 ,033-261-1019,뷔페식,2026-05-27
일반음식점,홍대포,"강원특별자치도 춘천시 우묵길70번길 9, 1층 (퇴계동)",강원특별자치도 춘천시 퇴계동 1159-6 1층 ,033-252-2301,한식,2026-05-27
일반음식점,오공부대찌개,강원특별자치도 춘천시 석사길5번길 36 (석사동),강원특별자치도 춘천시 석사동 669 ,033-251-5236,한식,2026-05-27
일반음식점,김밥나라애막골점,"강원특별자치도 춘천시 후석로186번길 9 (석사동, 진흥@상가 106호)",강원특별자치도 춘천시 석사동 727-5 진흥@상가 106호 ,033-261-5931,분식,2026-05-27
일반음식점,맘스터치우두점,강원특별자치도 춘천시 영서로 2755 (우두동),강원특별자치도 춘천시 우두동 1052-14 ,033-253-9288,통닭(치킨),2026-05-27
일반음식점,소양댐치킨,"강원특별자치도 춘천시 신북읍 상천3길 15-5, 1층",강원특별자치도 춘천시 신북읍 천전리 212-43 1층 ,033-241-6512,호프/통닭,2026-05-27
일반음식점,지리산청정흑돼지,강원특별자치도 춘천시 승지골길13번길 7-1 (퇴계동),강원특별자치도 춘천시 퇴계동 1003-1 ,033-264-9944,식육(숯불구이),2026-05-27
일반음식점,화신매운갈비찜,강원특별자치도 춘천시 동내면 거두택지길14번길 5,강원특별자치도 춘천시 동내면 거두리 954-3 ,033-261-1155,식육(숯불구이),2026-05-27
일반음식점,칠전부대찌개,강원특별자치도 춘천시 칠전동길 35 (칠전동),강원특별자치도 춘천시 칠전동 605-9 ,033-263-6627,한식,2026-05-27
일반음식점,온의상회,강원특별자치도 춘천시 스포츠타운길 528-10 (온의동),강원특별자치도 춘천시 온의동 73-25 ,,정종/대포집/소주방,2026-05-27
일반음식점,송가네냉면주는알밥집,"강원특별자치도 춘천시 삭주로 78-1 (교동, 2층)",강원특별자치도 춘천시 교동 156-16 ,033-251-4002,한식,2026-05-27
일반음식점,동부흑염소탕,강원특별자치도 춘천시 교운길 3-1 (운교동),강원특별자치도 춘천시 운교동 188-12 ,033-241-8886,탕류(보신용),2026-05-27
일반음식점,우체통,강원특별자치도 춘천시 안마산로 24 (온의동),강원특별자치도 춘천시 온의동 328 ,033-255-5542,기타,2026-05-27
일반음식점,셰프의연어,"강원특별자치도 춘천시 서부대성로 212, 2층 (효자동)",강원특별자치도 춘천시 효자동 617-9 ,033-252-9577,기타,2026-05-27
일반음식점,마이카페(My cafe),강원특별자치도 춘천시 동내면 거두택지길 65-11 (1층),강원특별자치도 춘천시 동내면 거두리 1113-1 ,033-263-5252,까페,2026-05-27
일반음식점,치킨플러스춘천후평만천점,강원특별자치도 춘천시 세실로317번길 2 (후평동),강원특별자치도 춘천시 후평동 116-3 ,033-263-5289,식육(숯불구이),2026-05-27
일반음식점,노랑통닭남춘천점,강원특별자치도 춘천시 퇴계로 5 (퇴계동),강원특별자치도 춘천시 퇴계동 1160-4 ,033-242-5006,호프/통닭,2026-05-27
일반음식점,일송닭갈비막국수,강원특별자치도 춘천시 신북읍 신샘밭로 664,강원특별자치도 춘천시 신북읍 천전리 90-17 ,033-242-2888,식육(숯불구이),2026-05-27
일반음식점,춘천날아라닭갈비,강원특별자치도 춘천시 동내면 외솔길19번길 80-40,강원특별자치도 춘천시 동내면 거두리 1055-2 ,033-264-2002,한식,2026-05-27
일반음식점,이모네포차,강원특별자치도 춘천시 대양당길 1 (후평동),강원특별자치도 춘천시 후평동 807-8 ,033-262-9973,호프/통닭,2026-05-27
일반음식점,달맞이,강원특별자치도 춘천시 우석로67번길 13 (석사동),강원특별자치도 춘천시 석사동 747-2 ,033-263-4280,식육(숯불구이),2026-05-27
일반음식점,도원뚝짬,강원특별자치도 춘천시 동내면 거두택지길 65-9,강원특별자치도 춘천시 동내면 거두리 1113-2 ,033-262-5999,중국식,2026-05-27
일반음식점,마왕족발퇴계점,"강원특별자치도 춘천시 안마산로 114, 1층 (퇴계동)",강원특별자치도 춘천시 퇴계동 529-10 ,033-255-5892,식육(숯불구이),2026-05-27
일반음식점,황가네돈까스,"강원특별자치도 춘천시 후석로46번길 24-1, 1층 (석사동)",강원특별자치도 춘천시 석사동 662-4 ,033-263-3353,한식,2026-05-27
일반음식점,비스트로마리오,강원특별자치도 춘천시 동내면 거두택지길 87-12,강원특별자치도 춘천시 동내면 거두리 1111-12 ,033-252-4701,경양식,2026-05-27
일반음식점,달려라맛집,"강원특별자치도 춘천시 서부대성로 140-1, 1층 (운교동)",강원특별자치도 춘천시 운교동 187-9 ,033-241-3316,식육(숯불구이),2026-05-27
일반음식점,삼광식당,"강원특별자치도 춘천시 효명길 5, 102호 (효자동)",강원특별자치도 춘천시 효자동 675 ,033-252-5695,한식,2026-05-27
일반음식점,산모퉁이,강원특별자치도 춘천시 동면 지내길 123,강원특별자치도 춘천시 동면 지내리 531-2 ,033-243-3452,한식,2026-05-27
일반음식점,믹스,"강원특별자치도 춘천시 우묵길56번길 20 (퇴계동, 2층)",강원특별자치도 춘천시 퇴계동 1191-1 ,033-255-2328,까페,2026-05-27
일반음식점,애니닭갈비,"강원특별자치도 춘천시 서면 박사로 863, 1,2층",강원특별자치도 춘천시 서면 현암리 398 ,033-241-2641,식육(숯불구이),2026-05-27
일반음식점,귀한족발,강원특별자치도 춘천시 충열로20번길 8 (우두동),강원특별자치도 춘천시 우두동 1065-8 ,033-818-9400,한식,2026-05-27
일반음식점,어반스트릿컨템포러리,강원특별자치도 춘천시 동내면 거두택지길 65-1,강원특별자치도 춘천시 동내면 거두리 1113-6 ,033-261-5700,까페,2026-05-27
일반음식점,(주)아워홈 더플레이어스지씨(클럽하우스),강원특별자치도 춘천시 동산면 새술막길 438,강원특별자치도 춘천시 동산면 군자리 산 73-1 ,,한식,2026-05-27
일반음식점,(주)아워홈더플레이어스지씨(스타트하우스),강원특별자치도 춘천시 동산면 새술막길 438,강원특별자치도 춘천시 동산면 군자리 산 73-1 ,070-4008-6006,한식,2026-05-27
일반음식점,강촌우미숯불닭갈비,강원특별자치도 춘천시 남산면 강촌로 159,강원특별자치도 춘천시 남산면 방곡리 396-8 2동 ,033-261-7166,식육(숯불구이),2026-05-27
일반음식점,명가한식뷔페,강원특별자치도 춘천시 동산면 조양길 286,강원특별자치도 춘천시 동산면 조양리 350-20 ,033-261-2412,한식,2026-05-27
일반음식점,엘페스,"강원특별자치도 춘천시 삭주로 89-4, 104,105호 (후평동, 현대맨션빌라)",강원특별자치도 춘천시 후평동 846-1 ,033-243-7778,까페,2026-05-27
일반음식점,대관령,강원특별자치도 춘천시 동내면 거두택지길4번길 7-5,강원특별자치도 춘천시 동내면 거두리 948-13 ,033-264-3307,한식,2026-05-27
일반음식점,오가네,강원특별자치도 춘천시 삭주로 203 (후평동),강원특별자치도 춘천시 후평동 741-8 ,033-255-9897,한식,2026-05-27
일반음식점,주문진바다생선구이,강원특별자치도 춘천시 동내면 거두택지길 61-1,강원특별자치도 춘천시 동내면 거두리 1098-4 ,033-263-8292,한식,2026-05-27
일반음식점,생삼겹구루,강원특별자치도 춘천시 동내면 춘천순환로94번길 25,강원특별자치도 춘천시 동내면 거두리 771 ,033-261-3992,식육(숯불구이),2026-05-27
일반음식점,거두정춘천거두리본점,강원특별자치도 춘천시 동내면 춘천순환로 114,강원특별자치도 춘천시 동내면 거두리 1080-4 ,033-263-9291,식육(숯불구이),2026-05-27
일반음식점,좋은날,강원특별자치도 춘천시 동광길 21 (후평동),강원특별자치도 춘천시 후평동 744-10 ,033-244-0889,정종/대포집/소주방,2026-05-27
일반음식점,원조흑염소탕집,강원특별자치도 춘천시 중앙로190번길 41 (근화동),강원특별자치도 춘천시 근화동 745-8 ,033-255-6900,탕류(보신용),2026-05-27
일반음식점,중국집,강원특별자치도 춘천시 동내면 외솔길19번길 56-17,강원특별자치도 춘천시 동내면 거두리 1042-2 ,033-264-5313,한식,2026-05-27
일반음식점,인생건어물춘천점,강원특별자치도 춘천시 동내면 거두택지길 16-1,강원특별자치도 춘천시 동내면 거두리 946-10 ,033-263-1284,식육(숯불구이),2026-05-27
일반음식점,돼지한마리본점,"강원특별자치도 춘천시 솟발1길 4-73, 1층 (퇴계동)",강원특별자치도 춘천시 퇴계동 471-3 ,033-263-9533,식육(숯불구이),2026-05-27
일반음식점,서면순대국,강원특별자치도 춘천시 동면 춘천순환로 428,강원특별자치도 춘천시 동면 만천리 624-1 ,033-255-6023,한식,2026-05-27
일반음식점,설빙춘천점,"강원특별자치도 춘천시 중앙로67번길 18, 2층 (죽림동, 브라운상가1동 1201호)",강원특별자치도 춘천시 죽림동 189 ,033-252-7906,기타,2026-05-27
일반음식점,라라돈까스랜드,강원특별자치도 춘천시 충혼길18번길 10 (퇴계동),강원특별자치도 춘천시 퇴계동 871-6 ,033-251-0702,경양식,2026-05-27
일반음식점,모리,강원특별자치도 춘천시 효자문길 20 (효자동),강원특별자치도 춘천시 효자동 662-3 ,033-254-0459,기타,2026-05-27
일반음식점,명성식당,"강원특별자치도 춘천시 영서로 2352-12, 풍물시장 5동 1층 8,9호 (온의동)",강원특별자치도 춘천시 온의동 45-2 풍물시장 ,033-256-2816,한식,2026-05-27
일반음식점,해신탕능이마을,"강원특별자치도 춘천시 영서로 2508, 1층 (근화동)",강원특별자치도 춘천시 근화동 741 1층 ,033-257-2110,한식,2026-05-27
일반음식점,거두리가보자순대국,강원특별자치도 춘천시 동내면 춘천순환로94번길 25,강원특별자치도 춘천시 동내면 거두리 771 ,033-261-0877,식육(숯불구이),2026-05-27
일반음식점,해온닭갈비,강원특별자치도 춘천시 영서로2279번길 24 (온의동),강원특별자치도 춘천시 온의동 514-3 ,033-252-4737,식육(숯불구이),2026-05-27
일반음식점,굴봉산쉼터,강원특별자치도 춘천시 남산면 서백길 200,강원특별자치도 춘천시 남산면 백양리 470-1 ,,한식,2026-05-27
일반음식점,약사촌닭갈비,강원특별자치도 춘천시 영서로2279번길 24 (온의동),강원특별자치도 춘천시 온의동 514-3 ,,한식,2026-05-27
일반음식점,또래오래 장학후평점,강원특별자치도 춘천시 삭주로205번길 2 (후평동),강원특별자치도 춘천시 후평동 740-9 ,033-254-9289,통닭(치킨),2026-05-27
일반음식점,강촌159닭갈비,강원특별자치도 춘천시 남산면 강촌로 159,강원특별자치도 춘천시 남산면 방곡리 396-8 ,033-262-9995,식육(숯불구이),2026-05-27
일반음식점,강촌스카이,강원특별자치도 춘천시 남산면 서백길 80,강원특별자치도 춘천시 남산면 서천리 211-5 ,033-264-9123,식육(숯불구이),2026-05-27
일반음식점,소풍김밥,강원특별자치도 춘천시 아침길 9 (조양동),강원특별자치도 춘천시 조양동 13-5 ,033-241-0747,한식,2026-05-27
일반음식점,여의도기사식당,강원특별자치도 춘천시 남면 소주고개로 82,강원특별자치도 춘천시 남면 후동리 446-13 ,033-263-8943,한식,2026-05-27
일반음식점,명품참숯불닭갈비,강원특별자치도 춘천시 남산면 강촌로 144,강원특별자치도 춘천시 남산면 방곡리 401-3 ,033-262-5557,한식,2026-05-27
일반음식점,초원가,강원특별자치도 춘천시 보안길 71 (후평동),강원특별자치도 춘천시 후평동 702-13 ,,식육(숯불구이),2026-05-27
일반음식점,오두막집,강원특별자치도 춘천시 신북읍 서원말길 25,강원특별자치도 춘천시 신북읍 용산리 724-24 ,033-243-8703,한식,2026-05-27
일반음식점,브로떼,강원특별자치도 춘천시 중앙로 11 (중앙로1가),강원특별자치도 춘천시 중앙로1가 26-2 ,033-251-3030,까페,2026-05-27
일반음식점,칠전동,강원특별자치도 춘천시 칠전동1길 5-17 (칠전동),강원특별자치도 춘천시 칠전동 601-1 ,,까페,2026-05-27
일반음식점,더술(The Sul),강원특별자치도 춘천시 퇴계로 245 (석사동),강원특별자치도 춘천시 석사동 818-12 ,033-262-7679,정종/대포집/소주방,2026-05-27
일반음식점,은아상사,강원특별자치도 춘천시 당간지주길 61 (근화동),강원특별자치도 춘천시 근화동 793-5 ,033-251-7402,한식,2026-05-27
일반음식점,두찜춘천후평점,"강원특별자치도 춘천시 후석로393번길 30-1, 1층 (후평동)",강원특별자치도 춘천시 후평동 847-6 ,033-252-0802,한식,2026-05-27
일반음식점,그때그집,강원특별자치도 춘천시 승지골길 7-9 (퇴계동),강원특별자치도 춘천시 퇴계동 1008-2 ,033-262-6247,정종/대포집/소주방,2026-05-27
일반음식점,카페플로리안,강원특별자치도 춘천시 후석로 258 (후평동),강원특별자치도 춘천시 후평동 831-1 ,033-244-1961,까페,2026-05-27
일반음식점,밸리,강원특별자치도 춘천시 동산면 새술막길 438,강원특별자치도 춘천시 동산면 군자리 산 27 49필지 ,033-250-5042,한식,2026-05-27
일반음식점,레이크,강원특별자치도 춘천시 동산면 새술막길 438,강원특별자치도 춘천시 동산면 군자리 산 73-1 외 249 ,033-250-5042,한식,2026-05-27
일반음식점,마운틴,강원특별자치도 춘천시 동산면 새술막길 438,강원특별자치도 춘천시 동산면 군자리 산 73-1 외249 ,033-250-5042,한식,2026-05-27
일반음식점,맛있는생선요리집,"강원특별자치도 춘천시 보안길 41, 1층 (후평동)",강원특별자치도 춘천시 후평동 794-2 ,033-254-2719,한식,2026-05-27
일반음식점,진초방,강원특별자치도 춘천시 영서로 2847-6 (사농동),강원특별자치도 춘천시 사농동 75-11 ,033-244-5233,한식,2026-05-27
일반음식점,쭌이네생모듬구이,강원특별자치도 춘천시 우석로79번길 16-10 (석사동),강원특별자치도 춘천시 석사동 734-15 ,033-263-9662,한식,2026-05-27
일반음식점,낭만국시,강원특별자치도 춘천시 명동길29번길 3 (죽림동),강원특별자치도 춘천시 죽림동 11-17 ,033-252-6255,한식,2026-05-27
일반음식점,비에이치씨치킨춘천동산점,"강원특별자치도 춘천시 동산면 영서로 415, 1층",강원특별자치도 춘천시 동산면 조양리 352-2 ,033-262-4885,한식,2026-05-27
일반음식점,유하,"강원특별자치도 춘천시 중앙로67번길 18, 4동 4107호 (죽림동, 브라운가)",강원특별자치도 춘천시 죽림동 189 ,,일식,2026-05-27
일반음식점,바바블랙쉽,강원특별자치도 춘천시 퇴계로93번길 20-14 (퇴계동),강원특별자치도 춘천시 퇴계동 395-52 ,033-242-2546,까페,2026-05-27
일반음식점,청년반점후평점,강원특별자치도 춘천시 부평길 5 (후평동),강원특별자치도 춘천시 후평동 24-11 ,033-257-1241,중국식,2026-05-27
일반음식점,박가네칼국수,"강원특별자치도 춘천시 영서로 2352-24, 12동 87호 (온의동)",강원특별자치도 춘천시 온의동 29-3 ,033-251-0825,분식,2026-05-27
일반음식점,소주신랑보쌈부인,"강원특별자치도 춘천시 서부대성로 226, 2층 (효자동)",강원특별자치도 춘천시 효자동 627-8 2층 ,033-253-0055,한식,2026-05-27
일반음식점,강촌리 이백이십육-육(226-6),강원특별자치도 춘천시 남산면 강촌로 57,강원특별자치도 춘천시 남산면 강촌리 226-6 ,033-261-7395,까페,2026-05-27
일반음식점,오복만두,강원특별자치도 춘천시 춘주로 87 (온의동),강원특별자치도 춘천시 온의동 515-4 ,033-242-8868,분식,2026-05-27
일반음식점,삼시세끼,"강원특별자치도 춘천시 춘천로68번길 20, 1층 (효자동)",강원특별자치도 춘천시 효자동 686-4 1층 ,033-243-3527,한식,2026-05-27
일반음식점,춘천의달,"강원특별자치도 춘천시 서부대성로48번길 5, 1층 (요선동)",강원특별자치도 춘천시 요선동 7-12 ,033-241-5567,한식,2026-05-27
일반음식점,낙원동숯불닭갈비,강원특별자치도 춘천시 낙원길 25 (낙원동),강원특별자치도 춘천시 낙원동 78-6 ,033-253-4251,식육(숯불구이),2026-05-27
일반음식점,황가네영양탕집,강원특별자치도 춘천시 공지로441번길 10 (근화동),강원특별자치도 춘천시 근화동 286-6 ,033-256-3302,탕류(보신용),2026-05-27
일반음식점,비에이치씨치킨춘천거두점,"강원특별자치도 춘천시 동내면 춘천순환로94번길 17, 1층",강원특별자치도 춘천시 동내면 거두리 1090-1 ,033-263-8806,호프/통닭,2026-05-27
일반음식점,팔팔대감춘천점,"강원특별자치도 춘천시 후석로 52, 1층 (석사동)",강원특별자치도 춘천시 석사동 671-5 ,,한식,2026-05-27
일반음식점,요리하는김작가,강원특별자치도 춘천시 남춘로36번길 50-6 (퇴계동),강원특별자치도 춘천시 퇴계동 947-4 ,,한식,2026-05-27
일반음식점,삼촌국밥,강원특별자치도 춘천시 춘천로 386 (후평동),강원특별자치도 춘천시 후평동 742-28 ,033-252-2572,한식,2026-05-27
일반음식점,삼포하마가든,강원특별자치도 춘천시 신동면 김유정로 1066,강원특별자치도 춘천시 신동면 혈동리 351 ,033-262-1999,한식,2026-05-27
일반음식점,윤수산,"강원특별자치도 춘천시 동면 가산로 184, 1층",강원특별자치도 춘천시 동면 지내리 402 ,033-242-5801,횟집,2026-05-27
일반음식점,청해루,"강원특별자치도 춘천시 동내면 거두택지길4번길 35, 1층",강원특별자치도 춘천시 동내면 거두리 978-7 ,033-264-8788,한식,2026-05-27
일반음식점,육점오,강원특별자치도 춘천시 동내면 거두택지길 41-11,강원특별자치도 춘천시 동내면 거두리 1090-2 ,033-261-6558,식육(숯불구이),2026-05-27
일반음식점,앗싸곱창우두점,강원특별자치도 춘천시 충열로16번길 21-3 (우두동),강원특별자치도 춘천시 우두동 1062-15 ,033-257-2570,한식,2026-05-27
일반음식점,네네치킨효자점,강원특별자치도 춘천시 서부대성로 194 (효자동),강원특별자치도 춘천시 효자동 611-14 ,033-256-0074,한식,2026-05-27
일반음식점,우물막국수,강원특별자치도 춘천시 공지로 57-12 (석사동),강원특별자치도 춘천시 석사동 114-28 ,033-262-9306,한식,2026-05-27
일반음식점,커피인,강원특별자치도 춘천시 신북읍 율문길 81-4,강원특별자치도 춘천시 신북읍 율문리 285-5 ,033-911-8889,까페,2026-05-27
일반음식점,부원곱창,강원특별자치도 춘천시 김유정로 1852-5 (퇴계동),강원특별자치도 춘천시 퇴계동 156-17 ,033-264-4656,한식,2026-05-27
일반음식점,더비어하우스,"강원특별자치도 춘천시 퇴계로93번길 15, 102호 (퇴계동)",강원특별자치도 춘천시 퇴계동 395-79 ,033-261-0511,호프/통닭,2026-05-27
일반음식점,7.5닭갈비,"강원특별자치도 춘천시 우석로79번길 16-7, 1층 (석사동)",강원특별자치도 춘천시 석사동 735-9 ,033-251-7175,정종/대포집/소주방,2026-05-27
일반음식점,광주리,강원특별자치도 춘천시 서면 박사로 923,강원특별자치도 춘천시 서면 금산리 996 ,033-243-3800,한식,2026-05-27
일반음식점,정통매운갈비찜,"강원특별자치도 춘천시 공지로 349, 1층 1호 (효자동)",강원특별자치도 춘천시 효자동 685-8 ,033-241-5551,기타,2026-05-27
일반음식점,더(The)다정한밥상플러스(Plus),"강원특별자치도 춘천시 동내면 춘천순환로 131, 2층",강원특별자치도 춘천시 동내면 거두리 1058-1 ,033-262-7977,경양식,2026-05-27
일반음식점,쟈티,강원특별자치도 춘천시 서부대성로184번길 14 (효자동),강원특별자치도 춘천시 효자동 126-134 가동 ,033-255-0507,까페,2026-05-27
일반음식점,레겐보겐,강원특별자치도 춘천시 춘주로187번길 16-1 (퇴계동),강원특별자치도 춘천시 퇴계동 897-11 ,033-241-6725,호프/통닭,2026-05-27
일반음식점,(주)에이치비푸드,"강원특별자치도 춘천시 우묵길52번길 10, 1층 3호 (퇴계동)",강원특별자치도 춘천시 퇴계동 1190-1 ,033-255-5211,식육(숯불구이),2026-05-27
일반음식점,월남선생춘천씨지브이점(CGV점),"강원특별자치도 춘천시 퇴계농공로 20, 1층 104호 (석사동, 종로타워)",강원특별자치도 춘천시 석사동 880-3 ,033-263-3933,한식,2026-05-27
일반음식점,청재,강원특별자치도 춘천시 서면 박사로 927,강원특별자치도 춘천시 서면 금산리 997-1 ,033-255-2867,한식,2026-05-27
일반음식점,륭도객잔,"강원특별자치도 춘천시 이디오피아길 7, 3층 (근화동)",강원특별자치도 춘천시 근화동 371-3 ,033-254-1686,까페,2026-05-27
일반음식점,춘천양념화로구이,"강원특별자치도 춘천시 춘천로 337, 1층 (후평동)",강원특별자치도 춘천시 후평동 725-9 1층 ,033-264-6692,식육(숯불구이),2026-05-27
일반음식점,W펜션강촌숯불닭갈비,"강원특별자치도 춘천시 남산면 강촌로 143, 1층",강원특별자치도 춘천시 남산면 방곡리 400 외3필지(1층) ,,식육(숯불구이),2026-05-27
일반음식점,이모네불막창소양점,"강원특별자치도 춘천시 서부대성로 12, 1층 (소양로2가, (40,41,42,43))","강원특별자치도 춘천시 소양로2가 172-1 1층(40.41,42,43호) ",033-253-1192,식육(숯불구이),2026-05-27
일반음식점,도넛앤커피,"강원특별자치도 춘천시 지석로 75, 110호 (석사동, 프라임빌딩)",강원특별자치도 춘천시 석사동 880-5 ,,기타,2026-05-27
일반음식점,올미닭갈비,강원특별자치도 춘천시 신동로 20 (신동),강원특별자치도 춘천시 신동 5-7 ,033-253-6810,한식,2026-05-27
일반음식점,나능이능이버섯백숙춘천점,"강원특별자치도 춘천시 우묵길78번길 7, 1층 (퇴계동, 좌측)","강원특별자치도 춘천시 퇴계동 1137-3 1층,좌측 ",033-241-4411,한식,2026-05-27
일반음식점,운수대통뼈다귀탕,강원특별자치도 춘천시 동내면 춘천순환로72번길 35,강원특별자치도 춘천시 동내면 거두리 958-2 ,033-262-2221,탕류(보신용),2026-05-27
일반음식점,노랑통닭 엘리시안강촌점,강원특별자치도 춘천시 남산면 북한강변길 688,강원특별자치도 춘천시 남산면 백양리 29-1 1층 ,,호프/통닭,2026-05-27
일반음식점,중국요리만무방,"강원특별자치도 춘천시 신동면 금병의숙길 9-7, 1층",강원특별자치도 춘천시 신동면 증리 401-1 1층 ,033-261-6577,한식,2026-05-27
일반음식점,능이고을,강원특별자치도 춘천시 서면 삿갓봉길 30,강원특별자치도 춘천시 서면 오월리 97-61 ,033-251-3614,한식,2026-05-27
일반음식점,토리키치춘천퇴계점,강원특별자치도 춘천시 퇴계로 175 (퇴계동),강원특별자치도 춘천시 퇴계동 968-7 ,033-256-9245,한식,2026-05-27
일반음식점,고니아커피(GONIA COFFEE),강원특별자치도 춘천시 동내면 춘천순환로72번길 34,강원특별자치도 춘천시 동내면 거두리 954-16 ,033-262-0708,기타,2026-05-27
일반음식점,일미흑염소,"강원특별자치도 춘천시 남산면 보매기길 22-51, 1층",강원특별자치도 춘천시 남산면 창촌리 610-17 ,033-261-0325,식육(숯불구이),2026-05-27
일반음식점,밥짓는마을,"강원특별자치도 춘천시 중앙로 63-1, 2층 (중앙로2가)",강원특별자치도 춘천시 중앙로2가 25 ,033-242-2624,한식,2026-05-27
일반음식점,춘천야식,"강원특별자치도 춘천시 춘천로146번길 18, 1층 (운교동)",강원특별자치도 춘천시 운교동 176-14 ,033-257-9282,한식,2026-05-27
일반음식점,로드힐스지씨점,강원특별자치도 춘천시 동산면 종자리로 148-16,강원특별자치도 춘천시 동산면 군자리 산 245 ,033-269-8831,기타,2026-05-27
일반음식점,로드힐스스타트1,강원특별자치도 춘천시 동산면 종자리로 148-16,강원특별자치도 춘천시 동산면 군자리 산 245 ,033-269-8831,기타,2026-05-27
일반음식점,로드힐스스타트2,강원특별자치도 춘천시 동산면 종자리로 148-16,강원특별자치도 춘천시 동산면 군자리 산 245 ,033-269-8831,한식,2026-05-27
일반음식점,로드힐스쉼터,강원특별자치도 춘천시 동산면 종자리로 148-16,강원특별자치도 춘천시 동산면 군자리 산 245 ,033-269-8831,한식,2026-05-27
일반음식점,토가돈,"강원특별자치도 춘천시 동내면 거두길 30, 1층",강원특별자치도 춘천시 동내면 거두리 547-3 ,033-256-9102,기타,2026-05-27
일반음식점,엄마분식,"강원특별자치도 춘천시 우두1길 61, 1층 (우두동)",강원특별자치도 춘천시 우두동 1111-4 ,033-251-6787,분식,2026-05-27
일반음식점,더보리치킨,강원특별자치도 춘천시 서부대성로44번길 20-3 (요선동),강원특별자치도 춘천시 요선동 13-12 ,033-242-3177,호프/통닭,2026-05-27
일반음식점,오너스골프클럽기사식당,강원특별자치도 춘천시 남산면 동촌로 667 (4동 지상1),강원특별자치도 춘천시 남산면 수동리 산 30 외 126필지 ,033-584-2110,한식,2026-05-27
일반음식점,오너스골프클럽티하우스원,강원특별자치도 춘천시 남산면 동촌로 667 (5동 지상1),강원특별자치도 춘천시 남산면 수동리 산 30 외 126필지 ,033-584-2110,한식,2026-05-27
일반음식점,오너스골프클럽티하우스투,강원특별자치도 춘천시 남산면 동촌로 667 (6동 지상1),강원특별자치도 춘천시 남산면 수동리 산 30 외 126필지 ,033-584-2110,한식,2026-05-27
일반음식점,짱만두,강원특별자치도 춘천시 퇴계로 140-1 (퇴계동),강원특별자치도 춘천시 퇴계동 971-2 ,033-254-7675,분식,2026-05-27
일반음식점,비비큐우두점,"강원특별자치도 춘천시 우두1길 101, 1층 114호 (우두동)",강원특별자치도 춘천시 우두동 1118-1 ,,식육(숯불구이),2026-05-27
일반음식점,춘천견우성한우,강원특별자치도 춘천시 동내면 춘천순환로72번길 33-18,강원특별자치도 춘천시 동내면 거두리 966-4 ,033-261-8201,식육(숯불구이),2026-05-27
일반음식점,그곳에가면,"강원특별자치도 춘천시 동내면 공지로 76, 1층",강원특별자치도 춘천시 동내면 거두리 929-3 ,033-264-5354,한식,2026-05-27
일반음식점,망우당,강원특별자치도 춘천시 공지로 442-23 (근화동),강원특별자치도 춘천시 근화동 711-2 ,033-252-7688,한식,2026-05-27
일반음식점,늘가원,강원특별자치도 춘천시 동내면 거두택지길 61-16,강원특별자치도 춘천시 동내면 거두리 1108-1 ,033-264-2662,한식,2026-05-27
일반음식점,백세추어탕,강원특별자치도 춘천시 춘천로 346 (후평동),강원특별자치도 춘천시 후평동 728-1 ,033-252-9267,한식,2026-05-27
일반음식점,나주곰탕대패집(삼겹살) 춘천명동점,강원특별자치도 춘천시 시청길12번길 6-1 (조양동),강원특별자치도 춘천시 조양동 43-1 외 1필지 ,033-244-9007,한식,2026-05-27
일반음식점,더벤티강원대점,강원특별자치도 춘천시 서부대성로 228 (효자동),강원특별자치도 춘천시 효자동 627-9 ,033-255-2959,기타,2026-05-27
일반음식점,하하산꼼장어,"강원특별자치도 춘천시 우석로 35, 1층 (석사동)",강원특별자치도 춘천시 석사동 765-11 ,033-252-9745,한식,2026-05-27
일반음식점,마이플레이스,"강원특별자치도 춘천시 칠전동1길 5-7, 1층 (칠전동)",강원특별자치도 춘천시 칠전동 601-6 1층 ,033-262-8008,경양식,2026-05-27
일반음식점,고창풍천장어,강원특별자치도 춘천시 남산면 소주고개로 459-4,강원특별자치도 춘천시 남산면 창촌리 269 ,033-261-0900,한식,2026-05-27
일반음식점,프랑킨숯불양념구이치킨,"강원특별자치도 춘천시 후석로45번길 23, 1층 (석사동)",강원특별자치도 춘천시 석사동 707-7 ,033-263-7773,통닭(치킨),2026-05-27
일반음식점,팔뚝갈비학곡점,"강원특별자치도 춘천시 동내면 영서로 1759, 1층",강원특별자치도 춘천시 동내면 학곡리 279-1 (1층) ,033-262-2395,한식,2026-05-27
일반음식점,246한식선,"강원특별자치도 춘천시 후석로 246, 농협후평지소 1층 (후평동)",강원특별자치도 춘천시 후평동 891-2 농협후평지소 ,033-262-0230,한식,2026-05-27
일반음식점,오필승닭발퇴계주공1차점,강원특별자치도 춘천시 퇴계로145번길 11-4 (퇴계동),강원특별자치도 춘천시 퇴계동 956-10 ,033-251-7792,한식,2026-05-27
일반음식점,일미닭갈비,"강원특별자치도 춘천시 충혼길 7, 1층 (퇴계동)",강원특별자치도 춘천시 퇴계동 874-5 ,033-243-1233,식육(숯불구이),2026-05-27
일반음식점,생생삼겹살,강원특별자치도 춘천시 공원3길 21-1 (퇴계동),강원특별자치도 춘천시 퇴계동 885-6 ,033-251-1839,식육(숯불구이),2026-05-27
일반음식점,장학순대,강원특별자치도 춘천시 동면 춘천로449번길 24-4,강원특별자치도 춘천시 동면 장학리 998-6 ,033-242-9992,식육(숯불구이),2026-05-27
일반음식점,정석화로구이,강원특별자치도 춘천시 동면 춘천로449번길 14-2,강원특별자치도 춘천시 동면 장학리 1004-5 ,033-241-8079,식육(숯불구이),2026-05-27
일반음식점,백년회관서서갈비퇴계점,강원특별자치도 춘천시 역전옛길 9 (퇴계동),강원특별자치도 춘천시 퇴계동 388-4 ,033-262-7766,식육(숯불구이),2026-05-27
일반음식점,삼천동숯불갈비,강원특별자치도 춘천시 스포츠타운길 443 (삼천동),강원특별자치도 춘천시 삼천동 37-33 ,033-251-7697,식육(숯불구이),2026-05-27
일반음식점,강촌어부네매운탕,강원특별자치도 춘천시 남산면 한치로 185,강원특별자치도 춘천시 남산면 창촌리 174-1 ,033-263-0130,탕류(보신용),2026-05-27
일반음식점,백년족발보쌈,"강원특별자치도 춘천시 후석로 232, 1층 (후평동)",강원특별자치도 춘천시 후평동 891-8 ,033-241-0100,식육(숯불구이),2026-05-27
일반음식점,춘천명가호반닭갈비본점,강원특별자치도 춘천시 동내면 춘천순환로72번길 34-8,강원특별자치도 춘천시 동내면 거두리 948-5 ,033-263-3999,한식,2026-05-27
일반음식점,슈퍼크리스피춘천석사점,"강원특별자치도 춘천시 퇴계농공로 20, 101호 (석사동, 종로타워)",강원특별자치도 춘천시 석사동 880-3 종로타워 101호,033-261-9110,분식,2026-05-27
일반음식점,빈체로(Vincero),강원특별자치도 춘천시 애막골길20번길 19 (석사동),강원특별자치도 춘천시 석사동 765-6 ,033-262-0075,기타,2026-05-27
일반음식점,온스트릿,"강원특별자치도 춘천시 퇴계로 129-8, 1층 102호 (퇴계동)",강원특별자치도 춘천시 퇴계동 1116 ,030-910-5800,한식,2026-05-27
일반음식점,어라운드키친,강원특별자치도 춘천시 동면 만천로 114-3,강원특별자치도 춘천시 동면 만천리 871-56 ,033-254-4002,경양식,2026-05-27
일반음식점,구이터숯불갈비,"강원특별자치도 춘천시 동내면 거두택지길14번길 9-1, 1층",강원특별자치도 춘천시 동내면 거두리 954-7 ,033-262-1227,식육(숯불구이),2026-05-27
일반음식점,쏠라시,강원특별자치도 춘천시 새롬공원길 23 (석사동),강원특별자치도 춘천시 석사동 832-2 ,033-254-8384,라이브카페,2026-05-27
일반음식점,냠냠도시락,"강원특별자치도 춘천시 동면 춘천순환로 685, 1층",강원특별자치도 춘천시 동면 장학리 786-15 ,033-255-8569,한식,2026-05-27
일반음식점,인생역전,"강원특별자치도 춘천시 영서로 2352-12, 10동 57,58호 (온의동, 풍물시장)","강원특별자치도 춘천시 온의동 45-2 풍물시장 10동 57,58호",033-243-8589,식육(숯불구이),2026-05-27
일반음식점,북방새우,강원특별자치도 춘천시 우묵길74번길 26 (퇴계동),강원특별자치도 춘천시 퇴계동 1155-3 ,033-256-8659,한식,2026-05-27
일반음식점,치맥,강원특별자치도 춘천시 동내면 거두택지길 87-2,강원특별자치도 춘천시 동내면 거두리 1111-7 ,033-243-6277,통닭(치킨),2026-05-27
일반음식점,엄마네집칼국수,"강원특별자치도 춘천시 영서로 2352-48, 풍물시장 13동 106호 (온의동)",강원특별자치도 춘천시 온의동 148-1 풍물시장 ,,한식,2026-05-27
일반음식점,트레비어(춘천거두리점),강원특별자치도 춘천시 동내면 거두택지길 63,강원특별자치도 춘천시 동내면 거두리 1113-7 ,033-261-7373,기타,2026-05-27
일반음식점,준섭이네닭갈비,"강원특별자치도 춘천시 신동면 김유정로 1407, 1층",강원특별자치도 춘천시 신동면 증리 1043-127 ,033-261-7998,식육(숯불구이),2026-05-27
일반음식점,금바위,강원특별자치도 춘천시 스포츠타운길 419 (삼천동),강원특별자치도 춘천시 삼천동 156-5 ,033-253-3253,한식,2026-05-27
일반음식점,유키바,"강원특별자치도 춘천시 백령로138번길 28, 2층 (효자동)",강원특별자치도 춘천시 효자동 628-15 2층 ,033-911-5348,호프/통닭,2026-05-27
일반음식점,촌닭집신북점,강원특별자치도 춘천시 신북읍 영서로 3748,강원특별자치도 춘천시 신북읍 용산리 829-19 ,033-242-4982,식육(숯불구이),2026-05-27
일반음식점,미담미채,"강원특별자치도 춘천시 동면 순환대로 1154-111, 1~2층",강원특별자치도 춘천시 동면 장학리 139-78 1~2층 ,033-252-1154,기타,2026-05-27
일반음식점,함지,"강원특별자치도 춘천시 동부시장길 8, 4호, 5호 (운교동, 동부시장현대아파트)",강원특별자치도 춘천시 운교동 183 동부시장현대아파트 ,,한식,2026-05-27
일반음식점,열한시십구분(11:19),"강원특별자치도 춘천시 동내면 거두택지길26번길 16-14, 1층",강원특별자치도 춘천시 동내면 거두리 960-4 ,033-911-1119,까페,2026-05-27
일반음식점,착한돼지춘천명동점,"강원특별자치도 춘천시 중앙로67번길 18, 6201,6202호 (죽림동, 브라운상가 )","강원특별자치도 춘천시 죽림동 189 브라운상가 6201, 6202호 ",033-256-9233,식육(숯불구이),2026-05-27
일반음식점,밥한끼,강원특별자치도 춘천시 후석로393번길 51 (후평동),강원특별자치도 춘천시 후평동 856-1 ,033-257-8771,한식,2026-05-27
일반음식점,국수나무춘천후평점,강원특별자치도 춘천시 보안길 70-2 (후평동),강원특별자치도 춘천시 후평동 457 ,033-256-0559,분식,2026-05-27
일반음식점,보리와마루,"강원특별자치도 춘천시 동면 춘천로449번길 24-3, 1층",강원특별자치도 춘천시 동면 장학리 998-7 1층 , 033-241-1077,호프/통닭,2026-05-27
일반음식점,봄내족발,강원특별자치도 춘천시 공지로431번길 7 (근화동),강원특별자치도 춘천시 근화동 291-1 ,033-251-7800,식육(숯불구이),2026-05-27
일반음식점,학곡리막국수닭갈비,"강원특별자치도 춘천시 공지로 29, 1층 (석사동)",강원특별자치도 춘천시 석사동 116-32 ,033-261-5775,식육(숯불구이),2026-05-27
일반음식점,조부자순대국(강대점),강원특별자치도 춘천시 서부대성로227번길 4 (효자동),강원특별자치도 춘천시 효자동 628-1 ,033-241-3594,한식,2026-05-27
일반음식점,산타아나,"강원특별자치도 춘천시 동내면 거두택지길 46, 1층",강원특별자치도 춘천시 동내면 거두리 1121-2 (1층) ,070-4207-8845,까페,2026-05-27
일반음식점,맘스터치강촌점,"강원특별자치도 춘천시 남산면 강촌로 82, 1층",강원특별자치도 춘천시 남산면 강촌리 239-22 ,033-264-5885,통닭(치킨),2026-05-27
일반음식점,전주식콩나물국밥시루향기,강원특별자치도 춘천시 동내면 영서로 1769,강원특별자치도 춘천시 동내면 학곡리 306-45 ,033-264-3005,한식,2026-05-27
일반음식점,춘천고깃집,강원특별자치도 춘천시 동면 금베이길 26-11,강원특별자치도 춘천시 동면 만천리 199-1 ,033-242-8899,식육(숯불구이),2026-05-27
일반음식점,안다미로,강원특별자치도 춘천시 우두상리4길 20 (우두동),강원특별자치도 춘천시 우두동 144-14 ,033-252-1577,한식,2026-05-27
일반음식점,매콤달콤떡볶이,강원특별자치도 춘천시 후석로 257-1 (후평동),강원특별자치도 춘천시 후평동 832-4 ,033-253-1400,분식,2026-05-27
일반음식점,투다리장학점,강원특별자치도 춘천시 동면 춘천로449번길 11-1,강원특별자치도 춘천시 동면 장학리 1002-1 ,033-251-5792,호프/통닭,2026-05-27
일반음식점,원조춘천왕감자탕,강원특별자치도 춘천시 동면 만천로 88,강원특별자치도 춘천시 동면 만천리 638-36 ,033-241-0407,탕류(보신용),2026-05-27
일반음식점,수정족발,"강원특별자치도 춘천시 영서로 2352-32 (온의동, 풍물시장10동56호)",강원특별자치도 춘천시 온의동 29-3 풍물시장10동56호 ,033-262-0661,식육(숯불구이),2026-05-27
일반음식점,투다리효자3점,강원특별자치도 춘천시 서부대성로 187 (효자동),강원특별자치도 춘천시 효자동 612-3 ,033-244-5792,호프/통닭,2026-05-27
일반음식점,큰이모소막창,강원특별자치도 춘천시 춘천로 273 (후평동),강원특별자치도 춘천시 후평동 684-7 ,033-255-0610,식육(숯불구이),2026-05-27
일반음식점,풀내음,"강원특별자치도 춘천시 영서로 2352-12, 13동 102,103층 (온의동)","강원특별자치도 춘천시 온의동 45-2 13동 102, 103호 ",033-251-2588,한식,2026-05-27
일반음식점,킹(King),강원특별자치도 춘천시 스무숲1길 36-5 (석사동),강원특별자치도 춘천시 석사동 915-3 ,033-263-3217,감성주점,2026-05-27
일반음식점,어화담,강원특별자치도 춘천시 동내면 외솔길19번길 49-16,강원특별자치도 춘천시 동내면 거두리 1020-7 ,033-264-6567,한식,2026-05-27
일반음식점,주문진게먹고회먹고,강원특별자치도 춘천시 스무숲길 30 (석사동),강원특별자치도 춘천시 석사동 949-1 ,033-261-2252,한식,2026-05-27
일반음식점,학곡사거리막국수닭갈비,"강원특별자치도 춘천시 동내면 영서로 1801, 1, 2, 3동 1층",강원특별자치도 춘천시 동내면 학곡리 345-2 ,033-261-7477,식육(숯불구이),2026-05-27
일반음식점,싸다아구찜앤탕,강원특별자치도 춘천시 우석로 18 (석사동),강원특별자치도 춘천시 석사동 771-8 ,033-263-1525,한식,2026-05-27
일반음식점,조부자매운순대가CGV점,"강원특별자치도 춘천시 퇴계농공로 9, 104호 (석사동, 넥서스프라자)",강원특별자치도 춘천시 석사동 885-3 넥서스프라자 104호,033-254-8701,한식,2026-05-27
일반음식점,김유정역닭갈비,"강원특별자치도 춘천시 신동면 김유정로 1421, 나동",강원특별자치도 춘천시 신동면 증리 938-19 나동 ,033-264-2041,한식,2026-05-27
일반음식점,닥터빈스,강원특별자치도 춘천시 서면 박사로 976,강원특별자치도 춘천시 서면 금산리 495-7 ,033-243-6222,까페,2026-05-27
일반음식점,풍물나들이,"강원특별자치도 춘천시 영서로 2352-48, 풍물시장 13동 1층 96호 (온의동)",강원특별자치도 춘천시 온의동 148-1 풍물시장 ,033-254-8050,한식,2026-05-27
일반음식점,비치클레따,강원특별자치도 춘천시 영서로 2652 (근화동),강원특별자치도 춘천시 근화동 793-8 ,033-257-0123,까페,2026-05-27
일반음식점,bbq춘천장학지구점,강원특별자치도 춘천시 동면 춘천로449번길 20-2,강원특별자치도 춘천시 동면 장학리 996-4 ,033-262-9282,통닭(치킨),2026-05-27
일반음식점,정원달빛,강원특별자치도 춘천시 서부대성로227번길 23 (효자동),강원특별자치도 춘천시 효자동 630-8 ,,까페,2026-05-27
일반음식점,간이역후평대박역점,강원특별자치도 춘천시 백령로 188 (후평동),강원특별자치도 춘천시 후평동 67-54 ,033-254-5647,한식,2026-05-27
일반음식점,놀이카페조인,강원특별자치도 춘천시 백령로 9-1 (효자동),강원특별자치도 춘천시 효자동 314 ,,까페,2026-05-27
일반음식점,춘천옹심이칼국수,"강원특별자치도 춘천시 승지골길 3-10, 1층 (퇴계동)",강원특별자치도 춘천시 퇴계동 1008-9 ,033-257-5577,한식,2026-05-27
일반음식점,세인트콕스(ST.COQS),"강원특별자치도 춘천시 스포츠타운길399번길 22, 1층 (삼천동)",강원특별자치도 춘천시 삼천동 217 최8필지 1층 ,033-253-4757,경양식,2026-05-27
일반음식점,댄싱카페인(Dancing Caffine),"강원특별자치도 춘천시 스포츠타운길399번길 25, 1층 (삼천동)",강원특별자치도 춘천시 삼천동 223-2 1층 ,033-243-4727,까페,2026-05-27
일반음식점,효자골,"강원특별자치도 춘천시 중앙로67번길 18, 3동 2층 3201,2,3호 (죽림동, 브라운가)",강원특별자치도 춘천시 죽림동 189 브라운가 ,033-243-5242,한식,2026-05-27
일반음식점,거두생갈비,"강원특별자치도 춘천시 동내면 거두택지길 41-11, 1층 101호",강원특별자치도 춘천시 동내면 거두리 1090-2 101호,033-264-3392,한식,2026-05-27
일반음식점,해미,강원특별자치도 춘천시 후석로326번길 11-5 (후평동),강원특별자치도 춘천시 후평동 429-12 ,033-255-1667,한식,2026-05-27
일반음식점,동이만두,강원특별자치도 춘천시 효제길 36 (효자동),강원특별자치도 춘천시 효자동 162-6 ,033-255-3633,분식,2026-05-27
일반음식점,김밥의달인,"강원특별자치도 춘천시 중앙로 78, 1층 (중앙로2가)",강원특별자치도 춘천시 중앙로2가 70 ,033-251-7002,분식,2026-05-27
일반음식점,불백,강원특별자치도 춘천시 퇴계로145번길 11-10 (퇴계동),강원특별자치도 춘천시 퇴계동 956-13 ,033-264-9289,한식,2026-05-27
일반음식점,아침해칼국수,강원특별자치도 춘천시 영서로 3037 (사농동),강원특별자치도 춘천시 사농동 275-5 ,033-257-2377,한식,2026-05-27
일반음식점,협동조합빅샌,"강원특별자치도 춘천시 봉의산길22번길 29, 1층 (옥천동)",강원특별자치도 춘천시 옥천동 1 ,033-251-2727,까페,2026-05-27
일반음식점,고마리,강원특별자치도 춘천시 우묵길 73 (퇴계동),강원특별자치도 춘천시 퇴계동 1160 ,033-242-2669,까페,2026-05-27
일반음식점,젠가,"강원특별자치도 춘천시 신흥길 4, 1층 (우두동)",강원특별자치도 춘천시 우두동 1052-18 ,033-257-4807,정종/대포집/소주방,2026-05-27
일반음식점,사우나한돼지,강원특별자치도 춘천시 퇴계로 32 (퇴계동),강원특별자치도 춘천시 퇴계동 1181-3 ,033-252-5701,식육(숯불구이),2026-05-27
일반음식점,청년팝업레스토랑미생,"강원특별자치도 춘천시 우석로 8, 1층 (석사동)",강원특별자치도 춘천시 석사동 774-4 ,070-8860-2719,까페,2026-05-27
일반음식점,작은갤러리,강원특별자치도 춘천시 동내면 학곡동1길 12-8,강원특별자치도 춘천시 동내면 학곡리 293-5 ,033-243-6718,까페,2026-05-27
일반음식점,신의주찹쌀순대,강원특별자치도 춘천시 서부대성로44번길 25-1 (요선동),강원특별자치도 춘천시 요선동 18-13 ,033-241-7473,한식,2026-05-27
일반음식점,모리막국수,강원특별자치도 춘천시 신동면 순환대로 28,강원특별자치도 춘천시 신동면 팔미리 76 ,033-261-5245,한식,2026-05-27
일반음식점,페스토,강원특별자치도 춘천시 동내면 외솔길19번길 80-54,강원특별자치도 춘천시 동내면 거두리 1055-4 ,033-264-4772,경양식,2026-05-27
일반음식점,꿀돼지김치찌개,"강원특별자치도 춘천시 동내면 거두택지길14번길 33, 1층",강원특별자치도 춘천시 동내면 거두리 990-4 1층 ,033-262-8393,한식,2026-05-27
일반음식점,엄마손맛,"강원특별자치도 춘천시 춘천로185번길 6-6, 1층 (운교동)",강원특별자치도 춘천시 운교동 206-12 ,033-241-5170,한식,2026-05-27
일반음식점,산골감자탕,"강원특별자치도 춘천시 퇴계공단길 49-7, J동 (퇴계동)",강원특별자치도 춘천시 퇴계동 49-3 J동 ,,한식,2026-05-27
일반음식점,아침밥상,강원특별자치도 춘천시 후석로393번길 27-1 (후평동),강원특별자치도 춘천시 후평동 848-6 ,033-255-0525,한식,2026-05-27
일반음식점,스프링베일리조트,"강원특별자치도 춘천시 동면 금베이길 93-27, 1층",강원특별자치도 춘천시 동면 만천리 27-1 외1필지(1층) ,033-244-1982,한식,2026-05-27
일반음식점,어스17(Earth17),"강원특별자치도 춘천시 신북읍 신샘밭로 766, 1,2층",강원특별자치도 춘천시 신북읍 천전리 36-2 ,033-244-7877,까페,2026-05-27
일반음식점,한림광장,"강원특별자치도 춘천시 성심로 12, 1층 (교동)",강원특별자치도 춘천시 교동 157-16 1층 ,,경양식,2026-05-27
일반음식점,치맥한잔,"강원특별자치도 춘천시 춘천로213번길 27-2, 1층 (교동)",강원특별자치도 춘천시 교동 112-14 1층 ,033-252-1220,호프/통닭,2026-05-27
일반음식점,진(眞)짬뽕진(眞)자장,강원특별자치도 춘천시 공지로 246 (효자동),강원특별자치도 춘천시 효자동 326 ,033-261-1749,중국식,2026-05-27
일반음식점,강촌스타밸리,강원특별자치도 춘천시 남산면 갯골길 112-11,강원특별자치도 춘천시 남산면 방곡리 622 ,033-261-0637,한식,2026-05-27
일반음식점,취해,"강원특별자치도 춘천시 보안길 22, 지하1층 (후평동)",강원특별자치도 춘천시 후평동 802-13 ,,호프/통닭,2026-05-27
일반음식점,가장맛있는족발,"강원특별자치도 춘천시 동내면 춘천순환로 66, 1층",강원특별자치도 춘천시 동내면 거두리 926-4 1층 ,033-262-5849,식육(숯불구이),2026-05-27
일반음식점,김가네왕갈비탕,"강원특별자치도 춘천시 남산면 서백길 79-6, 1층",강원특별자치도 춘천시 남산면 서천리 35-1 ,033-263-7748,탕류(보신용),2026-05-27
일반음식점,풍물수산,"강원특별자치도 춘천시 영서로 2352-32, 10동 67,68호 (온의동, 풍물시장상가)","강원특별자치도 춘천시 온의동 29-3 10동 67,68호",033-257-4168,횟집,2026-05-27
일반음식점,군자타운,"강원특별자치도 춘천시 동산면 종자리로 331-21, 2층 (춘천안식원)",강원특별자치도 춘천시 동산면 군자리 502 외7필지  춘천안식원 ,033-262-5289,한식,2026-05-27
일반음식점,도담도담,"강원특별자치도 춘천시 남춘로36번길 85, 1층 (퇴계동)",강원특별자치도 춘천시 퇴계동 968-4 ,033-261-9269,탕류(보신용),2026-05-27
일반음식점,맷돌손두부,"강원특별자치도 춘천시 동내면 춘천순환로 106-7, 1층",강원특별자치도 춘천시 동내면 거두리 1085-1 1층 ,033-261-9540,한식,2026-05-27
일반음식점,진교동춘천점,"강원특별자치도 춘천시 퇴계로 175, 1층 (퇴계동)",강원특별자치도 춘천시 퇴계동 968-7 ,033-262-9272,식육(숯불구이),2026-05-27
일반음식점,학곡리순대,"강원특별자치도 춘천시 동내면 영서로 1789, 1층",강원특별자치도 춘천시 동내면 학곡리 319-15 ,033-261-5559,호프/통닭,2026-05-27
일반음식점,춘천냉면(금계),강원특별자치도 춘천시 우석로 19-1 (석사동),강원특별자치도 춘천시 석사동 769-8 ,033-252-6025,식육(숯불구이),2026-05-27
일반음식점,봄내가든,강원특별자치도 춘천시 서면 덕두원길 16-3,강원특별자치도 춘천시 서면 덕두원리 164-2 ,033-243-6256,한식,2026-05-27
일반음식점,꼴두바우강대점,"강원특별자치도 춘천시 춘천로204번길 59, 1층 (효자동)",강원특별자치도 춘천시 효자동 619-8 1층 ,033-253-1116,식육(숯불구이),2026-05-27
일반음식점,복대복소한마리곰탕,"강원특별자치도 춘천시 신북읍 신샘밭로 388-5, 1층",강원특별자치도 춘천시 신북읍 율문리 37-75 ,033-254-8300,탕류(보신용),2026-05-27
일반음식점,김가네가마솥순대국,"강원특별자치도 춘천시 남산면 한치로 106, 1층",강원특별자치도 춘천시 남산면 창촌리 74-24 1층 ,033-262-8520,한식,2026-05-27
일반음식점,달래해장춘천애막골점,"강원특별자치도 춘천시 우석로67번길 15, 1층 (석사동)",강원특별자치도 춘천시 석사동 749-2 1층 ,033-264-6742,식육(숯불구이),2026-05-27
일반음식점,올댓스테이크(강북점),"강원특별자치도 춘천시 영서로 2879, 2층 (사농동)",강원특별자치도 춘천시 사농동 434-15 2층 ,033-244-3068,경양식,2026-05-27
일반음식점,통닭나라,강원특별자치도 춘천시 춘주로 94 (온의동),강원특별자치도 춘천시 온의동 532 ,033-252-4452,통닭(치킨),2026-05-27
일반음식점,투썸플레이스 구봉산점,"강원특별자치도 춘천시 동면 순환대로 1154-105, 1,2층","강원특별자치도 춘천시 동면 장학리 139-57 1,2층 ",033-251-8880,까페,2026-05-27
일반음식점,거두리밥상,강원특별자치도 춘천시 동내면 춘천순환로 61-17,강원특별자치도 춘천시 동내면 거두리 915 ,033-261-5569,한식,2026-05-27
일반음식점,마장동고기집,"강원특별자치도 춘천시 동면 금옥길 162, 1층",강원특별자치도 춘천시 동면 월곡리 482-2 ,033-241-7780,식육(숯불구이),2026-05-27
일반음식점,으뜸갈비,"강원특별자치도 춘천시 영서로 2319, 101호 (온의동, 금호3차아파트상가)",강원특별자치도 춘천시 온의동 571 ,,한식,2026-05-27
일반음식점,육회바른연어퇴계CGV점,"강원특별자치도 춘천시 지석로 75, 104호 (석사동)",강원특별자치도 춘천시 석사동 880-5 ,0503-7506-1480,기타,2026-05-27
일반음식점,해산해물찜,강원특별자치도 춘천시 후석로 433 (후평동),강원특별자치도 춘천시 후평동 716-3 ,033-244-8252,기타,2026-05-27
일반음식점,황산차이나,"강원특별자치도 춘천시 공지로 149-1, 2층 (석사동)",강원특별자치도 춘천시 석사동 677 ,033-263-8286,중국식,2026-05-27
일반음식점,킴스더블린,"강원특별자치도 춘천시 스포츠타운길 432, 1층 109호 (삼천동)",강원특별자치도 춘천시 삼천동 152-1 ,033-261-1812,호프/통닭,2026-05-27
일반음식점,오월고기집,"강원특별자치도 춘천시 퇴계로145번길 7-5, 1층 (퇴계동)",강원특별자치도 춘천시 퇴계동 961-4 ,033-264-4201,기타,2026-05-27
일반음식점,삼남매,"강원특별자치도 춘천시 춘천로170번길 8, 1층 (운교동)",강원특별자치도 춘천시 운교동 178-11 ,033-637-5770,한식,2026-05-27
일반음식점,라온(RAON),"강원특별자치도 춘천시 동내면 외솔길19번길 56-3, 1층",강원특별자치도 춘천시 동내면 거두리 1042-8 ,033-264-0807,경양식,2026-05-27
일반음식점,큰댁돌솥밥,"강원특별자치도 춘천시 삭주로206번길 3, 1층 (후평동)",강원특별자치도 춘천시 후평동 739-4 ,033-257-7147,한식,2026-05-27
일반음식점,속초닭강정,"강원특별자치도 춘천시 효석로67번길 20, 1층 101호 (석사동)",강원특별자치도 춘천시 석사동 705-20 ,033-253-2539,한식,2026-05-27
일반음식점,한솜반찬,"강원특별자치도 춘천시 영서로 2352-20, 8동 806호 (온의동, 풍물시장 (구)38호)",강원특별자치도 춘천시 온의동 29-3 풍물시장 (구)38호 8동 806호,033-243-9633,분식,2026-05-27
일반음식점,낭만의거리,"강원특별자치도 춘천시 벌말길 52, 1층 (석사동)",강원특별자치도 춘천시 석사동 642-11 (1층) ,033-261-9307,기타,2026-05-27
일반음식점,화정,"강원특별자치도 춘천시 우석로79번길 9, 1층 (석사동)",강원특별자치도 춘천시 석사동 744-1 ,033-262-4972,식육(숯불구이),2026-05-27
일반음식점,장은짬뽕,"강원특별자치도 춘천시 동면 춘천로449번길 16-4, 101호",강원특별자치도 춘천시 동면 장학리 1005-2 ,033-253-9639,중국식,2026-05-27
일반음식점,반달곰,"강원특별자치도 춘천시 후석로 425-1, 1층 (후평동)",강원특별자치도 춘천시 후평동 715-7 ,033-263-0605,한식,2026-05-27
일반음식점,꿀단지,"강원특별자치도 춘천시 동면 춘천로449번길 24-5, 1층",강원특별자치도 춘천시 동면 장학리 998-4 ,033-242-9987,한식,2026-05-27
일반음식점,플라워카페,강원특별자치도 춘천시 약사고개길 50 (약사동),강원특별자치도 춘천시 약사동 96-2 ,033-256-2797,까페,2026-05-27
일반음식점,워낭,강원특별자치도 춘천시 후만로116번길 21 (후평동),강원특별자치도 춘천시 후평동 876-10 ,033-257-4778,식육(숯불구이),2026-05-27
일반음식점,조부자매운순대가장학점,"강원특별자치도 춘천시 춘천로 414, 1층 (후평동)",강원특별자치도 춘천시 후평동 753-13 ,033-244-8006,탕류(보신용),2026-05-27
일반음식점,춘천삼겹살,"강원특별자치도 춘천시 퇴계로145번길 3-12, 1층 (퇴계동)",강원특별자치도 춘천시 퇴계동 961-12 ,033-264-4243,식육(숯불구이),2026-05-27
일반음식점,가인,강원특별자치도 춘천시 춘천로 285 (후평동),강원특별자치도 춘천시 후평동 686-25 ,033-252-8361,기타,2026-05-27
일반음식점,박사마을닭갈비막국수,강원특별자치도 춘천시 서면 박사로 1060,강원특별자치도 춘천시 서면 금산리 641 ,033-244-8292,한식,2026-05-27
일반음식점,바운스,"강원특별자치도 춘천시 동내면 외솔길19번길 49-30, 1층",강원특별자치도 춘천시 동내면 거두리 1022-5 ,033-262-3323,한식,2026-05-27
일반음식점,블름한국다례문화원,"강원특별자치도 춘천시 서면 경춘로 1160, 3층 (외1필지)",강원특별자치도 춘천시 서면 당림리 303-1 외1필지 ,033-263-9738,기타,2026-05-27
일반음식점,바른양식당,"강원특별자치도 춘천시 중앙로67번길 18, 4동 2층 4205호 (죽림동, 브라운5번가)",강원특별자치도 춘천시 죽림동 189 브라운5번가 2층 4동 4205호,033-253-3555,기타,2026-05-27
일반음식점,루,"강원특별자치도 춘천시 동면 춘천순환로 709, 1동 1층",강원특별자치도 춘천시 동면 장학리 786-112 ,033-252-1019,경양식,2026-05-27
일반음식점,맛있는닭갈비,"강원특별자치도 춘천시 동면 장학길 18, 1층",강원특별자치도 춘천시 동면 장학리 804-6 ,033-264-7759,식육(숯불구이),2026-05-27
일반음식점,해가빛,"강원특별자치도 춘천시 동면 하일길 186-5, 1층",강원특별자치도 춘천시 동면 장학리 737-1 ,033-252-7434,전통찻집,2026-05-27
일반음식점,라데나골프클럽(Nature),강원특별자치도 춘천시 신동면 칠전동길 72,강원특별자치도 춘천시 신동면 정족리 1007-1 ,033-260-1114,기타,2026-05-27
일반음식점,라데나골프클럽(Garden),강원특별자치도 춘천시 신동면 칠전동길 72,강원특별자치도 춘천시 신동면 정족리 1007-1 ,033-260-1114,기타,2026-05-27
일반음식점,정가네,"강원특별자치도 춘천시 공지로451번길 12, 1층 102호 (근화동)",강원특별자치도 춘천시 근화동 283-5 , 033-254-8292,한식,2026-05-27
일반음식점,로티보이춘천점,"강원특별자치도 춘천시 동면 춘천로449번길 9-1, 1층",강원특별자치도 춘천시 동면 장학리 1002-5 ,033-241-7752,기타,2026-05-27
일반음식점,백년족발(퇴계점),"강원특별자치도 춘천시 춘주로 162, 1층 (퇴계동, 현대1차아파트상가101호)",강원특별자치도 춘천시 퇴계동 916-2 현대1차아파트상가101호 ,033-243-0600,식육(숯불구이),2026-05-27
일반음식점,진미감자탕순대국,"강원특별자치도 춘천시 칠전서길 46-19, 1층 (칠전동)",강원특별자치도 춘천시 칠전동 546-3 ,033-264-5726,탕류(보신용),2026-05-27
일반음식점,발닭발닭,"강원특별자치도 춘천시 동내면 거두택지길 26, 101호",강원특별자치도 춘천시 동내면 거두리 956-5 ,033-263-0122,호프/통닭,2026-05-27
일반음식점,다락,"강원특별자치도 춘천시 소양로 126, 1층 (소양로2가)",강원특별자치도 춘천시 소양로2가 153-20 ,033-254-1251,식육(숯불구이),2026-05-27
일반음식점,차재현의순대박사(퇴계점),강원특별자치도 춘천시 남춘로26번길 17 (퇴계동),강원특별자치도 춘천시 퇴계동 1067-1 ,033-264-0313,탕류(보신용),2026-05-27
일반음식점,백년족발온의근화점,"강원특별자치도 춘천시 공지로431번길 1, 1층 (근화동)",강원특별자치도 춘천시 근화동 713 ,033-243-0800,식육(숯불구이),2026-05-27
일반음식점,어제그집,"강원특별자치도 춘천시 춘천로 392, 1층 (후평동)",강원특별자치도 춘천시 후평동 748-10 ,033-256-7122,정종/대포집/소주방,2026-05-27
일반음식점,비에치씨국군춘천병원점,강원특별자치도 춘천시 방고개길 57 (신동),강원특별자치도 춘천시 신동 546-1 ,033-241-8995,한식,2026-05-27
일반음식점,장가네솥뚜껑문경약돌돼지,"강원특별자치도 춘천시 우묵길 28, 1층 (퇴계동)",강원특별자치도 춘천시 퇴계동 1192-6 ,033-253-5111,기타,2026-05-27
일반음식점,찬이네통큰왕만두,"강원특별자치도 춘천시 중앙로68번길 38, 1층 (소양로3가)",강원특별자치도 춘천시 소양로3가 183-8 ,033-255-0601,분식,2026-05-27
일반음식점,이비가짬뽕춘천점,"강원특별자치도 춘천시 영서로 2652, 2층 (근화동)",강원특별자치도 춘천시 근화동 793-8 ,033-242-9888,중국식,2026-05-27
일반음식점,툇골오리,"강원특별자치도 춘천시 동면 춘천로 492-14, 1층",강원특별자치도 춘천시 동면 장학리 231-17 ,033-253-0506,기타,2026-05-27
일반음식점,갱스터떡볶이 춘천점,"강원특별자치도 춘천시 동면 춘천로449번길 12, 1층",강원특별자치도 춘천시 동면 장학리 1003 ,033-244-4893,분식,2026-05-27
일반음식점,호로롱김밥,"강원특별자치도 춘천시 백령로 163, 1층 (효자동)",강원특별자치도 춘천시 효자동 18-57 ,033-261-5837,식육(숯불구이),2026-05-27
일반음식점,도원뚝배기짬뽕,"강원특별자치도 춘천시 시청길12번길 16, 1층 (조양동)",강원특별자치도 춘천시 조양동 47-3 ,033-243-3999,중국식,2026-05-27
일반음식점,데이빗,"강원특별자치도 춘천시 퇴계로 67, 2층 (퇴계동)",강원특별자치도 춘천시 퇴계동 1166-6 ,033-241-0647,기타,2026-05-27
일반음식점,유정명물닭갈비막국수,강원특별자치도 춘천시 신동면 김유정로 1402,강원특별자치도 춘천시 신동면 증리 390 ,033-252-9931,식육(숯불구이),2026-05-27
일반음식점,카페124,"강원특별자치도 춘천시 남산면 강촌로 124, 1층",강원특별자치도 춘천시 남산면 강촌리 340-3 1층 ,033-261-1124,까페,2026-05-27
일반음식점,해우숯불갈비,"강원특별자치도 춘천시 보안길 46, 1층 (후평동)",강원특별자치도 춘천시 후평동 70-3 ,033-262-0801,식육(숯불구이),2026-05-27
일반음식점,만두이섬춘천후평점,"강원특별자치도 춘천시 후석로326번길 11, 1층 (후평동)",강원특별자치도 춘천시 후평동 457-5 ,,분식,2026-05-27
일반음식점,옹해야숯불닭발,"강원특별자치도 춘천시 후만로 5, 1층 (효자동)",강원특별자치도 춘천시 효자동 633-6 ,033-241-6147,식육(숯불구이),2026-05-27
일반음식점,주머니,"강원특별자치도 춘천시 춘주로195번길 5, 1층 (퇴계동)",강원특별자치도 춘천시 퇴계동 895-1 1층 ,033-242-8492,정종/대포집/소주방,2026-05-27
일반음식점,미니슈퍼,"강원특별자치도 춘천시 춘주로201번길 16-1, 1층 (퇴계동)",강원특별자치도 춘천시 퇴계동 892-3 ,033-264-7588,경양식,2026-05-27
일반음식점,그늘집(밸리스타트하우스),강원특별자치도 춘천시 남산면 북한강변길 688,강원특별자치도 춘천시 남산면 백양리 29-1 ,033-260-2152,기타,2026-05-27
일반음식점,그늘집(밸리그늘집),강원특별자치도 춘천시 남산면 북한강변길 688,강원특별자치도 춘천시 남산면 백양리 29-1 ,,기타,2026-05-27
일반음식점,그늘집(레이크그늘집),강원특별자치도 춘천시 남산면 북한강변길 688,강원특별자치도 춘천시 남산면 백양리 29-1 ,033-260-2371,기타,2026-05-27
일반음식점,그늘집(힐그늘집),강원특별자치도 춘천시 남산면 북한강변길 688,강원특별자치도 춘천시 남산면 백양리 29-1 ,033-260-2371,기타,2026-05-27
일반음식점,소양호어탕국수,강원특별자치도 춘천시 동면 춘천순환로 474,강원특별자치도 춘천시 동면 만천리 655-1 ,033-241-9997,한식,2026-05-27
일반음식점,왕소나무막국수,"강원특별자치도 춘천시 동산면 조양길 190, 1층",강원특별자치도 춘천시 동산면 조양리 473 ,033-261-0345,기타,2026-05-27
일반음식점,수옛날통닭,"강원특별자치도 춘천시 서부대성로 50, 1층 (요선동)",강원특별자치도 춘천시 요선동 7-1 ,033-252-0707,호프/통닭,2026-05-27
일반음식점,단풍나무집,"강원특별자치도 춘천시 사북면 지내고탄로 899-1, 1층",강원특별자치도 춘천시 사북면 고탄리 136-2 ,033-243-0382,한식,2026-05-27
일반음식점,올더쭈꾸미,"강원특별자치도 춘천시 삭주로 193, 1층 (후평동)",강원특별자치도 춘천시 후평동 741-11 ,033-256-6969,기타,2026-05-27
일반음식점,멘시루,"강원특별자치도 춘천시 백령로138번길 56, 1층 (효자동)",강원특별자치도 춘천시 효자동 632-13 ,,호프/통닭,2026-05-27
일반음식점,피플스클럽,"강원특별자치도 춘천시 우석로67번길 12, 1층 (석사동)",강원특별자치도 춘천시 석사동 742-10 ,033-911-5544,기타,2026-05-27
일반음식점,예부룩,"강원특별자치도 춘천시 공지로 153, 2층 (석사동)",강원특별자치도 춘천시 석사동 495-9 ,033-264-5525,까페,2026-05-27
일반음식점,고래밥상,"강원특별자치도 춘천시 신북읍 신북로 38, 1층",강원특별자치도 춘천시 신북읍 율문리 264-69 ,033-241-7421,한식,2026-05-27
일반음식점,대룡산가든,"강원특별자치도 춘천시 동내면 동내로 375-7, 1층",강원특별자치도 춘천시 동내면 고은리 35-12 ,033-261-5560,한식,2026-05-27
일반음식점,다도해횟집,"강원특별자치도 춘천시 충혼길5번길 14, 1층 (퇴계동)",강원특별자치도 춘천시 퇴계동 876-3 ,033-255-4334,횟집,2026-05-27
일반음식점,수제돈가스,"강원특별자치도 춘천시 명동길 43, 1층 (죽림동)",강원특별자치도 춘천시 죽림동 12-1 ,033-254-5074,경양식,2026-05-27
일반음식점,뼈가네순대,"강원특별자치도 춘천시 스무숲1길 75, 1층 (석사동)",강원특별자치도 춘천시 석사동 917-6 ,033-262-5211,횟집,2026-05-27
일반음식점,춘천막국수체험박물관,"강원특별자치도 춘천시 신북읍 신북로 264, 2층",강원특별자치도 춘천시 신북읍 산천리 342-1 ,033-244-8869,기타,2026-05-27
일반음식점,대박이네막창거두리점,"강원특별자치도 춘천시 동내면 거두택지길 41-11, 1층",강원특별자치도 춘천시 동내면 거두리 1090-2 ,033-261-5350,기타,2026-05-27
일반음식점,백일칼국수춘천본점,"강원특별자치도 춘천시 남춘로5번길 17, 1층 (퇴계동)",강원특별자치도 춘천시 퇴계동 1173 ,033-243-0120,분식,2026-05-27
일반음식점,모꼬지,"강원특별자치도 춘천시 벌말길 83, 1층 (석사동)",강원특별자치도 춘천시 석사동 648-1 ,033-261-0079,통닭(치킨),2026-05-27
일반음식점,돈치킨우두점,"강원특별자치도 춘천시 영서로 2754, 1층 (우두동)",강원특별자치도 춘천시 우두동 1060-11 ,033-251-9282,통닭(치킨),2026-05-27
일반음식점,커넥트원원키친,"강원특별자치도 춘천시 동면 순환대로 1154-77, 4층",강원특별자치도 춘천시 동면 만천리 330-21 ,031-784-2970,기타,2026-05-27
일반음식점,조개마을,"강원특별자치도 춘천시 동내면 거두택지길 10, 1층",강원특별자치도 춘천시 동내면 거두리 946-5 ,033-262-7800,한식,2026-05-27
일반음식점,광판팔뚝김밥김유정역점,"강원특별자치도 춘천시 신동면 김유정로 1402, 1층",강원특별자치도 춘천시 신동면 증리 390 ,033-261-7356,분식,2026-05-27
일반음식점,이상원미술관,"강원특별자치도 춘천시 사북면 화악지암길 99, 4층 (이상원미술관내)",강원특별자치도 춘천시 사북면 지암리 587 ,033-255-9001,기타,2026-05-27
일반음식점,착한곱한우곱창춘천2호석사점,"강원특별자치도 춘천시 춘천순환로 28, 1층 (석사동)",강원특별자치도 춘천시 석사동 827-1 ,033-263-8872,식육(숯불구이),2026-05-27
일반음식점,수옛날통닭애막골점,"강원특별자치도 춘천시 후석로186번길 6, 1층 (석사동)",강원특별자치도 춘천시 석사동 728-3 ,033-261-8892,호프/통닭,2026-05-27
일반음식점,아보카도,"강원특별자치도 춘천시 약사고개길50번길 25, 2층 (약사동)",강원특별자치도 춘천시 약사동 150-31 ,033-242-8188,기타,2026-05-27
일반음식점,토담숯불닭갈비(신관),"강원특별자치도 춘천시 신북읍 신샘밭로 658, 1층 (외1필지 신샘밭로660)",강원특별자치도 춘천시 신북읍 천전리 90-13 외1필지 90-19 ,033-241-5392,식육(숯불구이),2026-05-27
일반음식점,고기굽는마을,"강원특별자치도 춘천시 후석로228번길 9, 1층 (후평동)",강원특별자치도 춘천시 후평동 891-13 ,033-244-9221,탕류(보신용),2026-05-27
일반음식점,갤러리,"강원특별자치도 춘천시 후만로116번길 2, 1층 (후평동)",강원특별자치도 춘천시 후평동 869 ,033-256-5527,감성주점,2026-05-27
일반음식점,라비에벨올드코스대식당,"강원특별자치도 춘천시 동산면 종자리로 436, 라비에벨 컨트리클럽",강원특별자치도 춘천시 동산면 조양리 산 199 라비에벨 컨트리클럽 ,033-245-7014,기타,2026-05-27
일반음식점,라비에벨 올드코스15T 그늘집식당,"강원특별자치도 춘천시 동산면 종자리로 436, 라비에벨 컨트리클럽",강원특별자치도 춘천시 동산면 조양리 산 199 라비에벨 컨트리클럽 ,033-245-7000,기타,2026-05-27
일반음식점,라비에벨 올드코스 스타트하우스식당,"강원특별자치도 춘천시 동산면 종자리로 436, 라비에벨 컨트리클럽",강원특별자치도 춘천시 동산면 조양리 산 199 라비에벨 컨트리클럽 ,033-245-7000,기타,2026-05-27
일반음식점,라비에벨 올드코스4T 그늘집식당,"강원특별자치도 춘천시 동산면 종자리로 436, 라비에벨 컨트리클럽",강원특별자치도 춘천시 동산면 조양리 산 199 라비에벨 컨트리클럽 ,033-245-7000,기타,2026-05-27
일반음식점,돼지한마리(후평점),"강원특별자치도 춘천시 후석로326번길 12, 2층 (후평동)",강원특별자치도 춘천시 후평동 79-2 외4필지(2층) ,033-257-3895,식육(숯불구이),2026-05-27
일반음식점,착한왕감자탕,"강원특별자치도 춘천시 춘천로310번길 37, 1층 (후평동)",강원특별자치도 춘천시 후평동 689 ,033-256-7100,기타,2026-05-27
일반음식점,쌈촌CGV석사점,"강원특별자치도 춘천시 퇴계농공로 20, 2층 202호 (석사동, 종로타워)",강원특별자치도 춘천시 석사동 880-3 202호,033-264-5665,기타,2026-05-27
일반음식점,설악막국수춘천닭갈비강촌점,"강원특별자치도 춘천시 남면 충효로 801, 1층",강원특별자치도 춘천시 남면 발산리 92-10 ,033-262-2358,기타,2026-05-27
일반음식점,온의교집,"강원특별자치도 춘천시 방송길 70, 117동 122호 (온의동, 온의 롯데캐슬 스카이클래스)",강원특별자치도 춘천시 온의동 590 온의 롯데캐슬 스카이클래스 ,033-256-1267,일식,2026-05-27
일반음식점,백년족발석사씨지브이점,"강원특별자치도 춘천시 지석로 22, 1층 (퇴계동)",강원특별자치도 춘천시 퇴계동 98-1 , 033-261-0200,식육(숯불구이),2026-05-27
일반음식점,우두동밥집,"강원특별자치도 춘천시 충열로 151, 1층 (우두동)",강원특별자치도 춘천시 우두동 442-8 ,033-255-5999,기타,2026-05-27
일반음식점,태양부양꼬치,"강원특별자치도 춘천시 안마산로 107-1, 2층 207호 (퇴계동)",강원특별자치도 춘천시 퇴계동 451-3 ,033-261-9888,기타,2026-05-27
일반음식점,다우등심,"강원특별자치도 춘천시 스포츠타운길 399, 1층 (삼천동)",강원특별자치도 춘천시 삼천동 213 ,033-262-7748,식육(숯불구이),2026-05-27
일반음식점,황가네밥집,"강원특별자치도 춘천시 동내면 원창고개길 285, 1층",강원특별자치도 춘천시 동내면 학곡리 43-3 ,033-261-1480,기타,2026-05-27
일반음식점,트링켄74(TrinKen74),"강원특별자치도 춘천시 승지골길 53, 1층 104호 (석사동, 퇴계주공5차상가)",강원특별자치도 춘천시 석사동 866-3 ,033-253-2621,통닭(치킨),2026-05-27
일반음식점,국수나무춘천명동점,"강원특별자치도 춘천시 중앙로 63-1, 1층 (중앙로2가)",강원특별자치도 춘천시 중앙로2가 25 ,033-255-7700,분식,2026-05-27
일반음식점,백년한식부페,"강원특별자치도 춘천시 옛경춘로 806, 1층 (삼천동)",강원특별자치도 춘천시 삼천동 25 ,,한식,2026-05-27
일반음식점,한림양장,"강원특별자치도 춘천시 성심로 7, 1층 (교동)",강원특별자치도 춘천시 교동 156-23 ,033-242-0974,한식,2026-05-27
일반음식점,엄마손,"강원특별자치도 춘천시 칠전서길 26, 1층 (칠전동)",강원특별자치도 춘천시 칠전동 592-14 ,033-264-2977,한식,2026-05-27
일반음식점,소양댐우미숯불닭갈비,"강원특별자치도 춘천시 신북읍 신샘밭로 701, 1층",강원특별자치도 춘천시 신북읍 천전리 78-1 ,033-242-1759,한식,2026-05-27
일반음식점,미각,"강원특별자치도 춘천시 지석로 13, 1층 (퇴계동)",강원특별자치도 춘천시 퇴계동 165-2 ,033-263-7890,중국식,2026-05-27
일반음식점,필젠,"강원특별자치도 춘천시 동내면 외솔길 49, 1층",강원특별자치도 춘천시 동내면 거두리 1004-7 ,033-261-4981,호프/통닭,2026-05-27
일반음식점,남춘천아이씨명품한우,"강원특별자치도 춘천시 동산면 종자리로 293, 1층",강원특별자치도 춘천시 동산면 군자리 795-1 외2필지 ,033-263-7997,식육(숯불구이),2026-05-27
일반음식점,김앤밥(김&밥),"강원특별자치도 춘천시 보안길 1, 1층 (후평동)",강원특별자치도 춘천시 후평동 807-7 ,033-252-5737,분식,2026-05-27
일반음식점,스무숲길가,"강원특별자치도 춘천시 스무숲1길 51, 1층 (석사동)",강원특별자치도 춘천시 석사동 928-6 ,,기타,2026-05-27
일반음식점,더밥(THEBAB),"강원특별자치도 춘천시 춘주로91번길 10, 1층 (온의동)",강원특별자치도 춘천시 온의동 522-4 ,033-255-0992,한식,2026-05-27
일반음식점,랍다,"강원특별자치도 춘천시 외솔길 10-1, 1층 (석사동)",강원특별자치도 춘천시 석사동 316-1 ,,까페,2026-05-27
일반음식점,불굴의차여사감자탕장학점,"강원특별자치도 춘천시 동면 춘천로449번길 11-2, 1층",강원특별자치도 춘천시 동면 장학리 1002-2 ,033-264-9119,탕류(보신용),2026-05-27
일반음식점,활어회포차,"강원특별자치도 춘천시 백령로138번길 16, 1층 (효자동)",강원특별자치도 춘천시 효자동 626-17 ,033-241-2012,횟집,2026-05-27
일반음식점,춘천숯불닭갈비,"강원특별자치도 춘천시 낙원길 28, 1층 (중앙로2가)",강원특별자치도 춘천시 중앙로2가 66-1 ,033-253-9229,기타,2026-05-27
일반음식점,어라운드마켓,"강원특별자치도 춘천시 시청길12번길 17-1, 1.2층 (조양동)",강원특별자치도 춘천시 조양동 60-9 ,033-243-4002,기타,2026-05-27
일반음식점,비에이치씨치킨강대점,"강원특별자치도 춘천시 공지로242번길 21, 1층 (효자동)",강원특별자치도 춘천시 효자동 320-2 ,033-261-9942,통닭(치킨),2026-05-27
일반음식점,아재쭈꾸미,"강원특별자치도 춘천시 애막골길11번길 10, 1층 (석사동)",강원특별자치도 춘천시 석사동 742-11 ,033-261-5546,식육(숯불구이),2026-05-27
일반음식점,비비큐,"강원특별자치도 춘천시 남산면 강촌로 100, 1층",강원특별자치도 춘천시 남산면 강촌리 251-15 ,,호프/통닭,2026-05-27
일반음식점,집밥처럼,강원특별자치도 춘천시 스포츠타운길 439 (삼천동),강원특별자치도 춘천시 삼천동 37-36 ,033-264-2253,한식,2026-05-27
일반음식점,섬마을,강원특별자치도 춘천시 효자문길 18 (효자동),강원특별자치도 춘천시 효자동 662-34 ,033-257-5558,한식,2026-05-27
일반음식점,육선도,"강원특별자치도 춘천시 보안길 73, 1층 (후평동)",강원특별자치도 춘천시 후평동 702-6 ,033-252-9255,기타,2026-05-27
일반음식점,맘스터치후평점,"강원특별자치도 춘천시 후석로 326, 3층 (후평동)",강원특별자치도 춘천시 후평동 701-8 ,033-241-1212,통닭(치킨),2026-05-27
일반음식점,9우미닭갈비만천점,"강원특별자치도 춘천시 동면 만천로143번길 46-4, 1층",강원특별자치도 춘천시 동면 만천리 896-1 ,033-255-8422,기타,2026-05-27
일반음식점,명가곱창,"강원특별자치도 춘천시 행촌로32번길 5-35, 1층 (퇴계동)",강원특별자치도 춘천시 퇴계동 901-2 ,033-911-8181,식육(숯불구이),2026-05-27
일반음식점,쭈노치킨,"강원특별자치도 춘천시 행촌로32번길 5-2, 1층 (퇴계동)",강원특별자치도 춘천시 퇴계동 904-7 ,033-255-8767,호프/통닭,2026-05-27
일반음식점,투다리퇴계타운점,"강원특별자치도 춘천시 안마산로 213, 124호 (퇴계동, 퇴게타운상가)",강원특별자치도 춘천시 퇴계동 79 ,033-264-5008,기타,2026-05-27
일반음식점,도손도손,"강원특별자치도 춘천시 동내면 거두택지길 87-8, 1층",강원특별자치도 춘천시 동내면 거두리 1111-10 ,033-264-7142,기타,2026-05-27
일반음식점,비비큐치킨춘천퇴계점,"강원특별자치도 춘천시 행촌로 59, 1층 (퇴계동)",강원특별자치도 춘천시 퇴계동 593-27 ,033-256-1817,호프/통닭,2026-05-27
일반음식점,용전횟집,"강원특별자치도 춘천시 서면 삿갓봉길 35, 1층",강원특별자치도 춘천시 서면 오월리 97-2 ,033-262-5771,횟집,2026-05-27
일반음식점,니뽕내뽕춘천명동점,"강원특별자치도 춘천시 중앙로67번길 18, 2층 2214호 (죽림동, 브라운상가2동)",강원특별자치도 춘천시 죽림동 189 ,033-252-2848,기타,2026-05-27
일반음식점,예스동태랑(YES!동태랑),"강원특별자치도 춘천시 동면 소양강로 366, 1층",강원특별자치도 춘천시 동면 장학리 482-3 ,033-243-8292,한식,2026-05-27
일반음식점,뚱이네포차,"강원특별자치도 춘천시 후석로 401, 1층 (후평동)",강원특별자치도 춘천시 후평동 713-8 ,033-241-5468,한식,2026-05-27
일반음식점,뜰마루,강원특별자치도 춘천시 남산면 김유정로 1,강원특별자치도 춘천시 남산면 광판리 1022 ,033-263-0283,식육(숯불구이),2026-05-27
일반음식점,육림고개서민주막,"강원특별자치도 춘천시 중앙로77번길 22, 1층 (죽림동)",강원특별자치도 춘천시 죽림동 30-4 ,033-244-4800,정종/대포집/소주방,2026-05-27
일반음식점,크루아 라다,"강원특별자치도 춘천시 서부대성로44번길 25, 1층 (요선동)",강원특별자치도 춘천시 요선동 18-14 1층 ,033-242-8377,분식,2026-05-27
일반음식점,꾸석지돌판한우춘천거두점,"강원특별자치도 춘천시 동내면 거두택지길 55-7, 1층",강원특별자치도 춘천시 동내면 거두리 716-19 ,,식육(숯불구이),2026-05-27
일반음식점,젊은어부,"강원특별자치도 춘천시 퇴계로145번길 4, 1층 (퇴계동, 퇴계(1)주공아파트상가동102호)",강원특별자치도 춘천시 퇴계동 967-1 ,033-253-6515,호프/통닭,2026-05-27
일반음식점,깐부치킨후평점,"강원특별자치도 춘천시 후석로 247, 1층 (후평동, 후평프라자102호)",강원특별자치도 춘천시 후평동 25 ,033-255-9289,호프/통닭,2026-05-27
일반음식점,윤스꼬 맥반석숯불문어와닭갈비,"강원특별자치도 춘천시 남산면 강촌구곡길 9, 1층",강원특별자치도 춘천시 남산면 강촌리 335 ,033-262-7899,기타,2026-05-27
일반음식점,계춘,"강원특별자치도 춘천시 신북읍 신샘밭로 710, 1층",강원특별자치도 춘천시 신북읍 천전리 64-13 ,033-241-9882,기타,2026-05-27
일반음식점,온정,"강원특별자치도 춘천시 동면 가산로 165, 1층",강원특별자치도 춘천시 동면 지내리 969 외1필지 ,033-241-3328,중국식,2026-05-27
일반음식점,밥한그룻정두그릇,"강원특별자치도 춘천시 영서로2452번길 9, 2층 (근화동)",강원특별자치도 춘천시 근화동 744-7 ,033-243-1190,한식,2026-05-27
일반음식점,"달구네제육쌈밥,생삼겹","강원특별자치도 춘천시 남면 소주고개로 28, 2층",강원특별자치도 춘천시 남면 후동리 400-1 ,033-252-8721,한식,2026-05-27
일반음식점,춘천본가닭갈비,"강원특별자치도 춘천시 금강로62번길 13, 2층 (조양동)",강원특별자치도 춘천시 조양동 144-1 ,033-255-1998,기타,2026-05-27
일반음식점,정을담다,"강원특별자치도 춘천시 지석로 85, 1층 104호 (석사동, 강남프라자)",강원특별자치도 춘천시 석사동 888-4 ,033-263-1011,김밥(도시락),2026-05-27
일반음식점,한림포차2,"강원특별자치도 춘천시 삭주로 94, 지하1층 (후평동, 동보빌리지상가지하1호)",강원특별자치도 춘천시 후평동 857 ,033-243-0987,정종/대포집/소주방,2026-05-27
일반음식점,우리송어양식장횟집,"강원특별자치도 춘천시 우묵길60번길 26, 1층 (퇴계동)",강원특별자치도 춘천시 퇴계동 1182-4 ,033-242-1143,횟집,2026-05-27
일반음식점,쿠우쿠우춘천점,"강원특별자치도 춘천시 지석로 80, 지하1층 (퇴계동, 시너스카펠라복합빌딩)",강원특별자치도 춘천시 퇴계동 1017 ,033-269-7004,뷔페식,2026-05-27
일반음식점,전주명가콩나물국밥석사점,"강원특별자치도 춘천시 퇴계로 199, 1층 (석사동)",강원특별자치도 춘천시 석사동 796-8 ,033-262-9932,한식,2026-05-27
일반음식점,33떡볶이,"강원특별자치도 춘천시 동내면 춘천순환로 66, 1층",강원특별자치도 춘천시 동내면 거두리 926-4 ,033-263-3352,기타,2026-05-27
일반음식점,동교리순대국,"강원특별자치도 춘천시 동면 만천로 81, 1층",강원특별자치도 춘천시 동면 만천리 590-4 ,033-242-9282,한식,2026-05-27
일반음식점,만보네,강원특별자치도 춘천시 성심로 98 (효자동),강원특별자치도 춘천시 효자동 18-104 ,033-255-1927,한식,2026-05-27
일반음식점,주전자,"강원특별자치도 춘천시 스무숲1길 67-1, 1층 (석사동)",강원특별자치도 춘천시 석사동 927-3 ,033-261-6584,한식,2026-05-27
일반음식점,춘천두레소비자생활협동조합,"강원특별자치도 춘천시 동내면 공지로 70-61, 1층",강원특별자치도 춘천시 동내면 거두리 933-2 ,033-256-0764,기타,2026-05-27
일반음식점,정무네두부,강원특별자치도 춘천시 동면 연산골길 34,강원특별자치도 춘천시 동면 감정리 427 ,033-911-5501,한식,2026-05-27
일반음식점,삼삼오오,"강원특별자치도 춘천시 승지골길 3-8, 1층 (퇴계동)",강원특별자치도 춘천시 퇴계동 1008-8 ,033-264-3255,정종/대포집/소주방,2026-05-27
일반음식점,남부전집,"강원특별자치도 춘천시 공지로 367, 지하1층 35,36,39호 (효자동, 남부시장)",강원특별자치도 춘천시 효자동 684-11 ,033-257-5705,정종/대포집/소주방,2026-05-27
일반음식점,산촌마을,"강원특별자치도 춘천시 사북면 화악지암길 441, 1층",강원특별자치도 춘천시 사북면 지암리 687-5 ,033-244-2010,기타,2026-05-27
일반음식점,금계촌두부,"강원특별자치도 춘천시 남면 버들1길 8, 1층",강원특별자치도 춘천시 남면 후동리 43-1 ,033-263-0315,한식,2026-05-27
일반음식점,시골낙지,"강원특별자치도 춘천시 시청길10번길 13, 지하1층 (조양동)",강원특별자치도 춘천시 조양동 43-3 ,033-252-1655,기타,2026-05-27
일반음식점,어촌밥상생선조림전문점,"강원특별자치도 춘천시 남춘천길 38, 1층 (퇴계동)",강원특별자치도 춘천시 퇴계동 1166-3 ,033-244-9933,한식,2026-05-27
일반음식점,원더월(WONDERWALL),"강원특별자치도 춘천시 칠전서길 5-2, 1층 (칠전동)",강원특별자치도 춘천시 칠전동 626-10 ,033-262-5820,기타,2026-05-27
일반음식점,별식당강원대점,"강원특별자치도 춘천시 서부대성로 241, 지하1층 (효자동)",강원특별자치도 춘천시 효자동 632-1 ,033-257-3338,한식,2026-05-27
일반음식점,러브존레스토랑,"강원특별자치도 춘천시 수변공원길 45, 1층 (삼천동)",강원특별자치도 춘천시 삼천동 239-1 ,033-261-3585,경양식,2026-05-27
일반음식점,춘천왕감자탕,"강원특별자치도 춘천시 보안길 3, 1층 (후평동)",강원특별자치도 춘천시 후평동 807-6 ,033-244-9959,한식,2026-05-27
일반음식점,고모네삼계탕,"강원특별자치도 춘천시 신동면 순환대로 32, 1층",강원특별자치도 춘천시 신동면 팔미리 68-1 1층 ,033-263-0279,한식,2026-05-27
일반음식점,바보형제쭈꾸미춘천만천점,"강원특별자치도 춘천시 동면 춘천순환로 388, 1층",강원특별자치도 춘천시 동면 만천리 475-11 ,033-242-9990,한식,2026-05-27
일반음식점,하나족발,"강원특별자치도 춘천시 퇴계로 184, 1층 (석사동)",강원특별자치도 춘천시 석사동 799-1 ,033-255-6888,식육(숯불구이),2026-05-27
일반음식점,유림쭈꾸미,"강원특별자치도 춘천시 신북읍 율문2길 10, 1층",강원특별자치도 춘천시 신북읍 율문리 909-38 ,033-243-4620,한식,2026-05-27
일반음식점,엄마손팥칼국수,"강원특별자치도 춘천시 동면 가산로 79, 1층",강원특별자치도 춘천시 동면 지내리 209-38 ,033-242-7789,한식,2026-05-27
일반음식점,호원식당,"강원특별자치도 춘천시 남산면 북한강변길 346, 1층",강원특별자치도 춘천시 남산면 서천리 28-5 ,033-263-9235,한식,2026-05-27
일반음식점,춘천농민한우신북점,"강원특별자치도 춘천시 신북읍 신샘밭로 360, 1,2층","강원특별자치도 춘천시 신북읍 율문리 935-17 1,2층 ",033-241-9289,식육(숯불구이),2026-05-27
일반음식점,한국농어촌공사구내식당,"강원특별자치도 춘천시 사우4길 18, 4층 (우두동, 외1필지)",강원특별자치도 춘천시 우두동 765-5 외1필지 ,033-243-7426,한식,2026-05-27
일반음식점,킴스닭꼬치,"강원특별자치도 춘천시 후석로 445-2, 1층 (후평동)",강원특별자치도 춘천시 후평동 717-11 ,033-241-9996,식육(숯불구이),2026-05-27
일반음식점,유정국밥,"강원특별자치도 춘천시 신동면 풍류1길 1, 1층",강원특별자치도 춘천시 신동면 증리 919-3 ,033-261-4001,한식,2026-05-27
일반음식점,서부맛집능이해천탕,"강원특별자치도 춘천시 서부대성로 12, 지하1층 (소양로2가, 서부시장지하)",강원특별자치도 춘천시 소양로2가 172-1 ,033-256-8686,한식,2026-05-27
일반음식점,봄내예찬,"강원특별자치도 춘천시 동면 삭주로 243, 1층",강원특별자치도 춘천시 동면 장학리 176-3 ,033-242-3917,한식,2026-05-27
일반음식점,문배마을신가네,"강원특별자치도 춘천시 남산면 강촌문배길 485-5, 1층",강원특별자치도 춘천시 남산면 강촌리 491-4 ,033-261-0929,기타,2026-05-27
일반음식점,카페789,"강원특별자치도 춘천시 동면 삭주로 224-7, 1층",강원특별자치도 춘천시 동면 만천리 789-1 ,033-254-0789,기타,2026-05-27
일반음식점,꼬들집,"강원특별자치도 춘천시 국사봉길 12, 1층 (퇴계동)",강원특별자치도 춘천시 퇴계동 423-6 ,033-256-1893,식육(숯불구이),2026-05-27
일반음식점,광식,"강원특별자치도 춘천시 퇴계로93번길 8, 1층 (퇴계동)",강원특별자치도 춘천시 퇴계동 1085 ,033-263-9266,한식,2026-05-27
일반음식점,해두리치킨 명동점,"강원특별자치도 춘천시 서부대성로 38, 111동 1층 102호 (요선동, 한신아파트상가)",강원특별자치도 춘천시 요선동 201 ,033-256-0895,기타,2026-05-27
일반음식점,서영이네맛집,"강원특별자치도 춘천시 옥천길 27, 1층 (옥천동)",강원특별자치도 춘천시 옥천동 39-21 ,033-255-9966,한식,2026-05-27
일반음식점,와라쿠라멘애막골점,"강원특별자치도 춘천시 애막골길7번길 19, 1층 (석사동)",강원특별자치도 춘천시 석사동 740-3 ,033-262-8579,일식,2026-05-27
일반음식점,춘천회센타,"강원특별자치도 춘천시 동면 춘천로449번길 26, 1층",강원특별자치도 춘천시 동면 장학리 997-1 ,033-243-4560,횟집,2026-05-27
일반음식점,이모네포차,"강원특별자치도 춘천시 신북읍 상천2길 54, 2층 2-F호 (해강아파트상가)",강원특별자치도 춘천시 신북읍 천전리 1351 ,033-241-6959,정종/대포집/소주방,2026-05-27
일반음식점,조부자매운순대가거두점,"강원특별자치도 춘천시 동내면 거두택지길4번길 5, 1층",강원특별자치도 춘천시 동내면 거두리 948-14 ,033-261-8222,한식,2026-05-27
일반음식점,고굽녀,"강원특별자치도 춘천시 백석골길 12, 1층 (퇴계동)",강원특별자치도 춘천시 퇴계동 799-8 ,033-257-3810,식육(숯불구이),2026-05-27
일반음식점,은재흑염소전문점,"강원특별자치도 춘천시 충혼길8번길 9-7, 1층 (퇴계동)",강원특별자치도 춘천시 퇴계동 872-9 ,033-243-0811,탕류(보신용),2026-05-27
일반음식점,호식이두마리치킨남춘천점,"강원특별자치도 춘천시 충혼길52번길 6-4, 1층 (온의동)",강원특별자치도 춘천시 온의동 541-8 ,033-251-4999,호프/통닭,2026-05-27
일반음식점,서가네매운갈비찜,"강원특별자치도 춘천시 충혼길8번길 19, 1층 (온의동)",강원특별자치도 춘천시 온의동 172-10 ,033-255-8186,기타,2026-05-27
일반음식점,김서방닭발,"강원특별자치도 춘천시 보안길 16, 1층 (후평동)",강원특별자치도 춘천시 후평동 802-9 ,033-251-7477,호프/통닭,2026-05-27
일반음식점,주식회사더테라리움,"강원특별자치도 춘천시 지석로 80, 9층 (퇴계동, 춘천시너스카펠라복합빌딩)",강원특별자치도 춘천시 퇴계동 1017 춘천시너스카펠라복합빌딩 9층 ,033-269-7000,기타,2026-05-27
일반음식점,꽃담은,"강원특별자치도 춘천시 우묵길78번길 1, 1층 (퇴계동)",강원특별자치도 춘천시 퇴계동 1137-6 ,033-261-6700,기타,2026-05-27
일반음식점,태국시푸켓동,"강원특별자치도 춘천시 성심로 39, 1층 (효자동)",강원특별자치도 춘천시 효자동 754-4 ,033-910-9012,"외국음식전문점(인도,태국등)",2026-05-27
일반음식점,서리맥주,"강원특별자치도 춘천시 보안길 20, 1층 (후평동)",강원특별자치도 춘천시 후평동 802-12 ,033-462-4337,기타,2026-05-27
일반음식점,곱돌생삼겹살,"강원특별자치도 춘천시 백령로138번길 55, 1,2층 (효자동)",강원특별자치도 춘천시 효자동 631-3 ,033-256-4240,식육(숯불구이),2026-05-27
일반음식점,거두리해물짬뽕,"강원특별자치도 춘천시 동내면 거두택지길4번길 19, 1층",강원특별자치도 춘천시 동내면 거두리 974-14 ,033-263-7593,한식,2026-05-27
일반음식점,비에이치씨퇴계사거리점,"강원특별자치도 춘천시 퇴계로 166, 1층 105-1호 (퇴계동)",강원특별자치도 춘천시 퇴계동 983-1 ,033-262-8998,호프/통닭,2026-05-27
일반음식점,뚝방집,"강원특별자치도 춘천시 신흥길5번길 8-8, 1층 (우두동)",강원특별자치도 춘천시 우두동 1054 ,033-254-9245,식육(숯불구이),2026-05-27
일반음식점,춘천소바,"강원특별자치도 춘천시 사우로 170-1, 1층 (우두동)",강원특별자치도 춘천시 우두동 206-2 ,033-253-6100,한식,2026-05-27
일반음식점,쭈꾸미한판,"강원특별자치도 춘천시 보안길 59, 1층 (후평동)",강원특별자치도 춘천시 후평동 701-5 ,033-244-0792,식육(숯불구이),2026-05-27
일반음식점,소반애,"강원특별자치도 춘천시 동면 춘천로 527-58, 1층",강원특별자치도 춘천시 동면 장학리 260-1 ,033-251-6812,한식,2026-05-27
일반음식점,꽃피는하루,"강원특별자치도 춘천시 칠전서길 5-1, 1층 (칠전동)",강원특별자치도 춘천시 칠전동 628-1 ,033-2644-668,까페,2026-05-27
일반음식점,엄마의손길,"강원특별자치도 춘천시 공지로 218, 1층 (효자동)",강원특별자치도 춘천시 효자동 279-9 ,033-262-1994,분식,2026-05-27
일반음식점,라르고,"강원특별자치도 춘천시 춘주로147번길 17, 1층 (퇴계동)",강원특별자치도 춘천시 퇴계동 905-6 ,033-264-3511,기타,2026-05-27
일반음식점,용천옛날통닭석사점,"강원특별자치도 춘천시 공지로 102, 1층 (석사동)",강원특별자치도 춘천시 석사동 291-10 1층 ,033-262-9984,호프/통닭,2026-05-27
일반음식점,누나네식당,"강원특별자치도 춘천시 남산면 강촌로 335-2, 1층",강원특별자치도 춘천시 남산면 창촌리 69-2 ,033-261-2092,한식,2026-05-27
일반음식점,황제돼지갈비만천점,"강원특별자치도 춘천시 동면 만군길 12, 1층",강원특별자치도 춘천시 동면 만천리 871-1 ,033-253-8898,식육(숯불구이),2026-05-27
일반음식점,먹고먹고떡볶이,"강원특별자치도 춘천시 안마산로 199, 1층 103호 (퇴계동)",강원특별자치도 춘천시 퇴계동 87 ,033-261-3345,분식,2026-05-27
일반음식점,그래도좋아회(본점),"강원특별자치도 춘천시 춘천로 258, 1층 (후평동)",강원특별자치도 춘천시 후평동 678-15 ,033-255-8242,기타,2026-05-27
일반음식점,어반스트릿,"강원특별자치도 춘천시 동면 춘천로449번길 15, 1층",강원특별자치도 춘천시 동면 장학리 1001 ,033-252-3555,기타,2026-05-27
일반음식점,병우네칼국수,"강원특별자치도 춘천시 서부대성로44번길 12-1, 1층 (요선동)",강원특별자치도 춘천시 요선동 11-3 ,033-257-5858,식육(숯불구이),2026-05-27
일반음식점,달인각,"강원특별자치도 춘천시 백석골길 8-3, 1층 (퇴계동)",강원특별자치도 춘천시 퇴계동 799-6 ,033-256-5665,중국식,2026-05-27
일반음식점,꼬삔이공방,"강원특별자치도 춘천시 서면 박사로 927, 1층",강원특별자치도 춘천시 서면 금산리 997 ,033-244-7434,기타,2026-05-27
일반음식점,도스마스강대점,"강원특별자치도 춘천시 백령로25번길 2, 1층 (효자동)",강원특별자치도 춘천시 효자동 176-47 ,033-252-4416,기타,2026-05-27
일반음식점,힐링퓨전요리,"강원특별자치도 춘천시 후석로46번길 7, 1층 (석사동)",강원특별자치도 춘천시 석사동 666-14 ,033-257-2557,정종/대포집/소주방,2026-05-27
일반음식점,청년반점,"강원특별자치도 춘천시 행촌로 55-2, 1층 (퇴계동)",강원특별자치도 춘천시 퇴계동 593-24 ,,중국식,2026-05-27
일반음식점,정담채,"강원특별자치도 춘천시 동면 춘천순환로 469, 1층",강원특별자치도 춘천시 동면 만천리 649 ,033-256-4005,한식,2026-05-27
일반음식점,수타향,"강원특별자치도 춘천시 신북읍 문정길 6, 1층",강원특별자치도 춘천시 신북읍 율문리 256-22 ,033-241-0177,중국식,2026-05-27
일반음식점,아재불닭발,"강원특별자치도 춘천시 우묵길74번길 24, 1층 (퇴계동)",강원특별자치도 춘천시 퇴계동 1155-2 ,033-251-0237,정종/대포집/소주방,2026-05-27
일반음식점,처방전,"강원특별자치도 춘천시 중앙로77번길 23-4, 1층 (죽림동)",강원특별자치도 춘천시 죽림동 28-30 ,033-251-8179,기타,2026-05-27
일반음식점,뮤즈엔터테인먼트,"강원특별자치도 춘천시 행촌로 53, 지하1층 (퇴계동)",강원특별자치도 춘천시 퇴계동 888-1 ,033-255-9777,라이브카페,2026-05-27
일반음식점,그빵집비비,"강원특별자치도 춘천시 서부대성로 132, 1층 (운교동)",강원특별자치도 춘천시 운교동 186-8 ,033-242-1007,기타,2026-05-27
일반음식점,고릴라,"강원특별자치도 춘천시 남산면 강촌로 123, 1층",강원특별자치도 춘천시 남산면 강촌리 198-5 ,033-263-8205,기타,2026-05-27
일반음식점,행복한밥상,"강원특별자치도 춘천시 동내면 외솔길19번길 69, 1층",강원특별자치도 춘천시 동내면 거두리 1022-7 ,033-261-8668,한식,2026-05-27
일반음식점,전천후횟집,"강원특별자치도 춘천시 우석로79번길 16-21, 1층 (석사동)",강원특별자치도 춘천시 석사동 735-4 ,033-264-8448,일식,2026-05-27
일반음식점,교촌치킨퇴계2호점,"강원특별자치도 춘천시 안마산로 199, 1층 110.111호 (퇴계동)",강원특별자치도 춘천시 퇴계동 87 ,033-264-8833,호프/통닭,2026-05-27
일반음식점,왕만두,"강원특별자치도 춘천시 지석로 80, 2층 271호 (퇴계동, 춘천시너스카펠라복합빌딩)",강원특별자치도 춘천시 퇴계동 1017 ,033-269-7900,분식,2026-05-27
일반음식점,남춘천분식,"강원특별자치도 춘천시 우묵길 26, 1층 (퇴계동)",강원특별자치도 춘천시 퇴계동 1192-5 ,033-251-7705,분식,2026-05-27
일반음식점,테이스트원,"강원특별자치도 춘천시 동내면 거두택지길 93-11, 1층",강원특별자치도 춘천시 동내면 거두리 1111-1 ,033-261-5666,경양식,2026-05-27
일반음식점,마코토프리미엄,"강원특별자치도 춘천시 안마산로 169-4, 2층 (퇴계동)",강원특별자치도 춘천시 퇴계동 152-36 ,033-261-4237,일식,2026-05-27
일반음식점,따봉마라탕,"강원특별자치도 춘천시 퇴계농공로 11, 스타플러스빌딩 1층 102호 (석사동)",강원특별자치도 춘천시 석사동 888-1 ,033-262-3888,분식,2026-05-27
일반음식점,정선달,"강원특별자치도 춘천시 우묵길56번길 8, 1층 (퇴계동)",강원특별자치도 춘천시 퇴계동 1189-2 ,033-256-3392,한식,2026-05-27
일반음식점,하마집,"강원특별자치도 춘천시 후석로369번길 2, 1층 (후평동)",강원특별자치도 춘천시 후평동 709-20 ,033-257-4233,분식,2026-05-27
일반음식점,마음이머무는곳,"강원특별자치도 춘천시 공지로 367, 지하1층 24,25호 (효자동, 남부시장)","강원특별자치도 춘천시 효자동 684-11 남부시장지하1층 24,25호",033-254-4244,한식,2026-05-27
일반음식점,오니김밥,"강원특별자치도 춘천시 충혼길34번길 9, 1층 (온의동)",강원특별자치도 춘천시 온의동 526-4 ,033-252-9677,분식,2026-05-27
일반음식점,쿠잉(Cafe cooing),"강원특별자치도 춘천시 칠전서길 13, 1층 (칠전동)",강원특별자치도 춘천시 칠전동 622-8 ,033-262-1716,기타,2026-05-27
일반음식점,태양부양꼬치거두직영점,"강원특별자치도 춘천시 동내면 춘천순환로116번길 7, 1층",강원특별자치도 춘천시 동내면 거두리 716-15 ,033-261-4888,기타,2026-05-27
일반음식점,국밥참맛있는집춘천퇴계점,"강원특별자치도 춘천시 춘주로187번길 9, 1층 (퇴계동)",강원특별자치도 춘천시 퇴계동 907 ,033-257-0830,기타,2026-05-27
일반음식점,한가족숯불닭갈비,"강원특별자치도 춘천시 신동면 실레길 10, 1층",강원특별자치도 춘천시 신동면 증리 864 ,033-263-8300,기타,2026-05-27
일반음식점,쌈육정,"강원특별자치도 춘천시 후석로59번길 10-24, 1층 (석사동)",강원특별자치도 춘천시 석사동 644 ,033-913-0555,기타,2026-05-27
일반음식점,팔봉스넥,"강원특별자치도 춘천시 교운길 1, 1층 (운교동)",강원특별자치도 춘천시 운교동 188-10 ,033-257-5205,기타,2026-05-27
일반음식점,인생고기,"강원특별자치도 춘천시 승지골길 3-4, 1층 (퇴계동)",강원특별자치도 춘천시 퇴계동 1008-6 ,033-262-1966,탕류(보신용),2026-05-27
일반음식점,가리미김밥석사세경점,"강원특별자치도 춘천시 남춘천새길 39, 1층 (효자동)",강원특별자치도 춘천시 효자동 300-24 ,033-257-6643,분식,2026-05-27
일반음식점,청춘꼬마김밥앤떡볶이본점,"강원특별자치도 춘천시 퇴계농공로 12, 1층 105호 (석사동, 로얄프라자)",강원특별자치도 춘천시 석사동 880-1 ,033-264-2640,분식,2026-05-27
일반음식점,바른치킨춘천온의롯데캐슬점,"강원특별자치도 춘천시 방송길 70, 117동 1층 116호 (온의동, 롯데캐슬스카이플레스)",강원특별자치도 춘천시 온의동 590 ,033-251-6999,호프/통닭,2026-05-27
일반음식점,부부횟집,"강원특별자치도 춘천시 효자로 22, 1층 (퇴계동)",강원특별자치도 춘천시 퇴계동 1140 ,033-256-2100,횟집,2026-05-27
일반음식점,오케이치킨온의점,"강원특별자치도 춘천시 방송길 70, 117동 1층 117호 (온의동, 롯데캐슬스카이클래스)",강원특별자치도 춘천시 온의동 590 ,033-256-5757,호프/통닭,2026-05-27
일반음식점,카페캐빈,"강원특별자치도 춘천시 남면 버들길 60-7, 1층",강원특별자치도 춘천시 남면 후동리 367-2 ,070-8288-7777,기타,2026-05-27
일반음식점,수라상,"강원특별자치도 춘천시 소양고개길 47, 1층 (요선동)",강원특별자치도 춘천시 요선동 11-10 ,033-255-1752,식육(숯불구이),2026-05-27
일반음식점,산수야,"강원특별자치도 춘천시 우두길 71-52, 1층 (사농동)",강원특별자치도 춘천시 사농동 190-1 ,033-261-7870,식육(숯불구이),2026-05-27
일반음식점,스윙까페앤베이커리,"강원특별자치도 춘천시 남산면 남이섬길 1, 1층",강원특별자치도 춘천시 남산면 방하리 197 ,031-580-8020,기타,2026-05-27
일반음식점,신전떡볶이강원대점,"강원특별자치도 춘천시 서부대성로 234, 1층 (효자동)",강원특별자치도 춘천시 효자동 627-13 ,033-244-4747,분식,2026-05-27
일반음식점,전통한우백년,"강원특별자치도 춘천시 동면 만천로 91, 1층",강원특별자치도 춘천시 동면 만천리 587-3 ,033-252-8328,식육(숯불구이),2026-05-27
일반음식점,작은식당,"강원특별자치도 춘천시 공지로 246, 1층 (효자동)",강원특별자치도 춘천시 효자동 326 ,033-264-7719,기타,2026-05-27
일반음식점,웰빙한정식소반,"강원특별자치도 춘천시 스무숲4길 27, 1층 (석사동)",강원특별자치도 춘천시 석사동 961-2 ,033-262-2073,한식,2026-05-27
일반음식점,참새방앗간,"강원특별자치도 춘천시 석사길 9, 1층 (석사동)",강원특별자치도 춘천시 석사동 667-5 ,,한식,2026-05-27
일반음식점,그라시아,"강원특별자치도 춘천시 교동길9번길 10, 1,2층 (교동)",강원특별자치도 춘천시 교동 148-4 ,,기타,2026-05-27
일반음식점,하나축산정육식당,"강원특별자치도 춘천시 우묵길56번길 12, 1층 (퇴계동)",강원특별자치도 춘천시 퇴계동 1189-4 ,033-257-4534,기타,2026-05-27
일반음식점,만리향,"강원특별자치도 춘천시 명동길29번길 4-5, 1층 (죽림동)",강원특별자치도 춘천시 죽림동 11-77 ,033-251-2227,중국식,2026-05-27
일반음식점,꼬꼬메이플가든,"강원특별자치도 춘천시 동내면 동내로 195, 1,2층",강원특별자치도 춘천시 동내면 고은리 500-1 ,033-261-2828,식육(숯불구이),2026-05-27
일반음식점,나비드,"강원특별자치도 춘천시 남면 박암관천길 431-6, B동",강원특별자치도 춘천시 남면 박암리 192 ,,기타,2026-05-27
일반음식점,착한낙지춘천점,"강원특별자치도 춘천시 국사봉길 98, 1층 (퇴계동)",강원특별자치도 춘천시 퇴계동 462-6 ,033-252-5393,한식,2026-05-27
일반음식점,승우(承牛),"강원특별자치도 춘천시 퇴계로145번길 15-10, 1층 (퇴계동)",강원특별자치도 춘천시 퇴계동 952-4 ,,한식,2026-05-27
일반음식점,밀보리손칼국수,"강원특별자치도 춘천시 동내면 외솔길19번길 56-19, 1층",강원특별자치도 춘천시 동내면 거두리 1042-1 ,033-262-3113,한식,2026-05-27
일반음식점,라데나골프클럽(스타트하우스),"강원특별자치도 춘천시 신동면 칠전동길 72, 1층",강원특별자치도 춘천시 신동면 정족리 1007-1 ,033-260-1353,기타,2026-05-27
일반음식점,페리카나석사점,"강원특별자치도 춘천시 공지로252번길 4, 1층 (효자동)",강원특별자치도 춘천시 효자동 325-17 ,033-254-8901,기타,2026-05-27
일반음식점,백년갈비춘천점,"강원특별자치도 춘천시 후석로455번길 44, 1층 (후평동)",강원특별자치도 춘천시 후평동 543-5 ,033-244-0114,식육(숯불구이),2026-05-27
일반음식점,부다페스트,"강원특별자치도 춘천시 우묵길78번길 18, 2~3층 (퇴계동)",강원특별자치도 춘천시 퇴계동 1153 ,033-256-4001,기타,2026-05-27
일반음식점,히든밸리,"강원특별자치도 춘천시 남산면 북한강변길 812-26, 1층",강원특별자치도 춘천시 남산면 강촌리 642 ,033-261-1115,식육(숯불구이),2026-05-27
일반음식점,파스따남,"강원특별자치도 춘천시 우석로4번길 15-1, 1층 (석사동)",강원특별자치도 춘천시 석사동 778-7 ,033-261-2221,기타,2026-05-27
일반음식점,돌다리야채곱창,"강원특별자치도 춘천시 서부대성로 211-1, 1층 (효자동)",강원특별자치도 춘천시 효자동 618-10 ,033-242-9637,기타,2026-05-27
일반음식점,삐오옛날통닭,"강원특별자치도 춘천시 춘주로 201, 1층 (퇴계동)",강원특별자치도 춘천시 퇴계동 894-2 ,033-910-4429,호프/통닭,2026-05-27
일반음식점,올블루,"강원특별자치도 춘천시 후만로 91, 1층 (후평동)",강원특별자치도 춘천시 후평동 807-12 ,033-251-0990,분식,2026-05-27
일반음식점,철길부산집애막골점,"강원특별자치도 춘천시 애막골길7번길 20-1, 1층 (석사동)",강원특별자치도 춘천시 석사동 741-1 ,,한식,2026-05-27
일반음식점,동해어장,"강원특별자치도 춘천시 우묵길78번길 7, 1층 (퇴계동)",강원특별자치도 춘천시 퇴계동 1137-3 ,033-257-2090,횟집,2026-05-27
일반음식점,희락,"강원특별자치도 춘천시 우석로85번길 20-11, 1층 (석사동)",강원특별자치도 춘천시 석사동 726-4 ,033-253-1258,횟집,2026-05-27
일반음식점,밀두레,"강원특별자치도 춘천시 당간지주길 71-15, 1층 (근화동)",강원특별자치도 춘천시 근화동 796-6 ,033-256-3677,호프/통닭,2026-05-27
일반음식점,국수나무춘천장학점,"강원특별자치도 춘천시 동면 춘천로 451-1, 1층",강원특별자치도 춘천시 동면 장학리 1007-1 ,033-242-0065,분식,2026-05-27
일반음식점,청춘봄봄,"강원특별자치도 춘천시 남춘로 33-1, 1층 (퇴계동)",강원특별자치도 춘천시 퇴계동 343-11 ,,기타,2026-05-27
일반음식점,위안바오(YUAN BAO),"강원특별자치도 춘천시 명동길 21, 2층 (죽림동)",강원특별자치도 춘천시 죽림동 6-20 ,033-244-7772,"외국음식전문점(인도,태국등)",2026-05-27
일반음식점,한울타리,"강원특별자치도 춘천시 중앙로 167, 1층 (근화동)",강원특별자치도 춘천시 근화동 709-14 ,033-253-6818,한식,2026-05-27
일반음식점,대청마루거두점,"강원특별자치도 춘천시 동내면 공지로 70-63, 1층",강원특별자치도 춘천시 동내면 거두리 933-3 ,033-261-3451,기타,2026-05-27
일반음식점,흥주푸드,"강원특별자치도 춘천시 동면 춘천로449번길 26-2, 1층",강원특별자치도 춘천시 동면 장학리 997-5 ,033-244-7111,기타,2026-05-27
일반음식점,부산아지매 생선구이,"강원특별자치도 춘천시 솟발1길 4-37, 1층 (퇴계동)",강원특별자치도 춘천시 퇴계동 493-11 ,033-262-5226,한식,2026-05-27
일반음식점,삼태기,"강원특별자치도 춘천시 중앙로 167, 2층 (근화동)",강원특별자치도 춘천시 근화동 709-14 ,,기타,2026-05-27
일반음식점,강촌이모네,"강원특별자치도 춘천시 남산면 강촌구곡길 51, 1층",강원특별자치도 춘천시 남산면 강촌리 328-2 ,,한식,2026-05-27
일반음식점,춘천민물장어,강원특별자치도 춘천시 동내면 거두택지길 41-93,강원특별자치도 춘천시 동내면 거두리 827-4 ,033-263-8252,식육(숯불구이),2026-05-27
일반음식점,연꽃(lotus),"강원특별자치도 춘천시 스무숲1길 36-2, 1층 (석사동)",강원특별자치도 춘천시 석사동 913-10 1층 ,033-263-5084,감성주점,2026-05-27
일반음식점,김영자원조나주곰탕춘천점,"강원특별자치도 춘천시 서부대성로 108, 1층 (조양동)",강원특별자치도 춘천시 조양동 6-270 ,033-242-7229,한식,2026-05-27
일반음식점,임가네,"강원특별자치도 춘천시 새롬공원길 25, 1층 (석사동)",강원특별자치도 춘천시 석사동 832-1 ,033-262-5245,기타,2026-05-27
일반음식점,신북농협한우프라자,"강원특별자치도 춘천시 동면 춘천순환로 901, 2층 (신북농업협동조합내)",강원특별자치도 춘천시 동면 장학리 450 외2팔자 ,033-243-9715,기타,2026-05-27
일반음식점,송암골평창송어춘천점,"강원특별자치도 춘천시 공지로 345, 2층 (효자동, 수협바다마트내)",강원특별자치도 춘천시 효자동 692-1 ,033-261-0407,횟집,2026-05-27
일반음식점,들림,"강원특별자치도 춘천시 후석로45번길 9, 지하1층 (석사동)",강원특별자치도 춘천시 석사동 654-8 ,033-253-7162,정종/대포집/소주방,2026-05-27
일반음식점,구가네찹쌀탕수육,"강원특별자치도 춘천시 퇴계로145번길 7-11, 1층 (퇴계동)",강원특별자치도 춘천시 퇴계동 961-1 ,033-261-9961,기타,2026-05-27
일반음식점,러스틱컴포트,"강원특별자치도 춘천시 후석로186번길 24-1, 1층 (석사동)",강원특별자치도 춘천시 석사동 726-12 ,033-262-9280,호프/통닭,2026-05-27
일반음식점,바텐더(Bar 10 Der),"강원특별자치도 춘천시 애막골길11번길 2, 1층 (석사동)",강원특별자치도 춘천시 석사동 748-18 ,,기타,2026-05-27
일반음식점,원타코,"강원특별자치도 춘천시 백령로 137, 1층 102호 (효자동)",강원특별자치도 춘천시 효자동 618-13 ,033-263-5957,호프/통닭,2026-05-27
일반음식점,항아리,"강원특별자치도 춘천시 서면 신매길 3, 1층",강원특별자치도 춘천시 서면 신매리 168-3 ,033-255-5545,기타,2026-05-27
일반음식점,농장의집(영양탕),"강원특별자치도 춘천시 동면 서부대성로 446-1, 1층",강원특별자치도 춘천시 동면 만천리 529-8 ,033-255-5429,탕류(보신용),2026-05-27
일반음식점,으뜸갈비랑붕어네치킨&대단한요거트춘천온의점,"강원특별자치도 춘천시 영서로 2352-12, 풍물시장 5동 4,5호 (온의동)","강원특별자치도 춘천시 온의동 45-2 풍물시장 5동 4,5호",033-256-7892,기타,2026-05-27
일반음식점,봄래원(봄이오는정원),"강원특별자치도 춘천시 옥천길 45, 1층 (옥천동)",강원특별자치도 춘천시 옥천동 21 외1필지 ,033-244-0818,한식,2026-05-27
일반음식점,대파솥뚜껑삼겹살,"강원특별자치도 춘천시 보안길 42-1, 1,2층 (후평동)",강원특별자치도 춘천시 후평동 43-6 ,,식육(숯불구이),2026-05-27
일반음식점,엉터리해장국춘천점,"강원특별자치도 춘천시 동내면 거두택지길14번길 6, 1층",강원특별자치도 춘천시 동내면 거두리 950-7 ,033-257-6449,분식,2026-05-27
일반음식점,육향가득한소담송하,"강원특별자치도 춘천시 동내면 춘천순환로 135, 1층",강원특별자치도 춘천시 동내면 거두리 1058-3 ,033-264-1110,한식,2026-05-27
일반음식점,소양강맛집곤드레나물밥,"강원특별자치도 춘천시 신북읍 신샘밭로 433, 1층",강원특별자치도 춘천시 신북읍 율문리 48-8 ,033-244-9952,한식,2026-05-27
일반음식점,훈짬뽕,강원특별자치도 춘천시 효자로14번길 7 (퇴계동),강원특별자치도 춘천시 퇴계동 1144-8 ,033-255-9955,식육(숯불구이),2026-05-27
일반음식점,깐부치킨춘천온의롯데캐슬점,"강원특별자치도 춘천시 방송길 70, 117동 1층 121호 (온의동, 롯데캐슬스카이클래스)",강원특별자치도 춘천시 온의동 590 ,033-912-9982,호프/통닭,2026-05-27
일반음식점,우리콩손두부,"강원특별자치도 춘천시 동내면 춘천순환로72번길 52, 1층",강원특별자치도 춘천시 동내면 거두리 982-7 ,033-256-4719,한식,2026-05-27
일반음식점,순이네분식,"강원특별자치도 춘천시 춘천로296번길 6, 1층 (후평동)",강원특별자치도 춘천시 후평동 687-12 ,,분식,2026-05-27
일반음식점,라비에벨듄스코스대식당,"강원특별자치도 춘천시 동산면 종자리로 436, 라비에벨 컨트리클럽",강원특별자치도 춘천시 동산면 조양리 산 199 라비에벨 컨트리클럽 ,033-245-7100,기타,2026-05-27
일반음식점,라비에벨듄스코스4T그늘집식당,"강원특별자치도 춘천시 동산면 종자리로 436, 라비에벨 컨트리클럽",강원특별자치도 춘천시 동산면 조양리 산 199 라비에벨 컨트리클럽 ,033-245-7100,기타,2026-05-27
일반음식점,라비에벨듄스코스14T그늘집식당,"강원특별자치도 춘천시 동산면 종자리로 436, 라비에벨 컨트리클럽",강원특별자치도 춘천시 동산면 조양리 산 199 라비에벨 컨트리클럽 ,033-245-7100,기타,2026-05-27
일반음식점,솔향기,"강원특별자치도 춘천시 동산면 종자리로 97-15, 1층",강원특별자치도 춘천시 동산면 군자리 968 ,033-261-5166,한식,2026-05-27
일반음식점,카페19,"강원특별자치도 춘천시 동내면 거두택지길44번길 7-12, 1층",강원특별자치도 춘천시 동내면 거두리 1127-1 ,,분식,2026-05-27
일반음식점,꽃술래,"강원특별자치도 춘천시 춘천로67번길 7, 1층 (효자동)",강원특별자치도 춘천시 효자동 682-12 ,033-241-0322,정종/대포집/소주방,2026-05-27
일반음식점,콘서트7080,"강원특별자치도 춘천시 행촌로32번길 1, 2층 (퇴계동)",강원특별자치도 춘천시 퇴계동 902-7 ,,라이브카페,2026-05-27
일반음식점,큰집장대박,"강원특별자치도 춘천시 효자로14번길 11, 1층 (퇴계동)",강원특별자치도 춘천시 퇴계동 1144-6 ,033-251-8877,한식,2026-05-27
일반음식점,유명한맛돼지,"강원특별자치도 춘천시 지석로 89, 1층 102,103,104호 (석사동, 더퍼스트)",강원특별자치도 춘천시 석사동 888-5 ,033-264-9249,식육(숯불구이),2026-05-27
일반음식점,오늘,"강원특별자치도 춘천시 후석로 415-1, 1층 (후평동)",강원특별자치도 춘천시 후평동 714-14 ,,한식,2026-05-27
일반음식점,동이맛집,"강원특별자치도 춘천시 스무숲1길 42-6, 1층 (석사동)",강원특별자치도 춘천시 석사동 919-7 ,033-262-5078,한식,2026-05-27
일반음식점,춘천스카이워크닭갈비막국수,"강원특별자치도 춘천시 영서로 2668-20, 1층 (소양로1가)",강원특별자치도 춘천시 소양로1가 101-6 ,033-256-0998,한식,2026-05-27
일반음식점,송가네진국닭곰탕,"강원특별자치도 춘천시 춘주로193번길 9, 1층 (퇴계동)",강원특별자치도 춘천시 퇴계동 897-6 ,,한식,2026-05-27
일반음식점,노아,"강원특별자치도 춘천시 후만로116번길 34, 1층 (후평동)",강원특별자치도 춘천시 후평동 883 1층 ,,기타,2026-05-27
일반음식점,홍콩반점0410 춘천거두리점,"강원특별자치도 춘천시 동내면 춘천순환로94번길 13, 1층 101호",강원특별자치도 춘천시 동내면 거두리 1075-1 ,033-261-2535,기타,2026-05-27
일반음식점,춘천장어빌리지,강원특별자치도 춘천시 신북읍 사랑말길 145,강원특별자치도 춘천시 신북읍 율문리 437-1 외1필지(437-3) ,033-244-8213,식육(숯불구이),2026-05-27
일반음식점,또또와수산,"강원특별자치도 춘천시 공원4길 19-1, 1층 (퇴계동)",강원특별자치도 춘천시 퇴계동 890-7 ,,횟집,2026-05-27
일반음식점,가마솥순대국거두점,"강원특별자치도 춘천시 동내면 춘천순환로94번길 13, 1층 103,104호",강원특별자치도 춘천시 동내면 거두리 1075-1 ,033-264-5565,식육(숯불구이),2026-05-27
일반음식점,거두포차,"강원특별자치도 춘천시 동내면 춘천순환로72번길 39, 1층",강원특별자치도 춘천시 동내면 거두리 958-4 ,033-261-4431,정종/대포집/소주방,2026-05-27
일반음식점,단하비,"강원특별자치도 춘천시 서부대성로 235, 2층 (효자동)",강원특별자치도 춘천시 효자동 628-9 ,033-254-0235,경양식,2026-05-27
일반음식점,소양손두부,"강원특별자치도 춘천시 소양로219번길 6, 1층 (소양로1가)",강원특별자치도 춘천시 소양로1가 101-5 외1필지 ,033-254-5157,한식,2026-05-27
일반음식점,BHC춘천동광오거리점,"강원특별자치도 춘천시 춘천로 359, 1층 (후평동)",강원특별자치도 춘천시 후평동 721-18 ,033-242-4849,호프/통닭,2026-05-27
일반음식점,투썸플레이스춘천사농점(2),"강원특별자치도 춘천시 영서로 2938, 1층 (사농동)",강원특별자치도 춘천시 사농동 365 ,033-242-0807,기타,2026-05-27
일반음식점,우리형닭갈비,"강원특별자치도 춘천시 칠전서길 42-18, 1층 (칠전동)",강원특별자치도 춘천시 칠전동 556-7 ,033-254-0057,한식,2026-05-27
일반음식점,초빈닭갈비,"강원특별자치도 춘천시 애막골길11번길 24, 1층 (석사동)",강원특별자치도 춘천시 석사동 735-13 ,033-262-4999,한식,2026-05-27
일반음식점,79대포춘천강원대점,"강원특별자치도 춘천시 서부대성로239번길 3, 1층 (효자동)",강원특별자치도 춘천시 효자동 628-11 ,,식육(숯불구이),2026-05-27
일반음식점,만텐,"강원특별자치도 춘천시 퇴계로93번길 18, 1층 (퇴계동)",강원특별자치도 춘천시 퇴계동 396-30 ,033-263-7282,정종/대포집/소주방,2026-05-27
일반음식점,아우와,"강원특별자치도 춘천시 동면 춘천순환로 720, 1층",강원특별자치도 춘천시 동면 장학리 786-3 ,033-257-0205,한식,2026-05-27
일반음식점,스테이블,"강원특별자치도 춘천시 영서로 2662, 2~3층 (근화동)","강원특별자치도 춘천시 근화동 796-11 2층,3층 ",033-256-5789,경양식,2026-05-27
일반음식점,어깨동무,"강원특별자치도 춘천시 새롬공원길 22-1, 2층 (석사동)",강원특별자치도 춘천시 석사동 827-4 ,033-263-7090,라이브카페,2026-05-27
일반음식점,공심원,"강원특별자치도 춘천시 남산면 남이섬길 1, 2층",강원특별자치도 춘천시 남산면 방하리 197 ,031-580-8125,한식,2026-05-27
일반음식점,룽타우,"강원특별자치도 춘천시 효제길 1, 1층 (효자동)",강원특별자치도 춘천시 효자동 147-21 ,033-255-1321,중국식,2026-05-27
일반음식점,큰길낙지볶음,"강원특별자치도 춘천시 후석로420번길 7, 2층 A201호 (후평동)",강원특별자치도 춘천시 후평동 558-1 ,033-255-9294,한식,2026-05-27
일반음식점,위위하우스,"강원특별자치도 춘천시 동면 도일길 12, 1동 1층",강원특별자치도 춘천시 동면 만천리 858-5 ,070-4216-4516,기타,2026-05-27
일반음식점,카츠도,"강원특별자치도 춘천시 시청길10번길 18, 1층 (조양동)",강원특별자치도 춘천시 조양동 48-2 ,033-262-1011,경양식,2026-05-27
일반음식점,아재네구이,"강원특별자치도 춘천시 행촌로 45, 1층 (퇴계동, 좌측상가)",강원특별자치도 춘천시 퇴계동 889-2 ,033-243-9111,한식,2026-05-27
일반음식점,마하싯다커리,"강원특별자치도 춘천시 중앙로67번길 18, 2동 2층 2201~4호 (죽림동, 브라운상가)",강원특별자치도 춘천시 죽림동 189 ,033-254-6600,기타,2026-05-27
일반음식점,호담,"강원특별자치도 춘천시 서부대성로 159, 1층 (효자동)",강원특별자치도 춘천시 효자동 643-8 ,,중국식,2026-05-27
일반음식점,은희네웰빙튀김집,"강원특별자치도 춘천시 춘천로296번길 13, 1층 (후평동)",강원특별자치도 춘천시 후평동 690-1 ,,한식,2026-05-27
일반음식점,은주식당,"강원특별자치도 춘천시 춘천로186번길 19, 1층 (효자동)",강원특별자치도 춘천시 효자동 658-1 ,033-910-5767,식육(숯불구이),2026-05-27
일반음식점,남춘천명가,"강원특별자치도 춘천시 충혼길 4, 1층 (퇴계동)",강원특별자치도 춘천시 퇴계동 628-3 ,033-256-6222,한식,2026-05-27
일반음식점,도원갈비,"강원특별자치도 춘천시 동면 춘천로 502, 2층",강원특별자치도 춘천시 동면 장학리 220-7 ,033-263-2292,한식,2026-05-27
일반음식점,전주장작불곰탕2호점,강원특별자치도 춘천시 동내면 영서로 1848,강원특별자치도 춘천시 동내면 학곡리 409-1 ,033-264-4408,한식,2026-05-27
일반음식점,남춘천호반닭갈비,"강원특별자치도 춘천시 충혼길5번길 5, 1층 (퇴계동)",강원특별자치도 춘천시 퇴계동 875-3 ,033-255-9245,기타,2026-05-27
일반음식점,와사비,"강원특별자치도 춘천시 우석로 40, 1층 (석사동)",강원특별자치도 춘천시 석사동 764-8 ,033-261-7774,기타,2026-05-27
일반음식점,진영베트남쌀국수(JIN YOUNG),"강원특별자치도 춘천시 서부대성로 223-3, 1층 (효자동)",강원특별자치도 춘천시 효자동 626-9 ,033-251-7877,정종/대포집/소주방,2026-05-27
일반음식점,엉클스게스트하우스,"강원특별자치도 춘천시 남산면 북한강변길 18, 1층",강원특별자치도 춘천시 남산면 서천리 681-7 ,,기타,2026-05-27
일반음식점,커피밀,"강원특별자치도 춘천시 백령로 146, 2층 (효자동)",강원특별자치도 춘천시 효자동 20-13 ,033-263-5706,기타,2026-05-27
일반음식점,도란도란,"강원특별자치도 춘천시 중앙로77번길 25-1, 1층 (죽림동)",강원특별자치도 춘천시 죽림동 28-17 ,033-251-5393,정종/대포집/소주방,2026-05-27
일반음식점,스카이컨벤션웨딩(주),"강원특별자치도 춘천시 동면 춘천순환로 770, 지하1,지상2,3층",강원특별자치도 춘천시 동면 장학리 684 외3 필지 ,033-254-1000,뷔페식,2026-05-27
일반음식점,권바우푸드시스템,강원특별자치도 춘천시 솟발1길 4-13 (퇴계동),강원특별자치도 춘천시 퇴계동 491-10 ,033-252-0019,한식,2026-05-27
일반음식점,멋갤러리카페,"강원특별자치도 춘천시 남춘로55번길 14, 1층 (효자동)",강원특별자치도 춘천시 효자동 707-12 ,033-255-3289,기타,2026-05-27
일반음식점,복순이아구찜,"강원특별자치도 춘천시 동면 춘천로449번길 15-2, 1층",강원특별자치도 춘천시 동면 장학리 1001-2 ,033-251-3330,한식,2026-05-27
일반음식점,데이빗하우스,"강원특별자치도 춘천시 스무숲길 1, 1.4층 (석사동)",강원특별자치도 춘천시 석사동 904-1 ,070-8873-8188,기타,2026-05-27
일반음식점,브릭스피자,"강원특별자치도 춘천시 서부대성로 255, 2층 (효자동)",강원특별자치도 춘천시 효자동 633-11 ,033-911-9023,기타,2026-05-27
일반음식점,산애그린,"강원특별자치도 춘천시 공지로 55, 1층 (석사동)",강원특별자치도 춘천시 석사동 116-3 ,033-261-0027,식육(숯불구이),2026-05-27
일반음식점,심야,"강원특별자치도 춘천시 우석로67번길 19, 1층 (석사동)",강원특별자치도 춘천시 석사동 750-2 ,033-264-1129,식육(숯불구이),2026-05-27
일반음식점,우리동네,"강원특별자치도 춘천시 영서로 2352-12, 5동 1호 (온의동, 풍물시장)",강원특별자치도 춘천시 온의동 29-3 ,033-257-3573,분식,2026-05-27
일반음식점,거두리닭갈비,"강원특별자치도 춘천시 동내면 외솔길19번길 80-42, 1층",강원특별자치도 춘천시 동내면 거두리 1055-3 ,033-263-9998,한식,2026-05-27
일반음식점,신짬뽕,"강원특별자치도 춘천시 춘천로281번길 6, 나동 1층 (후평동)",강원특별자치도 춘천시 후평동 686 ,033-251-3020,중국식,2026-05-27
일반음식점,주안이네왕만두칠전점,"강원특별자치도 춘천시 칠전서길 5-4, 1층 (칠전동)",강원특별자치도 춘천시 칠전동 626-9 ,033-264-2582,분식,2026-05-27
일반음식점,크래프트한스온의점,"강원특별자치도 춘천시 춘천로17번길 31, 2층 201호 (온의동, 더스위트캐슬)",강원특별자치도 춘천시 온의동 587-3 ,033-253-5671,기타,2026-05-27
일반음식점,북달달,"강원특별자치도 춘천시 칠전동길 23, 1층 (칠전동)",강원특별자치도 춘천시 칠전동 641-14 ,,기타,2026-05-27
일반음식점,교촌치킨춘천시청점,"강원특별자치도 춘천시 금강로 24, 1층 (소양로3가)",강원특별자치도 춘천시 소양로3가 181-9 ,033-254-1991,호프/통닭,2026-05-27
일반음식점,한잔의추억,"강원특별자치도 춘천시 후석로186번길 30-4, 지하1층 (석사동)",강원특별자치도 춘천시 석사동 726-1 ,033-261-9926,정종/대포집/소주방,2026-05-27
일반음식점,파이어메이플캠핑장,"강원특별자치도 춘천시 남산면 홍천강변길 476, 1층",강원특별자치도 춘천시 남산면 산수리 458 ,,기타,2026-05-27
일반음식점,황소닭갈비본점,"강원특별자치도 춘천시 안마산로 34-16, 1층 (온의동)",강원특별자치도 춘천시 온의동 330-5 ,033-242-6445,한식,2026-05-27
일반음식점,용앤몽,"강원특별자치도 춘천시 석사길 11, 1층 (석사동, 우측)",강원특별자치도 춘천시 석사동 667-4 ,033-264-2557,한식,2026-05-27
일반음식점,고구려반점,"강원특별자치도 춘천시 동면 춘천순환로 551, 1층",강원특별자치도 춘천시 동면 장학리 174-2 ,033-242-3755,중국식,2026-05-27
일반음식점,육경,"강원특별자치도 춘천시 춘주로147번길 13-1, 1층 (퇴계동)",강원특별자치도 춘천시 퇴계동 904 ,,기타,2026-05-27
일반음식점,진선미생삼겹살,"강원특별자치도 춘천시 스포츠타운길 529-3, 1층 (온의동)",강원특별자치도 춘천시 온의동 65-56 ,033-252-6485,한식,2026-05-27
일반음식점,백암순대,"강원특별자치도 춘천시 동내면 영서로 1771, 1층",강원특별자치도 춘천시 동내면 학곡리 306-17 ,033-251-3124,식육(숯불구이),2026-05-27
일반음식점,춘천제일닭갈비,"강원특별자치도 춘천시 새롬공원길 22-1, 1층 (석사동)",강원특별자치도 춘천시 석사동 827-4 , 033-263-9399,식육(숯불구이),2026-05-27
일반음식점,하노이별퇴계점,"강원특별자치도 춘천시 퇴계농공로 12, 107호 (석사동)",강원특별자치도 춘천시 석사동 880-1 107호,033-264-8303,"외국음식전문점(인도,태국등)",2026-05-27
일반음식점,733,"강원특별자치도 춘천시 신북읍 신샘밭로 733, 상가동 1층 101호",강원특별자치도 춘천시 신북읍 천전리 1352 ,033-243-9620,분식,2026-05-27
일반음식점,착한밥상,"강원특별자치도 춘천시 퇴계공단길 24, 1층 (퇴계동)",강원특별자치도 춘천시 퇴계동 864 ,033-261-0178,한식,2026-05-27
일반음식점,본탄,"강원특별자치도 춘천시 애막골길11번길 5-1, 1층 (석사동)",강원특별자치도 춘천시 석사동 749-4 ,033-262-9994,식육(숯불구이),2026-05-27
일반음식점,대박푸줏간,"강원특별자치도 춘천시 퇴계로77번길 7-13, 1층 (퇴계동)",강원특별자치도 춘천시 퇴계동 370-25 ,033-255-9293,식육(숯불구이),2026-05-27
일반음식점,이모네한식,"강원특별자치도 춘천시 후석로45번길 11-1, 1층 (석사동)",강원특별자치도 춘천시 석사동 654-6 ,,한식,2026-05-27
일반음식점,시나브로,"강원특별자치도 춘천시 만천로199번길 27, 1층 (후평동)",강원특별자치도 춘천시 후평동 736 ,,기타,2026-05-27
일반음식점,두부랑동태랑,"강원특별자치도 춘천시 동산면 종자리로 331-22, 주2동 1층",강원특별자치도 춘천시 동산면 군자리 703-1 ,033-264-1444,한식,2026-05-27
일반음식점,세실리아,"강원특별자치도 춘천시 우석로 22, 1층 (석사동)",강원특별자치도 춘천시 석사동 771-4 ,033-263-0073,기타,2026-05-27
일반음식점,주식회사영애푸드,"강원특별자치도 춘천시 스포츠타운길 529-15, 2층 204호 (온의동, 보배아파트상가)",강원특별자치도 춘천시 온의동 509 ,,분식,2026-05-27
일반음식점,윤식당,"강원특별자치도 춘천시 기와집길 8, 1층 (소양로2가)",강원특별자치도 춘천시 소양로2가 96-3 ,,한식,2026-05-27
일반음식점,감돈,"강원특별자치도 춘천시 동내면 거두택지길4번길 7-13, 1층",강원특별자치도 춘천시 동내면 거두리 948-10 ,033-264-9293,식육(숯불구이),2026-05-27
일반음식점,춘천일품양무한리필,"강원특별자치도 춘천시 스무숲1길 4-8, 1층 (석사동)",강원특별자치도 춘천시 석사동 911-4 ,033-264-3350,식육(숯불구이),2026-05-27
일반음식점,주식회사통나무집숯불닭갈비,"강원특별자치도 춘천시 신북읍 신샘밭로 655, 1,2층",강원특별자치도 춘천시 신북읍 천전리 97-5 ,033-242-5991,한식,2026-05-27
일반음식점,한뚝수육국밥,"강원특별자치도 춘천시 퇴계로 80, 1층 (퇴계동)",강원특별자치도 춘천시 퇴계동 1168 ,033-255-9882,한식,2026-05-27
일반음식점,수옛날통닭,"강원특별자치도 춘천시 퇴계로 97, 1층 102호 (퇴계동)",강원특별자치도 춘천시 퇴계동 1094 ,,호프/통닭,2026-05-27
일반음식점,장호더그릴,"강원특별자치도 춘천시 신북읍 신샘밭로 682, 1~2층",강원특별자치도 춘천시 신북읍 천전리 100-25 ,033-243-9293,한식,2026-05-27
일반음식점,메가박스남춘천점,"강원특별자치도 춘천시 춘천로17번길 17, 2층 (온의동)",강원특별자치도 춘천시 온의동 587-8 외 1필지 ,033-241-1000,기타,2026-05-27
일반음식점,조박사춘천옥돌포차,"강원특별자치도 춘천시 후석로45번길 14, 1층 (석사동)",강원특별자치도 춘천시 석사동 651-16 ,033-263-3566,정종/대포집/소주방,2026-05-27
일반음식점,치즈보이,"강원특별자치도 춘천시 백령로147번길 13, 1층 (효자동)",강원특별자치도 춘천시 효자동 620-2 ,070-7798-8880,기타,2026-05-27
일반음식점,참조은보리밥,"강원특별자치도 춘천시 효제길 13-1, 1층 (효자동)",강원특별자치도 춘천시 효자동 150-14 ,033-251-8281,한식,2026-05-27
일반음식점,조은숯불구이,"강원특별자치도 춘천시 남산면 한치로 110, 1층",강원특별자치도 춘천시 남산면 창촌리 75-3 ,033-262-1273,식육(숯불구이),2026-05-27
일반음식점,옛날솥뚜껑감자탕,강원특별자치도 춘천시 퇴계로93번길 4-3 (퇴계동),강원특별자치도 춘천시 퇴계동 1087 ,033-242-6010,한식,2026-05-27
일반음식점,대판,"강원특별자치도 춘천시 영서로 2885, 1층 (사농동)",강원특별자치도 춘천시 사농동 434-12 1층 ,033-252-6133,식육(숯불구이),2026-05-27
일반음식점,토방,"강원특별자치도 춘천시 후석로 251, 1층 (후평동)",강원특별자치도 춘천시 후평동 832-10 ,033-244-3539,정종/대포집/소주방,2026-05-27
일반음식점,올라,"강원특별자치도 춘천시 중앙로77번길 39-1, 1층 (죽림동)",강원특별자치도 춘천시 죽림동 4-12 ,033-261-1114,기타,2026-05-27
일반음식점,쪼바,"강원특별자치도 춘천시 동내면 거두택지길4번길 7-6, 1층",강원특별자치도 춘천시 동내면 거두리 950-2 ,033-264-9502,기타,2026-05-27
일반음식점,남춘천왕소금구이,"강원특별자치도 춘천시 퇴계로 71, 1층 (퇴계동)",강원특별자치도 춘천시 퇴계동 1167-4 ,033-244-9233,식육(숯불구이),2026-05-27
일반음식점,맘스터치장학만천점,"강원특별자치도 춘천시 동면 춘천순환로 626, 1층",강원특별자치도 춘천시 동면 장학리 802-1 ,033-241-7992,패스트푸드,2026-05-27
일반음식점,국수나무춘천우두점,"강원특별자치도 춘천시 영서로 2767, 1층 (우두동)",강원특별자치도 춘천시 우두동 1052-29 ,033-255-6870,분식,2026-05-27
일반음식점,라이라이스춘천점,"강원특별자치도 춘천시 춘천로 230, 1층 (효자동)",강원특별자치도 춘천시 효자동 748-15 ,033-255-8295,한식,2026-05-27
일반음식점,상린,"강원특별자치도 춘천시 교동길17번길 11, 1층 101호 (교동)",강원특별자치도 춘천시 교동 146-12 ,033-910-3135,경양식,2026-05-27
일반음식점,돈카돈까장학점,"강원특별자치도 춘천시 동면 춘천로 502, 3층",강원특별자치도 춘천시 동면 장학리 220-7 ,033-242-0796,경양식,2026-05-27
일반음식점,대박식당,"강원특별자치도 춘천시 소양로 216-1, 가동 1층 (소양로1가)",강원특별자치도 춘천시 소양로1가 102-12 ,,한식,2026-05-27
일반음식점,안가네밥집,"강원특별자치도 춘천시 남춘로25번길 4-1, 1층 (퇴계동)",강원특별자치도 춘천시 퇴계동 343-23 ,033-255-0528,한식,2026-05-27
일반음식점,블루문,"강원특별자치도 춘천시 애막골길3번길 16, 1층 (석사동)",강원특별자치도 춘천시 석사동 740-17 ,033-263-0019,기타,2026-05-27
일반음식점,도야,"강원특별자치도 춘천시 공지로 164, 1층 (석사동)",강원특별자치도 춘천시 석사동 428-5 ,033-264-6665,중국식,2026-05-27
일반음식점,물암골농원펜션식당,"강원특별자치도 춘천시 사북면 화악지암길 420-21, 1층",강원특별자치도 춘천시 사북면 지암리 428-9 ,033-252-8818,한식,2026-05-27
일반음식점,슬로우캘리 춘천점,"강원특별자치도 춘천시 동내면 춘천순환로 133, 1층 102호",강원특별자치도 춘천시 동내면 거두리 1058-2 ,033-264-9206,호프/통닭,2026-05-27
일반음식점,송가네김밥국시,"강원특별자치도 춘천시 칠전서길 45, 상가동 1층 104호 (칠전동, 부영아파트)",강원특별자치도 춘천시 칠전동 529-2 ,033-261-5722,분식,2026-05-27
일반음식점,블랙스테이크춘천점,"강원특별자치도 춘천시 칠전동2길 16-13, 1층 (칠전동)",강원특별자치도 춘천시 칠전동 558-6 ,033-263-6324,경양식,2026-05-27
일반음식점,스시요혼,"강원특별자치도 춘천시 중앙로67번길 18, 2동 2112,2113호 (죽림동, 브라운상가)",강원특별자치도 춘천시 죽림동 189 ,033-257-0837,일식,2026-05-27
일반음식점,남춘천꼬마김밥,"강원특별자치도 춘천시 춘주로 90, 1층 (온의동)",강원특별자치도 춘천시 온의동 533-4 ,033-257-3777,분식,2026-05-27
일반음식점,베이스캠프,"강원특별자치도 춘천시 이디오피아길 19, 1층 (근화동, 허브하우스보트장)",강원특별자치도 춘천시 근화동 702 ,033-252-8649,한식,2026-05-27
일반음식점,장인족발608,"강원특별자치도 춘천시 퇴계로 97, 1층 104호 (퇴계동)",강원특별자치도 춘천시 퇴계동 1094 ,033-261-6080,한식,2026-05-27
일반음식점,나들김밥,"강원특별자치도 춘천시 공지로 43, 1층 102호 (석사동, 극동아파트상가)",강원특별자치도 춘천시 석사동 115-10 ,033-263-3335,분식,2026-05-27
일반음식점,엔젤보트장,"강원특별자치도 춘천시 이디오피아길 15, 1층 (근화동, 공지천 엔젤보트장내)",강원특별자치도 춘천시 근화동 702 ,033-251-0394,한식,2026-05-27
일반음식점,이디오피아보트장,"강원특별자치도 춘천시 이디오피아길 7, 1층 (근화동, 공지천이디오피아보트장내)",강원특별자치도 춘천시 근화동 704-1 ,033-252-1791,한식,2026-05-27
일반음식점,닝교초식당,"강원특별자치도 춘천시 중앙로67번길 15, 지하1층 (조양동)",강원특별자치도 춘천시 조양동 147-4 ,033-256-1006,분식,2026-05-27
일반음식점,명동숯불닭갈비,"강원특별자치도 춘천시 금강로62번길 10, 1층 (조양동)",강원특별자치도 춘천시 조양동 51-16 ,033-251-9293,식육(숯불구이),2026-05-27
일반음식점,시루,"강원특별자치도 춘천시 신동면 실레길 47, 1층",강원특별자치도 춘천시 신동면 증리 871-1 ,,한식,2026-05-27
일반음식점,버터볼커피,"강원특별자치도 춘천시 남춘천길 29-1, 1층 (퇴계동)",강원특별자치도 춘천시 퇴계동 1149-7 ,,기타,2026-05-27
일반음식점,토브랜드,"강원특별자치도 춘천시 남산면 큰골길 72, 1층",강원특별자치도 춘천시 남산면 방하리 45-5 ,033-263-2467,한식,2026-05-27
일반음식점,강원푸드,"강원특별자치도 춘천시 동내면 춘천순환로72번길 33-4, 1층",강원특별자치도 춘천시 동내면 거두리 958-16 ,,한식,2026-05-27
일반음식점,도쿄밥상,"강원특별자치도 춘천시 중앙로68번길 12, 춘천관광호텔 1층 (낙원동)",강원특별자치도 춘천시 낙원동 30-1 ,033-252-3540,한식,2026-05-27
일반음식점,5감족발,"강원특별자치도 춘천시 효평길 43, 1층 101호 (효자동)",강원특별자치도 춘천시 효자동 750-9 ,033-255-3098,식육(숯불구이),2026-05-27
일반음식점,닭담,강원특별자치도 춘천시 후석로344번길 5 (후평동),강원특별자치도 춘천시 후평동 703-6 ,033-255-9990,정종/대포집/소주방,2026-05-27
일반음식점,지암막국수,"강원특별자치도 춘천시 사북면 화악지암길 602, 1층",강원특별자치도 춘천시 사북면 지암리 118-7 ,033-244-0807,한식,2026-05-27
일반음식점,닥치고곱창춘천점,"강원특별자치도 춘천시 동내면 거두택지길 7, 가동 1층 102호 (초록지붕아파트상가)",강원특별자치도 춘천시 동내면 거두리 936 ,033-241-6006,식육(숯불구이),2026-05-27
일반음식점,이쁜네,"강원특별자치도 춘천시 칠전서길 52, 1층 (칠전동)",강원특별자치도 춘천시 칠전동 543-2 ,033-262-9140,한식,2026-05-27
일반음식점,굽네치킨동광오거리점,"강원특별자치도 춘천시 삭주로 206-1, 1층 (후평동)",강원특별자치도 춘천시 후평동 739 1층 ,033-254-9494,호프/통닭,2026-05-27
일반음식점,미가,"강원특별자치도 춘천시 삭주로 180, 1층 (후평동)",강원특별자치도 춘천시 후평동 730 1층 ,033-252-4498,한식,2026-05-27
일반음식점,bhc춘천후평점,"강원특별자치도 춘천시 서부대성로239번길 49-3, 1층 (후평동)",강원특별자치도 춘천시 후평동 67-56 ,033-254-9982,호프/통닭,2026-05-27
일반음식점,감,"강원특별자치도 춘천시 퇴계로146번길 8-1, 1층 좌측1호 (퇴계동)",강원특별자치도 춘천시 퇴계동 977-5 ,,기타,2026-05-27
일반음식점,민물나라,"강원특별자치도 춘천시 서부대성로63번길 20, 1층 (옥천동)",강원특별자치도 춘천시 옥천동 26 ,,한식,2026-05-27
일반음식점,로하스,"강원특별자치도 춘천시 서면 툇골길 7, 1층",강원특별자치도 춘천시 서면 서상리 1053 ,,한식,2026-05-27
일반음식점,현지네전집,"강원특별자치도 춘천시 춘천로310번길 23, 1층 (후평동)",강원특별자치도 춘천시 후평동 690 ,033-251-8279,정종/대포집/소주방,2026-05-27
일반음식점,샐러디온의점,"강원특별자치도 춘천시 춘천로17번길 31, 1층 102호 (온의동, 더스위트캐슬)",강원특별자치도 춘천시 온의동 587-3 ,033-242-1394,기타,2026-05-27
일반음식점,러스틱컴포트본점,"강원특별자치도 춘천시 후석로186번길 24-1, 지하1층 (석사동)",강원특별자치도 춘천시 석사동 726-12 ,,경양식,2026-05-27
일반음식점,하누마루,"강원특별자치도 춘천시 동내면 영서로 1771, 1층",강원특별자치도 춘천시 동내면 학곡리 306-17 ,033-262-8892,식육(숯불구이),2026-05-27
일반음식점,즐거운하루숯불생고기,"강원특별자치도 춘천시 세실로 100-32, 1층 (석사동)",강원특별자치도 춘천시 석사동 34-6 ,033-261-6655,식육(숯불구이),2026-05-27
일반음식점,처갓집양념치킨강대점,"강원특별자치도 춘천시 서부대성로 182-1, 1층 (효자동)",강원특별자치도 춘천시 효자동 608-17 ,033-251-7782,호프/통닭,2026-05-27
일반음식점,청춘보쌈,"강원특별자치도 춘천시 서부대성로 232, 1층 (효자동)",강원특별자치도 춘천시 효자동 627-11 ,033-243-4123,한식,2026-05-27
일반음식점,송이네곱창,"강원특별자치도 춘천시 우묵길78번길 20, 1층 5호 (퇴계동)",강원특별자치도 춘천시 퇴계동 1153-2 ,033-253-9292,식육(숯불구이),2026-05-27
일반음식점,양지말,"강원특별자치도 춘천시 서면 방동2길 90, 가동, 나동 1층",강원특별자치도 춘천시 서면 방동리 1180 ,033-242-8847,한식,2026-05-27
일반음식점,촌닭집,"강원특별자치도 춘천시 동면 춘천순환로 840, 1층",강원특별자치도 춘천시 동면 장학리 614-6 ,033-255-5292,한식,2026-05-27
일반음식점,아글라오네마,"강원특별자치도 춘천시 춘천로282번길 15, 1층 (후평동)",강원특별자치도 춘천시 후평동 689-3 ,,기타,2026-05-27
일반음식점,옻나무집,"강원특별자치도 춘천시 동산면 새술막길 684, 1층",강원특별자치도 춘천시 동산면 군자리 145 ,033-264-3455,한식,2026-05-27
일반음식점,평천식당,"강원특별자치도 춘천시 남산면 서백길 36, 1층",강원특별자치도 춘천시 남산면 서천리 254-2 ,033-261-8069,한식,2026-05-27
일반음식점,남춘천맛집,"강원특별자치도 춘천시 충혼길8번길 7, 1층 (퇴계동)",강원특별자치도 춘천시 퇴계동 873-1 ,033-255-8111,정종/대포집/소주방,2026-05-27
일반음식점,(주)에이치비푸드라무진춘천점,"강원특별자치도 춘천시 우묵들길 8, 1층 (퇴계동)",강원특별자치도 춘천시 퇴계동 1191 ,033-252-8884,식육(숯불구이),2026-05-27
일반음식점,미스사이공온의점,"강원특별자치도 춘천시 춘천로17번길 17, 1층 102호 (온의동, 뉴타운)",강원특별자치도 춘천시 온의동 587-8 뉴타운 1동 102호,033-252-0420,"외국음식전문점(인도,태국등)",2026-05-27
일반음식점,바다속풍경,"강원특별자치도 춘천시 효자로 119, 1층 (효자동)",강원특별자치도 춘천시 효자동 661-25 ,033-256-8885,한식,2026-05-27
일반음식점,짱구네,"강원특별자치도 춘천시 후석로228번길 47, 상가동 1층 104호 (후평동)",강원특별자치도 춘천시 후평동 899 ,,한식,2026-05-27
일반음식점,파파닭(숯불)갈비,"강원특별자치도 춘천시 남면 소주고개로 62, 1층",강원특별자치도 춘천시 남면 후동리 388-1 ,033-263-0348,식육(숯불구이),2026-05-27
일반음식점,33떡볶이앤꼬마김밥온의점,"강원특별자치도 춘천시 스포츠타운길 533, 1층 101호 (온의동)",강원특별자치도 춘천시 온의동 65-44 ,033-257-9933,분식,2026-05-27
일반음식점,파파오리,"강원특별자치도 춘천시 우석로79번길 16-25, 1층 (석사동)",강원특별자치도 춘천시 석사동 735-2 ,033-911-3839,정종/대포집/소주방,2026-05-27
일반음식점,신짱깨집,"강원특별자치도 춘천시 춘천순환로 46, 1층 (석사동)",강원특별자치도 춘천시 석사동 130-120 ,033-264-1694,중국식,2026-05-27
일반음식점,소담송하앤드더나인피크,"강원특별자치도 춘천시 동면 춘천순환로 868, 1~2층",강원특별자치도 춘천시 동면 장학리 496-3 ,033-257-1005,식육(숯불구이),2026-05-27
일반음식점,엘로시오,"강원특별자치도 춘천시 칠전동2길 16-19, 1층 (칠전동)",강원특별자치도 춘천시 칠전동 558-3 ,033-261-7540,기타,2026-05-27
일반음식점,이디야커피춘천순환로DI점,"강원특별자치도 춘천시 동면 춘천순환로 817, 1층",강원특별자치도 춘천시 동면 장학리 598 ,,기타,2026-05-27
일반음식점,가미닭갈비,강원특별자치도 춘천시 춘주로187번길 6-1 (퇴계동),강원특별자치도 춘천시 퇴계동 896-9 ,,기타,2026-05-27
일반음식점,bhc온의점,"강원특별자치도 춘천시 스포츠타운길 524, 1층 102호 (온의동)",강원특별자치도 춘천시 온의동 73-48 ,033-251-9949,호프/통닭,2026-05-27
일반음식점,가마솥보리밥,"강원특별자치도 춘천시 신동면 풍류길 12, 1층",강원특별자치도 춘천시 신동면 증리 932-3 ,033-243-2298,한식,2026-05-27
일반음식점,세월교밥집,"강원특별자치도 춘천시 신북읍 신샘밭로 749, 1층",강원특별자치도 춘천시 신북읍 천전리 212-46 ,033-242-6427,한식,2026-05-27
일반음식점,씨지브이춘천매점(1),"강원특별자치도 춘천시 지석로 80, 3층 304호 (퇴계동, 춘천씨너스카펠라빌딩)",강원특별자치도 춘천시 퇴계동 1017 ,033-269-7800,기타,2026-05-27
일반음식점,고기촌,"강원특별자치도 춘천시 벌말길 63, 1층 (석사동)",강원특별자치도 춘천시 석사동 644-6 ,033-262-2110,식육(숯불구이),2026-05-27
일반음식점,장독마을,"강원특별자치도 춘천시 동면 연산골길 72, 1층",강원특별자치도 춘천시 동면 감정리 447-2 ,033-241-8874,한식,2026-05-27
일반음식점,삼천동식당,"강원특별자치도 춘천시 자라우새길 68, 1층 (송암동)",강원특별자치도 춘천시 송암동 83 ,033-251-8388,한식,2026-05-27
일반음식점,다미,"강원특별자치도 춘천시 향교옆길13번길 20, 1층 (옥천동)",강원특별자치도 춘천시 옥천동 16-9 ,033-254-5916,한식,2026-05-27
일반음식점,화로상회 남춘천역점,"강원특별자치도 춘천시 우묵길52번길 10, 1층 (퇴계동)",강원특별자치도 춘천시 퇴계동 1190-1 ,033-255-2292,식육(숯불구이),2026-05-27
일반음식점,차이나객잔,"강원특별자치도 춘천시 칠전서길 38-10, 1층 (칠전동)",강원특별자치도 춘천시 칠전동 588-1 ,033-264-2958,중국식,2026-05-27
일반음식점,돌아온왕십리곱창,"강원특별자치도 춘천시 효석로67번길 20, 1층 (석사동)",강원특별자치도 춘천시 석사동 705-20 ,033-261-6555,식육(숯불구이),2026-05-27
일반음식점,BBQ춘천강북점,"강원특별자치도 춘천시 충열로16번길 21-20, 1층 (우두동)",강원특별자치도 춘천시 우두동 1061-7 ,033-243-9285,호프/통닭,2026-05-27
일반음식점,곱창고퇴계동점,"강원특별자치도 춘천시 공원4길 23, 1층 (퇴계동)",강원특별자치도 춘천시 퇴계동 891 ,033-261-1400,정종/대포집/소주방,2026-05-27
일반음식점,바이오카페,"강원특별자치도 춘천시 소양강로 32, BIO-2동 1층 (후평동)",강원특별자치도 춘천시 후평동 198-53 ,033-263-9746,기타,2026-05-27
일반음식점,다오베트남쌀국수,"강원특별자치도 춘천시 중앙로68번길 7, 1층 (낙원동)",강원특별자치도 춘천시 낙원동 62-1 ,,"외국음식전문점(인도,태국등)",2026-05-27
일반음식점,케이에프씨춘천석사,"강원특별자치도 춘천시 영서로 2027, 1층 (석사동)",강원특별자치도 춘천시 석사동 885-1 ,033-912-3311,기타,2026-05-27
일반음식점,경복궁개성손만두요리전문점,"강원특별자치도 춘천시 동면 춘천순환로 420, 1층",강원특별자치도 춘천시 동면 만천리 623-2 ,033-255-2242,한식,2026-05-27
일반음식점,주안이네왕만두,"강원특별자치도 춘천시 가연길 20, 1층 (낙원동)",강원특별자치도 춘천시 낙원동 115-8 ,033-242-5298,분식,2026-05-27
일반음식점,이야기,"강원특별자치도 춘천시 옛경춘로 837, 2층 (삼천동)",강원특별자치도 춘천시 삼천동 16-9 ,033-257-9159,기타,2026-05-27
일반음식점,봉의산막국수,"강원특별자치도 춘천시 후석로 447-2, 1층 (후평동)",강원특별자치도 춘천시 후평동 717-13 외1필지 ,033-244-0222,한식,2026-05-27
일반음식점,헬로데일리그린,"강원특별자치도 춘천시 낙원길33번길 2, 1층 (낙원동)",강원특별자치도 춘천시 낙원동 62-5 ,,기타,2026-05-27
일반음식점,우리동네돈까스,"강원특별자치도 춘천시 동내면 거두택지길4번길 17, 1층",강원특별자치도 춘천시 동내면 거두리 974-1 ,033-263-6663,분식,2026-05-27
일반음식점,춘천이동갈비,"강원특별자치도 춘천시 춘주로201번길 4, 1층 (퇴계동)",강원특별자치도 춘천시 퇴계동 893-1 ,033-243-0100,식육(숯불구이),2026-05-27
일반음식점,도쿄밥상본점,"강원특별자치도 춘천시 삭주로 112, 1층 (후평동)",강원특별자치도 춘천시 후평동 847-1 ,033-244-9700,한식,2026-05-27
일반음식점,전주한방콩나물해장국후평점,"강원특별자치도 춘천시 후석로 280, 1층 (후평동)",강원특별자치도 춘천시 후평동 801-2 ,033-243-4433,한식,2026-05-27
일반음식점,짱이닭최고닭,"강원특별자치도 춘천시 춘주로91번길 13, 1층 2호 (온의동)",강원특별자치도 춘천시 온의동 517-5 ,,한식,2026-05-27
일반음식점,태림갈비,"강원특별자치도 춘천시 신북읍 사랑말길 120, 1층",강원특별자치도 춘천시 신북읍 율문리 444 ,033-242-4282,식육(숯불구이),2026-05-27
일반음식점,춘천에서온편지,"강원특별자치도 춘천시 소양로110번길 11, 2층 (소양로3가)",강원특별자치도 춘천시 소양로3가 96-6 2층 ,033-255-5551,기타,2026-05-27
일반음식점,도자기카페길,"강원특별자치도 춘천시 칠전동2길 14-11, 1층 (칠전동)",강원특별자치도 춘천시 칠전동 564-12 ,033-261-6432,기타,2026-05-27
일반음식점,(주)유기농카페,"강원특별자치도 춘천시 신북읍 지내고탄로 184, 1층",강원특별자치도 춘천시 신북읍 지내리 664-1 ,,기타,2026-05-27
일반음식점,김종용누룽지통닭(춘천점),"강원특별자치도 춘천시 남춘로36번길 50, 1층 (퇴계동)",강원특별자치도 춘천시 퇴계동 950-1 ,033-255-8292,호프/통닭,2026-05-27
일반음식점,지코바후평1호점,"강원특별자치도 춘천시 동면 춘천로 451, 1층 104호",강원특별자치도 춘천시 동면 장학리 1007-2 ,033-244-5668,호프/통닭,2026-05-27
일반음식점,오아케이크,"강원특별자치도 춘천시 금강로23번길 7, 2층 201호 (소양로3가)",강원특별자치도 춘천시 소양로3가 49-2 ,,기타,2026-05-27
일반음식점,이차돌(신사우점),"강원특별자치도 춘천시 충열로 45, 2층 205호 (우두동)",강원특별자치도 춘천시 우두동 711-1 ,033-252-7976,중국식,2026-05-27
일반음식점,두끼떡볶이춘천명동점,"강원특별자치도 춘천시 중앙로67번길 3, 2층 (중앙로2가)",강원특별자치도 춘천시 중앙로2가 28 ,033-252-0008,한식,2026-05-27
일반음식점,칠오닭갈비춘천점,,"강원특별자치도 춘천시 칠전동 산 90-1 1,2층 (둥둥아일랜드보트장) ",033-264-2000,기타,2026-05-27
일반음식점,끌림,"강원특별자치도 춘천시 남춘로36번길 58, 1층 (퇴계동)",강원특별자치도 춘천시 퇴계동 954-1 ,,정종/대포집/소주방,2026-05-27
일반음식점,오븐마루춘천후평점,"강원특별자치도 춘천시 후석로 278, 1층 (후평동)",강원특별자치도 춘천시 후평동 801-6 ,033-257-7982,기타,2026-05-27
일반음식점,페이크러버스,"강원특별자치도 춘천시 삭주로 41-1, 1층 (교동)",강원특별자치도 춘천시 교동 150-6 ,,기타,2026-05-27
일반음식점,와와수산,"강원특별자치도 춘천시 춘천로 330, 1층 (후평동)",강원특별자치도 춘천시 후평동 727-12 ,,횟집,2026-05-27
일반음식점,성산손칼국수,"강원특별자치도 춘천시 동면 뒷들길 4-4, 1층",강원특별자치도 춘천시 동면 장학리 855-11 ,033-256-3739,한식,2026-05-27
일반음식점,숲속까페,"강원특별자치도 춘천시 남산면 남이섬길 1, 1층",강원특별자치도 춘천시 남산면 방하리 197 외1필지 ,031-580-8125,기타,2026-05-27
일반음식점,60계치킨춘천교대점,"강원특별자치도 춘천시 공지로 119, 1층 (석사동)",강원특별자치도 춘천시 석사동 313-27 ,033-264-5122,호프/통닭,2026-05-27
일반음식점,김홍석들밥,"강원특별자치도 춘천시 칠전동1길 6-2, 1층 (칠전동)",강원특별자치도 춘천시 칠전동 637-1 ,033-264-8883,정종/대포집/소주방,2026-05-27
일반음식점,팔팔뚝배기,"강원특별자치도 춘천시 공지로 114, 가동 1층 (석사동)",강원특별자치도 춘천시 석사동 313-13 ,033-262-7760,분식,2026-05-27
일반음식점,보경루,"강원특별자치도 춘천시 춘천로68번길 40, 1층 (효자동)",강원특별자치도 춘천시 효자동 691-14 ,033-244-8181,중국식,2026-05-27
일반음식점,소담촌춘천점,"강원특별자치도 춘천시 동면 만천로143번길 64, 1층",강원특별자치도 춘천시 동면 만천리 573-4 ,033-255-3355,한식,2026-05-27
일반음식점,장대박,"강원특별자치도 춘천시 새롬공원길 19, 1층 (석사동)",강원특별자치도 춘천시 석사동 832-5 ,,한식,2026-05-27
일반음식점,평창한우,"강원특별자치도 춘천시 동면 춘천순환로 780, 1층",강원특별자치도 춘천시 동면 장학리 671-3 ,033-253-8811,한식,2026-05-27
일반음식점,가장맛있는족발(후평점),"강원특별자치도 춘천시 후석로 278, 1층 (후평동)",강원특별자치도 춘천시 후평동 801-6 ,033-252-7849,식육(숯불구이),2026-05-27
일반음식점,춘천일품양숯불양갈비양꼬치무한리필,"강원특별자치도 춘천시 영서로 2763, 1층 (우두동)",강원특별자치도 춘천시 우두동 1052-32 ,033-257-3946,식육(숯불구이),2026-05-27
일반음식점,에스엠호프,"강원특별자치도 춘천시 만천로 239, 2층 (후평동)",강원특별자치도 춘천시 후평동 754-4 ,,정종/대포집/소주방,2026-05-27
일반음식점,조부자매운순대가,"강원특별자치도 춘천시 공원3길 23, 1층 (퇴계동)",강원특별자치도 춘천시 퇴계동 884-3 ,033-254-0430,한식,2026-05-27
일반음식점,덕이네,"강원특별자치도 춘천시 영서로 2352-12, 풍물시장 5동 2,3호 (온의동)",강원특별자치도 춘천시 온의동 45-2 풍물시장 ,033-255-5655,분식,2026-05-27
일반음식점,디스틸드,"강원특별자치도 춘천시 공지로252번길 12, 1층 (효자동)",강원특별자치도 춘천시 효자동 322-1 ,,기타,2026-05-27
일반음식점,박스푸드,"강원특별자치도 춘천시 춘천로 164-1, 1층 (운교동)",강원특별자치도 춘천시 운교동 179-25 ,033-252-6745,분식,2026-05-27
일반음식점,부산아지매국밥 춘천석사점,"강원특별자치도 춘천시 후석로45번길 22, 1층 (석사동)",강원특별자치도 춘천시 석사동 651-21 ,033-263-9290,한식,2026-05-27
일반음식점,배달5삼겹푸드,"강원특별자치도 춘천시 효석로89번길 19, 1층 (석사동)",강원특별자치도 춘천시 석사동 698-7 ,033-261-5578,기타,2026-05-27
일반음식점,돌담집짬뽕,"강원특별자치도 춘천시 보안길 50-2, 지하1층 (후평동)",강원특별자치도 춘천시 후평동 72-2 ,033-257-1315,중국식,2026-05-27
일반음식점,커피니남춘천역점,"강원특별자치도 춘천시 우묵길 24, 1,2층 (퇴계동)",강원특별자치도 춘천시 퇴계동 1192-3 ,033-255-1141,기타,2026-05-27
일반음식점,가우숲,"강원특별자치도 춘천시 새청말길 43, 1층 (우두동)",강원특별자치도 춘천시 우두동 381-6 ,033-242-3388,한식,2026-05-27
일반음식점,천하제일뼈짬뽕,"강원특별자치도 춘천시 벌말길 74, 1층 (석사동)",강원특별자치도 춘천시 석사동 640-1 , 033-264-8283,중국식,2026-05-27
일반음식점,달빛주막,"강원특별자치도 춘천시 애막골길3번길 55, 1층 (석사동)",강원특별자치도 춘천시 석사동 724-8 ,033-262-9918,정종/대포집/소주방,2026-05-27
일반음식점,돼지먹자,"강원특별자치도 춘천시 동내면 거두택지길26번길 9-13, 1층",강원특별자치도 춘천시 동내면 거두리 962-7 ,,식육(숯불구이),2026-05-27
일반음식점,맘스터치춘천메가박스점,"강원특별자치도 춘천시 춘천로17번길 17, 1층 105호 (온의동)",강원특별자치도 춘천시 온의동 587-8 ,033-253-8800,호프/통닭,2026-05-27
일반음식점,피자꾼춘천점,"강원특별자치도 춘천시 후석로 269-1, 1층 (후평동)",강원특별자치도 춘천시 후평동 838-5 ,033-251-9222,기타,2026-05-27
일반음식점,카페올리브,"강원특별자치도 춘천시 효자로 72-1, 1층 (효자동, 성무빌)",강원특별자치도 춘천시 효자동 669-12 ,033-253-4194,기타,2026-05-27
일반음식점,분덕스,"강원특별자치도 춘천시 남산면 충효로 94, 1층",강원특별자치도 춘천시 남산면 광판리 794-14 ,,기타,2026-05-27
일반음식점,마라쿵푸,"강원특별자치도 춘천시 방송길 100, 2층 (온의동)",강원특별자치도 춘천시 온의동 15-1 ,033-257-5027,중국식,2026-05-27
일반음식점,또바기,"강원특별자치도 춘천시 남춘천길 27, 1층 (퇴계동)",강원특별자치도 춘천시 퇴계동 1149-5 ,033-242-0092,한식,2026-05-27
일반음식점,락코피아,"강원특별자치도 춘천시 후석로 575, 2층 (소양로1가)",강원특별자치도 춘천시 소양로1가 106-11 ,033-244-1155,기타,2026-05-27
일반음식점,이사부,"강원특별자치도 춘천시 후석로344번길 9, 1층 (후평동)",강원특별자치도 춘천시 후평동 421-1 ,033-252-6477,한식,2026-05-27
일반음식점,덤앤더머,"강원특별자치도 춘천시 근화길15번길 21, 2층 (근화동)",강원특별자치도 춘천시 근화동 286-20 ,033-252-0445,호프/통닭,2026-05-27
일반음식점,3939,"강원특별자치도 춘천시 후석로186번길 30-7, 1층 (석사동)",강원특별자치도 춘천시 석사동 725-10 ,033-262-0633,식육(숯불구이),2026-05-27
일반음식점,문가네한우곱창,"강원특별자치도 춘천시 남춘로25번길 16-1, 1층 (퇴계동)",강원특별자치도 춘천시 퇴계동 347-10 ,033-262-4592,식육(숯불구이),2026-05-27
일반음식점,별이빛나는밤에,"강원특별자치도 춘천시 스포츠타운길 529-3, 지하1층 (온의동)",강원특별자치도 춘천시 온의동 65-56 ,070-7301-7781,라이브카페,2026-05-27
일반음식점,배터매운탕온의점,"강원특별자치도 춘천시 영서로2279번길 25, 1층 (온의동)",강원특별자치도 춘천시 온의동 516 ,033-254-3345,한식,2026-05-27
일반음식점,금병산통나무집,"강원특별자치도 춘천시 동내면 영서로 1459, A동 1층",강원특별자치도 춘천시 동내면 학곡리 620-4 ,033-261-5239,한식,2026-05-27
일반음식점,카페슬로울리,"강원특별자치도 춘천시 춘천로407번길 10, 1층 (후평동)",강원특별자치도 춘천시 후평동 159-10 ,,기타,2026-05-27
일반음식점,이모집,"강원특별자치도 춘천시 춘천로 280, 1층 우측상가호 (후평동)",강원특별자치도 춘천시 후평동 683-22 ,033-242-9997,정종/대포집/소주방,2026-05-27
일반음식점,더 쉘터,"강원특별자치도 춘천시 동산면 종자리로 224-24, 1층",강원특별자치도 춘천시 동산면 군자리 1020 ,033-262-5656,기타,2026-05-27
일반음식점,황금포차,"강원특별자치도 춘천시 춘천로 384, 지하1층 (후평동)",강원특별자치도 춘천시 후평동 742-13 ,033-243-4121,정종/대포집/소주방,2026-05-27
일반음식점,송탄부대찌개,"강원특별자치도 춘천시 서부대성로48번길 13, 1층 (요선동)",강원특별자치도 춘천시 요선동 9-10 ,033-255-8440,한식,2026-05-27
일반음식점,천하짬뽕,"강원특별자치도 춘천시 솟발1길 4-71, 1층 (퇴계동)",강원특별자치도 춘천시 퇴계동 471-7 ,033-263-8007,중국식,2026-05-27
일반음식점,다윤네집,"강원특별자치도 춘천시 서면 경춘로 647-56, 1층",강원특별자치도 춘천시 서면 안보리 182-26 ,033-263-1888,한식,2026-05-27
일반음식점,와다라멘춘천점,"강원특별자치도 춘천시 춘주로 187, 1층 전면 우측상가호 (퇴계동)",강원특별자치도 춘천시 퇴계동 908-1 ,,일식,2026-05-27
일반음식점,지성이해물찜,"강원특별자치도 춘천시 남춘로51번길 10-1, 1층 (효자동)",강원특별자치도 춘천시 효자동 711-4 ,033-263-2205,기타,2026-05-27
일반음식점,정성루,"강원특별자치도 춘천시 효명길 12, 1층 (효자동)",강원특별자치도 춘천시 효자동 674-14 ,033-257-9094,중국식,2026-05-27
일반음식점,일리터,"강원특별자치도 춘천시 중앙로68번길 3, 1,2층 (중앙로2가)",강원특별자치도 춘천시 중앙로2가 82-3 ,033-241-7778,기타,2026-05-27
일반음식점,다님길,"강원특별자치도 춘천시 서부대성로44번길 17-2, 1층 (요선동)",강원특별자치도 춘천시 요선동 14-10 ,033-251-9198,정종/대포집/소주방,2026-05-27
일반음식점,외양간,"강원특별자치도 춘천시 닥나무길9번길 2, 1층 (효자동)",강원특별자치도 춘천시 효자동 688 ,033-251-0682,식육(숯불구이),2026-05-27
일반음식점,카페피콜라,"강원특별자치도 춘천시 동면 서부대성로 441-5, 1층",강원특별자치도 춘천시 동면 만천리 534-5 ,033-243-4818,기타,2026-05-27
일반음식점,꼬두람이,"강원특별자치도 춘천시 후석로441번길 7, 1층 101호 (후평동, 동산아파트)",강원특별자치도 춘천시 후평동 575-4 동산아파트 101호,033-911-7099,정종/대포집/소주방,2026-05-27
일반음식점,스시장,강원특별자치도 춘천시 가연길 11-1 (소양로4가),강원특별자치도 춘천시 소양로4가 104-18 ,033-242-7401,일식,2026-05-27
일반음식점,제이(J),"강원특별자치도 춘천시 후석로 275, 2층 (후평동)",강원특별자치도 춘천시 후평동 798-12 ,,라이브카페,2026-05-27
일반음식점,해양수산부,"강원특별자치도 춘천시 우묵길56번길 25-1, 1층 (퇴계동)",강원특별자치도 춘천시 퇴계동 1182-6 ,033-251-3163,한식,2026-05-27
일반음식점,송어회담,"강원특별자치도 춘천시 동내면 춘천순환로72번길 48, 1층",강원특별자치도 춘천시 동내면 거두리 982-9 ,033-263-7785,기타,2026-05-27
일반음식점,박순이김치찌개부대찌개,"강원특별자치도 춘천시 춘주로91번길 8, 1층 (온의동)",강원특별자치도 춘천시 온의동 525 ,033-257-0139,한식,2026-05-27
일반음식점,홍청다슬기해장국,"강원특별자치도 춘천시 퇴계로 95, 1층 (퇴계동)",강원특별자치도 춘천시 퇴계동 1093 ,033-261-3256,한식,2026-05-27
일반음식점,파스타라이크,"강원특별자치도 춘천시 금강로 83, 1층 (운교동)",강원특별자치도 춘천시 운교동 167 1층 ,033-255-5343,기타,2026-05-27
일반음식점,취화선,"강원특별자치도 춘천시 서부대성로 108, 1층 (조양동)",강원특별자치도 춘천시 조양동 6-270 ,,한식,2026-05-27
일반음식점,별미순대국,"강원특별자치도 춘천시 공단로 20, 1층 (후평동)",강원특별자치도 춘천시 후평동 291-11 ,033-254-1777,한식,2026-05-27
일반음식점,장학막국수,"강원특별자치도 춘천시 동면 가래울길 57, 1층",강원특별자치도 춘천시 동면 장학리 425-4 ,033-252-0773,한식,2026-05-27
일반음식점,돼생이,"강원특별자치도 춘천시 동면 춘천로449번길 14-1, 1층",강원특별자치도 춘천시 동면 장학리 1004-3 ,033-241-1392,식육(숯불구이),2026-05-27
일반음식점,룽타우객잔후평점,"강원특별자치도 춘천시 춘천로 349-2, 1,2층 (후평동)",강원특별자치도 춘천시 후평동 722-11 ,033-251-8367,중국식,2026-05-27
일반음식점,국가대표푸드마켓,강원특별자치도 춘천시 춘천로204번길 8 (효자동),강원특별자치도 춘천시 효자동 646 ,033-256-0777,호프/통닭,2026-05-27
일반음식점,풍류장,"강원특별자치도 춘천시 우묵길78번길 30, 1층 (퇴계동)",강원특별자치도 춘천시 퇴계동 1152 ,070-7355-4656,일식,2026-05-27
일반음식점,엄마손분식,"강원특별자치도 춘천시 행촌로 11, 상가동 1층 106호 (퇴계동, 한성,한진아파트)","강원특별자치도 춘천시 퇴계동 917 한성,한진아파트 ",033-241-6521,분식,2026-05-27
일반음식점,함흥냉면옥퇴계점,"강원특별자치도 춘천시 효자로24번길 8, 1층 (퇴계동)",강원특별자치도 춘천시 퇴계동 1141 ,033-252-4994,한식,2026-05-27
일반음식점,한라풍천장어,"강원특별자치도 춘천시 영서로 2883, 1층 (사농동)",강원특별자치도 춘천시 사농동 434-13 ,033-242-9344,한식,2026-05-27
일반음식점,맑음때때로비,"강원특별자치도 춘천시 애막골길20번길 18-1, 1층 (석사동)",강원특별자치도 춘천시 석사동 766-6 1층 ,,기타,2026-05-27
일반음식점,청담,"강원특별자치도 춘천시 스무숲1길 61, 1층 (석사동)",강원특별자치도 춘천시 석사동 927-8 1층 ,,감성주점,2026-05-27
일반음식점,강촌골능이능이백숙,"강원특별자치도 춘천시 남산면 소주고개로 680-40, 1층",강원특별자치도 춘천시 남산면 창촌리 184-4 ,033-262-1230,한식,2026-05-27
일반음식점,디디치킨,"강원특별자치도 춘천시 후석로258번길 28, 1층 (후평동)",강원특별자치도 춘천시 후평동 811-3 ,033-251-8282,호프/통닭,2026-05-27
일반음식점,카페문,강원특별자치도 춘천시 동면 금베이길 61-172,강원특별자치도 춘천시 동면 만천리 163-146 ,033-251-3908,기타,2026-05-27
일반음식점,더홈,"강원특별자치도 춘천시 남춘로26번길 17-10, 1층 (퇴계동)",강원특별자치도 춘천시 퇴계동 1064 1층 ,033-264-1357,기타,2026-05-27
일반음식점,공간스튜디오카페,"강원특별자치도 춘천시 동내면 거두길 27-1, 1층",강원특별자치도 춘천시 동내면 거두리 653-5 ,033-261-2583,기타,2026-05-27
일반음식점,리얼다이어트캠프안피트니스컴퍼니,"강원특별자치도 춘천시 남산면 강촌구곡길 221, 1층",강원특별자치도 춘천시 남산면 강촌리 429 ,070-7757-7760,기타,2026-05-27
일반음식점,짱어장어,"강원특별자치도 춘천시 솟발1길 4-47, 1층 (퇴계동)",강원특별자치도 춘천시 퇴계동 475-10 ,033-261-0592,한식,2026-05-27
일반음식점,만천다슬기해장국,"강원특별자치도 춘천시 삭주로 216-1, 1층 (후평동)",강원특별자치도 춘천시 후평동 739-3 ,033-255-8255,한식,2026-05-27
일반음식점,밀앤커피,"강원특별자치도 춘천시 춘천로17번길 31, 2층 202호 (온의동)",강원특별자치도 춘천시 온의동 587-3 ,033-241-4922,기타,2026-05-27
일반음식점,선주가남춘천역점,"강원특별자치도 춘천시 우묵들길 8, 1층 (퇴계동)",강원특별자치도 춘천시 퇴계동 1191 ,,기타,2026-05-27
일반음식점,춘식,"강원특별자치도 춘천시 애막골길11번길 25, 1층 (석사동)",강원특별자치도 춘천시 석사동 736-10 ,033-261-2685,한식,2026-05-27
일반음식점,골목전집,"강원특별자치도 춘천시 서부대성로48번길 24-1, 1층 (요선동)",강원특별자치도 춘천시 요선동 18-3 ,,한식,2026-05-27
일반음식점,레드닥스(RED닥's),"강원특별자치도 춘천시 서부대성로 22, 1,2층 (소양로2가)",강원특별자치도 춘천시 소양로2가 133-19 ,033-242-7688,한식,2026-05-27
일반음식점,뽀글이집밥,"강원특별자치도 춘천시 후만로98번길 9, 상가동 1층 102호 (후평동, 후평주공4단지아파트)",강원특별자치도 춘천시 후평동 809 후평주공4단지아파트 ,033-252-0474,정종/대포집/소주방,2026-05-27
일반음식점,2린닭갈비,"강원특별자치도 춘천시 서부대성로239번길 47-26, 2층 (후평동)",강원특별자치도 춘천시 후평동 67-65 ,,한식,2026-05-27
일반음식점,라쿤피자,"강원특별자치도 춘천시 삭주로 108, 1층 (후평동)",강원특별자치도 춘천시 후평동 854-5 ,,패스트푸드,2026-05-27
일반음식점,만객루양꼬치,"강원특별자치도 춘천시 승지골길 7-6, 1층 (퇴계동)",강원특별자치도 춘천시 퇴계동 1003-4 ,033-263-7898,식육(숯불구이),2026-05-27
일반음식점,그래도스시,"강원특별자치도 춘천시 삭주로 96-1, 1층 (후평동)",강원특별자치도 춘천시 후평동 855-2 ,033-252-8242,일식,2026-05-27
일반음식점,딘,"강원특별자치도 춘천시 신동면 김유정로 1630, 1,2층",강원특별자치도 춘천시 신동면 증리 산 13-1 ,,기타,2026-05-27
일반음식점,강남1984,"강원특별자치도 춘천시 남춘로36번길 8, 2,3층 (퇴계동)",강원특별자치도 춘천시 퇴계동 396-9 ,033-264-1984,호프/통닭,2026-05-27
일반음식점,반찬투정,"강원특별자치도 춘천시 동내면 거두택지길26번길 16-10, 1층",강원특별자치도 춘천시 동내면 거두리 960-5 ,033-263-6294,한식,2026-05-27
일반음식점,골목길포차,"강원특별자치도 춘천시 효자로 129, 1층 (효자동)",강원특별자치도 춘천시 효자동 660-13 ,033-254-9867,정종/대포집/소주방,2026-05-27
일반음식점,림스치킨(만천점),"강원특별자치도 춘천시 만천로 231, 1층 (후평동)",강원특별자치도 춘천시 후평동 750-2 ,033-254-0231,호프/통닭,2026-05-27
일반음식점,미성카츠,"강원특별자치도 춘천시 삭주로 47, 1,2층 (교동)",강원특별자치도 춘천시 교동 16-27 ,033-252-8582,기타,2026-05-27
일반음식점,쉼어묵그리고한잔술,"강원특별자치도 춘천시 서부대성로44번길 17, 1층 (요선동)",강원특별자치도 춘천시 요선동 14-12 ,033-252-5857,한식,2026-05-27
일반음식점,둥이반점,"강원특별자치도 춘천시 동내면 순환대로 664, 1층",강원특별자치도 춘천시 동내면 사암리 1250-1 ,033-262-7202,한식,2026-05-27
일반음식점,연작업실,"강원특별자치도 춘천시 낙원길 37, 1층 (낙원동)",강원특별자치도 춘천시 낙원동 30-8 ,,기타,2026-05-27
일반음식점,고기싸롱후평점,"강원특별자치도 춘천시 춘천로 324, 2층 (후평동)",강원특별자치도 춘천시 후평동 703 ,033-255-0111,한식,2026-05-27
일반음식점,코노미야,"강원특별자치도 춘천시 춘주로 194, 1층 (퇴계동)",강원특별자치도 춘천시 퇴계동 380-6 ,,분식,2026-05-27
일반음식점,선차이,"강원특별자치도 춘천시 수변공원길 11, 대호빌딩 3동 2층 (삼천동)",강원특별자치도 춘천시 삼천동 13-1 ,033-252-0090,중국식,2026-05-27
일반음식점,토리키치남춘천점,"강원특별자치도 춘천시 퇴계로 41, 1층 나호 (퇴계동)",강원특별자치도 춘천시 퇴계동 1164 ,070-8809-2929,기타,2026-05-27
일반음식점,숨어있는고깃집,"강원특별자치도 춘천시 백령로138번길 56-1, 1층 (효자동)",강원특별자치도 춘천시 효자동 632-11 ,033-243-3503,한식,2026-05-27
일반음식점,춘천화람한우,"강원특별자치도 춘천시 수변공원길 11, 대호빌딩 3동 4층 (삼천동)",강원특별자치도 춘천시 삼천동 13-1 ,033-242-1510,식육(숯불구이),2026-05-27
일반음식점,탈선장,"강원특별자치도 춘천시 애막골길11번길 20, 1층 (석사동)",강원특별자치도 춘천시 석사동 742-18 ,033-262-4016,호프/통닭,2026-05-27
일반음식점,청춘포차,"강원특별자치도 춘천시 벌말길 105, 1층 (석사동)",강원특별자치도 춘천시 석사동 704-1 ,,정종/대포집/소주방,2026-05-27
일반음식점,수옛날통닭우두점,"강원특별자치도 춘천시 영서로 2775, 1층 (우두동)",강원특별자치도 춘천시 우두동 1051-3 ,033-241-4242,호프/통닭,2026-05-27
일반음식점,연미당,"강원특별자치도 춘천시 동내면 외솔길19번길 69, 1층 102호",강원특별자치도 춘천시 동내면 거두리 1022-7 ,,일식,2026-05-27
일반음식점,이거시생선이다,"강원특별자치도 춘천시 퇴계로145번길 7-1, 1층 (퇴계동)",강원특별자치도 춘천시 퇴계동 961-6 ,,정종/대포집/소주방,2026-05-27
일반음식점,치엔롱,"강원특별자치도 춘천시 서면 월송길 381-19, 1층",강원특별자치도 춘천시 서면 월송리 산 128-2 ,033-241-2995,한식,2026-05-27
일반음식점,해밀,"강원특별자치도 춘천시 성심로47번길 62, 1층 (후평동)",강원특별자치도 춘천시 후평동 693-16 ,033-253-2475,한식,2026-05-27
일반음식점,오미리,"강원특별자치도 춘천시 남춘로26번길 14, 1층 (퇴계동)",강원특별자치도 춘천시 퇴계동 1079 ,033-264-4900,한식,2026-05-27
일반음식점,영진푸드,강원특별자치도 춘천시 서부대성로 207-2 (효자동),강원특별자치도 춘천시 효자동 618-6 ,033-242-3478,한식,2026-05-27
일반음식점,휴카페,"강원특별자치도 춘천시 남면 충효로 1121, 1층",강원특별자치도 춘천시 남면 발산리 685-20 ,,기타,2026-05-27
일반음식점,플랩잭팬트리춘천점,"강원특별자치도 춘천시 동내면 거두택지길 93-16, 1층",강원특별자치도 춘천시 동내면 거두리 1102-1 ,,경양식,2026-05-27
일반음식점,석이초밥,"강원특별자치도 춘천시 동내면 춘천순환로 108, 101호",강원특별자치도 춘천시 동내면 거두리 1080-1 ,033-256-1500,일식,2026-05-27
일반음식점,이모네실내포장마차,"강원특별자치도 춘천시 명동길29번길 4-18, 1층 (죽림동)",강원특별자치도 춘천시 죽림동 11-107 108호 ,,정종/대포집/소주방,2026-05-27
일반음식점,느와르,"강원특별자치도 춘천시 스무숲4길 18, 1층 (석사동)",강원특별자치도 춘천시 석사동 951-5 ,,감성주점,2026-05-27
일반음식점,국수사랑,"강원특별자치도 춘천시 영서로 2922, 401동 1층 103호 (사농동, 춘천 뉴시티 코아루)",강원특별자치도 춘천시 사농동 820 춘천 뉴시티 코아루 ,033-242-6018,분식,2026-05-27
일반음식점,야시시,"강원특별자치도 춘천시 스무숲4길 12, 1층 (석사동)",강원특별자치도 춘천시 석사동 951-1 ,,호프/통닭,2026-05-27
일반음식점,대상소몰이,"강원특별자치도 춘천시 남산면 강촌로 260, 1층",강원특별자치도 춘천시 남산면 방곡리 285-7 ,033-262-2005,한식,2026-05-27
일반음식점,뚝심이네보쌈족발,"강원특별자치도 춘천시 춘천로 182-1, 1층 (효자동)",강원특별자치도 춘천시 효자동 655-9 ,,기타,2026-05-27
일반음식점,보문각,강원특별자치도 춘천시 약사고개길 42 (약사동),강원특별자치도 춘천시 약사동 67-2 ,033-254-8375,중국식,2026-05-27
일반음식점,춘천1번지닭갈비막국수,"강원특별자치도 춘천시 신동면 김유정로 1397, 1,2층",강원특별자치도 춘천시 신동면 증리 950-11 ,033-251-9494,식육(숯불구이),2026-05-27
일반음식점,세경대포집,"강원특별자치도 춘천시 삭주로 128, 1층 (후평동)",강원특별자치도 춘천시 후평동 711-29 ,,정종/대포집/소주방,2026-05-27
일반음식점,수아마노,"강원특별자치도 춘천시 중앙로77번길 39-2, 다동 1층 301호 (죽림동)",강원특별자치도 춘천시 죽림동 4-4 조양동31-5 ,033-257-5532,경양식,2026-05-27
일반음식점,이비가짬뽕춘천홈플러스점,"강원특별자치도 춘천시 김유정로 1840, 홈플러스 지하1층 (퇴계동)",강원특별자치도 춘천시 퇴계동 141 홈플러스 ,,중국식,2026-05-27
일반음식점,퇴계주점,"강원특별자치도 춘천시 행촌로32번길 5-12, 1층 (퇴계동)",강원특별자치도 춘천시 퇴계동 904-10 ,033-257-7651,정종/대포집/소주방,2026-05-27
일반음식점,가든비어(Garden Beer),"강원특별자치도 춘천시 퇴계로 71, 1층 (퇴계동)",강원특별자치도 춘천시 퇴계동 1167-4 ,,호프/통닭,2026-05-27
일반음식점,퍼스트러브(First Love),"강원특별자치도 춘천시 서부대성로 181-1, 1층 (효자동)",강원특별자치도 춘천시 효자동 607-8 ,,기타,2026-05-27
일반음식점,오믈하우스,"강원특별자치도 춘천시 서부대성로227번길 24, 2층 (효자동)",강원특별자치도 춘천시 효자동 631 ,070-7543-1331,분식,2026-05-27
일반음식점,회솜씨,"강원특별자치도 춘천시 후석로 253-1, 1층 (후평동)",강원특별자치도 춘천시 후평동 832-7 ,033-256-9700,횟집,2026-05-27
일반음식점,모리스시,"강원특별자치도 춘천시 영서로 2938, 1층 (사농동)",강원특별자치도 춘천시 사농동 365 ,033-262-8339,일식,2026-05-27
일반음식점,모이자호프,"강원특별자치도 춘천시 춘천로 263, 1층 (후평동)",강원특별자치도 춘천시 후평동 677-35 ,,호프/통닭,2026-05-27
일반음식점,도쿄라멘춘천한림대점,"강원특별자치도 춘천시 삭주로 69, 1층 (교동)",강원특별자치도 춘천시 교동 152-3 ,033-242-7407,분식,2026-05-27
일반음식점,돌판마당,"강원특별자치도 춘천시 우묵길 72, 1층 (퇴계동)",강원특별자치도 춘천시 퇴계동 1159-1 ,033-257-3392,식육(숯불구이),2026-05-27
일반음식점,돼학로,"강원특별자치도 춘천시 향교옆길 24, 1층 (교동)",강원특별자치도 춘천시 교동 150-8 ,033-251-8995,한식,2026-05-27
일반음식점,햄릿과올리브,"강원특별자치도 춘천시 신동면 풍류1길 60, 1층",강원특별자치도 춘천시 신동면 증리 895 ,,기타,2026-05-27
일반음식점,한(han),강원특별자치도 춘천시 후석로379번길 56 (후평동),강원특별자치도 춘천시 후평동 856-14 ,033-912-6966,정종/대포집/소주방,2026-05-27
일반음식점,명동뭉텅찌개,"강원특별자치도 춘천시 춘주로92번길 3, 1층 (온의동)",강원특별자치도 춘천시 온의동 532-9 ,033-251-2777,기타,2026-05-27
일반음식점,코너스톤(CORNERSTONE),"강원특별자치도 춘천시 전원길 46, 1,2층 (효자동)",강원특별자치도 춘천시 효자동 751-23 ,,기타,2026-05-27
일반음식점,60계강원춘천후평점,"강원특별자치도 춘천시 백령로 190, 상가동 101호, 102호 (후평동)",강원특별자치도 춘천시 후평동 67-55 ,033-255-0060,호프/통닭,2026-05-27
일반음식점,곱창수월래,"강원특별자치도 춘천시 행촌로 58, 1층 (퇴계동)",강원특별자치도 춘천시 퇴계동 900-12 ,033-253-5538,식육(숯불구이),2026-05-27
일반음식점,크래프트한스춘천시청점,"강원특별자치도 춘천시 옥천길 9, 2,3층 (중앙로1가)",강원특별자치도 춘천시 중앙로1가 63 ,033-252-7247,기타,2026-05-27
일반음식점,오월애만두전골,"강원특별자치도 춘천시 후석로258번길 18, 1층 (후평동)",강원특별자치도 춘천시 후평동 817-1 ,033-252-2575,한식,2026-05-27
일반음식점,033다이닝(Dining),"강원특별자치도 춘천시 소양고개길 45, 1층 (요선동)",강원특별자치도 춘천시 요선동 11-22 ,,기타,2026-05-27
일반음식점,쥐눈이콩나물밥2호점,"강원특별자치도 춘천시 충혼길34번길 11, 1층 (온의동)",강원특별자치도 춘천시 온의동 526-2 ,033-911-6120,한식,2026-05-27
일반음식점,지나오다,강원특별자치도 춘천시 공지로252번길 30 (효자동),강원특별자치도 춘천시 효자동 333-4 ,033-263-0356,기타,2026-05-27
일반음식점,맛있는날,"강원특별자치도 춘천시 애막골길11번길 12, 1층 (석사동)",강원특별자치도 춘천시 석사동 742-12 ,,한식,2026-05-27
일반음식점,옛날통닭(운교점),"강원특별자치도 춘천시 춘천로 171, 1층 (운교동)",강원특별자치도 춘천시 운교동 136-1 ,033-244-1113,호프/통닭,2026-05-27
일반음식점,어반벨리(Urban Belly),"강원특별자치도 춘천시 서부대성로 219-1, 1층 (효자동)",강원특별자치도 춘천시 효자동 626-2 ,033-252-0540,분식,2026-05-27
일반음식점,호손만두,"강원특별자치도 춘천시 춘천로296번길 4, 1층 (후평동)",강원특별자치도 춘천시 후평동 687-23 ,070-7543-3200,한식,2026-05-27
일반음식점,아지트,강원특별자치도 춘천시 춘천로 277-1 (후평동),강원특별자치도 춘천시 후평동 684-12 ,033-254-2894,한식,2026-05-27
일반음식점,정민이네집,"강원특별자치도 춘천시 옥천길 3, 지하1층 (중앙로1가)",강원특별자치도 춘천시 중앙로1가 90-1 ,033-251-1694,분식,2026-05-27
일반음식점,석사왕막걸리만천점,"강원특별자치도 춘천시 만천로 215, 1층 (후평동)",강원특별자치도 춘천시 후평동 740-6 ,033-253-3397,정종/대포집/소주방,2026-05-27
일반음식점,육반주,"강원특별자치도 춘천시 스무숲1길 46-6, 1층 (석사동)",강원특별자치도 춘천시 석사동 921-7 ,033-262-8789,식육(숯불구이),2026-05-27
일반음식점,미오브런치카페,"강원특별자치도 춘천시 스무숲길 4-13, 1층 (석사동)",강원특별자치도 춘천시 석사동 186-19 ,,기타,2026-05-27
일반음식점,그레이빌,"강원특별자치도 춘천시 후석로440번길 63, 1층 (후평동)",강원특별자치도 춘천시 후평동 241-6 ,033-241-9303,기타,2026-05-27
일반음식점,가로술길,"강원특별자치도 춘천시 춘천로 316, 춘천더샵아파트 상가동 지하1층 B101~B104호 (후평동)",강원특별자치도 춘천시 후평동 905 춘천더샵아파트 ,033-241-0088,기타,2026-05-27
일반음식점,고모네장터,"강원특별자치도 춘천시 낙원길 37, 1층 (낙원동)",강원특별자치도 춘천시 낙원동 30-8 ,033-254-7179,분식,2026-05-27
일반음식점,사랑말길100,강원특별자치도 춘천시 신북읍 사랑말길 100,강원특별자치도 춘천시 신북읍 율문리 472-1 ,033-243-3924,한식,2026-05-27
일반음식점,화산해물찜,"강원특별자치도 춘천시 스포츠타운길 506, 1층 (온의동)",강원특별자치도 춘천시 온의동 84-14 ,033-252-6464,한식,2026-05-27
일반음식점,까몬 춘천점,"강원특별자치도 춘천시 옥천길 9, 1층 (중앙로1가)",강원특별자치도 춘천시 중앙로1가 63 ,,기타,2026-05-27
일반음식점,부어치킨(후평점),"강원특별자치도 춘천시 백령로 184, 1층 (후평동)",강원특별자치도 춘천시 후평동 67-52 ,033-243-9292,호프/통닭,2026-05-27
일반음식점,구울래머글래,"강원특별자치도 춘천시 대양당길9번길 15, 1층 (후평동)",강원특별자치도 춘천시 후평동 804-20 ,033-242-3133,한식,2026-05-27
일반음식점,진본식당,"강원특별자치도 춘천시 백령로75번길 7, 상가동 101호 (효자동, 신아아파트)",강원특별자치도 춘천시 효자동 820 신아아파트 ,,한식,2026-05-27
일반음식점,원조갈비탕,"강원특별자치도 춘천시 시청길 32, 1층 110호 (조양동)",강원특별자치도 춘천시 조양동 6-227 ,033-241-8882,한식,2026-05-27
일반음식점,은행나무집,강원특별자치도 춘천시 신동면 경춘로 1773,강원특별자치도 춘천시 신동면 팔미리 437-1 ,033-261-2442,한식,2026-05-27
일반음식점,육앤콩,"강원특별자치도 춘천시 솟발1길 4-51, 1층 (퇴계동)",강원특별자치도 춘천시 퇴계동 475-4 ,033-254-6060,한식,2026-05-27
일반음식점,전나루터,"강원특별자치도 춘천시 석사길5번길 37, 1층 (석사동)",강원특별자치도 춘천시 석사동 671-4 ,033-262-5539,분식,2026-05-27
일반음식점,교토정원,"강원특별자치도 춘천시 서부대성로 98, 1층 (조양동)",강원특별자치도 춘천시 조양동 6-115 ,,기타,2026-05-27
일반음식점,탄탄면공방 춘천점,"강원특별자치도 춘천시 백령로138번길 49, 1층 (효자동)",강원특별자치도 춘천시 효자동 631-14 ,033-251-7405,한식,2026-05-27
일반음식점,케이제이푸드(KJ푸드),"강원특별자치도 춘천시 효자로 73, 1층 (효자동)",강원특별자치도 춘천시 효자동 670 ,,한식,2026-05-27
일반음식점,스퀴즈브루어리,"강원특별자치도 춘천시 공지로 353, 1,2층 (효자동)",강원특별자치도 춘천시 효자동 685-10 ,033-818-1663,호프/통닭,2026-05-27
일반음식점,무국적술집평안,"강원특별자치도 춘천시 낙원길 46-2, 1층 (중앙로2가)",강원특별자치도 춘천시 중앙로2가 94-3 ,,일식,2026-05-27
일반음식점,수내닭꼬치(퇴계점),"강원특별자치도 춘천시 퇴계로105번길 7, 1층 (퇴계동)",강원특별자치도 춘천시 퇴계동 1082 ,033-262-9959,기타,2026-05-27
일반음식점,황가네감자옹심이,"강원특별자치도 춘천시 춘천로255번길 2, 1층 (후평동)",강원특별자치도 춘천시 후평동 677-3 ,033-257-2550,기타,2026-05-27
일반음식점,반올림피자샵춘천1호점,"강원특별자치도 춘천시 삭주로 44, 1층 (교동)",강원특별자치도 춘천시 교동 149-8 ,033-251-7717,기타,2026-05-27
일반음식점,감포생아구찜,"강원특별자치도 춘천시 영서로2279번길 25, 1층 (온의동)",강원특별자치도 춘천시 온의동 516 ,033-255-5988,기타,2026-05-27
일반음식점,돼지한마리일성점,"강원특별자치도 춘천시 우묵길78번길 5, 1층 (퇴계동)",강원특별자치도 춘천시 퇴계동 1137-2 ,033-251-9291,식육(숯불구이),2026-05-27
일반음식점,김밥옆구리,"강원특별자치도 춘천시 동내면 거두택지길 39, 1층 103호",강원특별자치도 춘천시 동내면 거두리 1090-3 ,033-261-0583,기타,2026-05-27
일반음식점,세할머니막국수,"강원특별자치도 춘천시 우석로4번길 11-2, 1층 (석사동)",강원특별자치도 춘천시 석사동 778-1 ,033-244-0110,한식,2026-05-27
일반음식점,TRAM(트램),"강원특별자치도 춘천시 스무숲1길 4-1, 1층 (석사동)",강원특별자치도 춘천시 석사동 909-6 ,,기타,2026-05-27
일반음식점,덕성식당,"강원특별자치도 춘천시 효석로25번길 18, 1층 (효자동)",강원특별자치도 춘천시 효자동 301-14 ,033-264-9707,분식,2026-05-27
일반음식점,가마솥순대국,"강원특별자치도 춘천시 효자로 11, 1층 (퇴계동)",강원특별자치도 춘천시 퇴계동 1152-6 ,033-242-5989,한식,2026-05-27
일반음식점,땡촌닭발애막골점,"강원특별자치도 춘천시 우석로79번길 16-19, 1층 (석사동)",강원특별자치도 춘천시 석사동 735-5 ,033-262-3220,한식,2026-05-27
일반음식점,주식회사통나무집철판닭갈비,"강원특별자치도 춘천시 신북읍 신샘밭로 663, 1층",강원특별자치도 춘천시 신북읍 천전리 97-1 ,033-252-5991,한식,2026-05-27
일반음식점,화평장,"강원특별자치도 춘천시 보안길 62, 2층 (후평동)",강원특별자치도 춘천시 후평동 458-1 ,033-255-2928,식육(숯불구이),2026-05-27
일반음식점,카페메이트,"강원특별자치도 춘천시 사우로 161, 1층 (우두동)",강원특별자치도 춘천시 우두동 167-4 ,033-253-6678,기타,2026-05-27
일반음식점,샤브마니아춘천점,"강원특별자치도 춘천시 동면 춘천순환로 344, 1층",강원특별자치도 춘천시 동면 만천리 526-1 ,033-262-0854,한식,2026-05-27
일반음식점,별하네해마루,"강원특별자치도 춘천시 춘천로 58, 1층 (효자동)",강원특별자치도 춘천시 효자동 590-5 ,,기타,2026-05-27
일반음식점,써나비어2013,"강원특별자치도 춘천시 우석로79번길 12-7, 1층 (석사동)",강원특별자치도 춘천시 석사동 734-9 ,033-264-2013,정종/대포집/소주방,2026-05-27
일반음식점,갓포핫토,"강원특별자치도 춘천시 스무숲2길 8-1, 1층 (석사동)",강원특별자치도 춘천시 석사동 186-41 ,033-262-8775,일식,2026-05-27
일반음식점,려블랙,"강원특별자치도 춘천시 서부대성로48번길 20, 1층 (요선동)",강원특별자치도 춘천시 요선동 14-5 ,033-653-1805,분식,2026-05-27
일반음식점,꽃심이네,"강원특별자치도 춘천시 지석로 11, 하나로마트(퇴계점) (퇴계동)",강원특별자치도 춘천시 퇴계동 164-3 하나로마트(퇴계점) ,,분식,2026-05-27
일반음식점,퓨전카페,"강원특별자치도 춘천시 서부대성로 12, 1층 129,91호 (소양로2가, 신동아아파트)",강원특별자치도 춘천시 소양로2가 172-1 신동아아파트 ,,한식,2026-05-27
일반음식점,만남의장소,"강원특별자치도 춘천시 남면 소주고개로 67, 2동 1층",강원특별자치도 춘천시 남면 후동리 430-1 ,033-263-1060,분식,2026-05-27
일반음식점,그린그라스스무숲길점,"강원특별자치도 춘천시 안마산로 324-10, 1층 (석사동)",강원특별자치도 춘천시 석사동 935-1 ,,기타,2026-05-27
일반음식점,가까운,"강원특별자치도 춘천시 후석로46번길 27, 1층 (석사동)",강원특별자치도 춘천시 석사동 667-6 ,,식육(숯불구이),2026-05-27
일반음식점,본도시락춘천점,"강원특별자치도 춘천시 춘천로151번길 2, 1층 (운교동)",강원특별자치도 춘천시 운교동 169-12 ,033-241-4282,기타,2026-05-27
일반음식점,쉬러와,"강원특별자치도 춘천시 신북읍 지내고탄로 246, 1,2층",강원특별자치도 춘천시 신북읍 지내리 473 ,033-242-6039,기타,2026-05-27
일반음식점,치킨마에스트로본점,"강원특별자치도 춘천시 춘천로 306-3, 1층 (후평동)",강원특별자치도 춘천시 후평동 692-10 ,033-257-2557,호프/통닭,2026-05-27
일반음식점,누구나홀딱반한닭 춘천온의점,"강원특별자치도 춘천시 스포츠타운길 523, 1층 (온의동)",강원특별자치도 춘천시 온의동 73-20 ,033-242-7179,호프/통닭,2026-05-27
일반음식점,마코토맨,"강원특별자치도 춘천시 퇴계로105번길 7, 1층 104호 (퇴계동)",강원특별자치도 춘천시 퇴계동 1082 ,033-261-7819,분식,2026-05-27
일반음식점,큰지붕닭갈비,"강원특별자치도 춘천시 신북읍 신샘밭로 652, 1층",강원특별자치도 춘천시 신북읍 천전리 92-1 ,033-256-9292,식육(숯불구이),2026-05-27
일반음식점,유민이네부대찌개육개장,강원특별자치도 춘천시 동내면 영서로 1757,강원특별자치도 춘천시 동내면 학곡리 279-14 ,033-262-8050,한식,2026-05-27
일반음식점,연화각,"강원특별자치도 춘천시 충혼길52번길 20-23, 1층 (온의동)",강원특별자치도 춘천시 온의동 534-1 ,033-256-5863,한식,2026-05-27
일반음식점,큐브트리,"강원특별자치도 춘천시 금강로 76-1, 2층 (조양동)",강원특별자치도 춘천시 조양동 29-2 ,033-252-5840,분식,2026-05-27
일반음식점,나들목1989,"강원특별자치도 춘천시 우묵들길 5, 1층 (퇴계동)",강원특별자치도 춘천시 퇴계동 1189-6 ,033-253-9994,정종/대포집/소주방,2026-05-27
일반음식점,루트나인,"강원특별자치도 춘천시 중앙로67번길 13, 지하1층 (조양동)",강원특별자치도 춘천시 조양동 144-10 ,,기타,2026-05-27
일반음식점,샵고래,"강원특별자치도 춘천시 백령로 139, 2,3층 (효자동)",강원특별자치도 춘천시 효자동 619-9 ,,식육(숯불구이),2026-05-27
일반음식점,중화촌,"강원특별자치도 춘천시 신북읍 상천3길 32, 1층",강원특별자치도 춘천시 신북읍 천전리 215-8 ,033-242-7877,중국식,2026-05-27
일반음식점,60계치킨강원춘천강대온의점,"강원특별자치도 춘천시 방송길 77, 1층 1115, 1135호 (온의동, 춘천 센트럴타워 푸르지오)",강원특별자치도 춘천시 온의동 601 춘천 센트럴타워 푸르지오 ,033-251-8043,호프/통닭,2026-05-27
일반음식점,성대수산,"강원특별자치도 춘천시 영서로 2800, 1층 (우두동)",강원특별자치도 춘천시 우두동 759-7 ,033-251-0585,횟집,2026-05-27
일반음식점,일과사랑,"강원특별자치도 춘천시 삭주로 51, 1층 (교동)",강원특별자치도 춘천시 교동 93-258 ,,정종/대포집/소주방,2026-05-27
일반음식점,벤치(cafe Bench),"강원특별자치도 춘천시 스포츠타운길 404, 1층 (삼천동)",강원특별자치도 춘천시 삼천동 158 ,033-251-5665,기타,2026-05-27
일반음식점,광판팔뚝김밥퇴계점,"강원특별자치도 춘천시 안마산로 42, 1층 (퇴계동)",강원특별자치도 춘천시 퇴계동 796 ,033-257-7796,분식,2026-05-27
일반음식점,하루일식,"강원특별자치도 춘천시 후석로 12, 5층 (석사동)",강원특별자치도 춘천시 석사동 809-2 ,033-261-1116,일식,2026-05-27
일반음식점,소양강농원콩이랑두부랑,강원특별자치도 춘천시 사우벌길 15 (사농동),강원특별자치도 춘천시 사농동 596-2 ,033-242-0200,한식,2026-05-27
일반음식점,아워테이스트,"강원특별자치도 춘천시 옥천길40번길 14, 1층 (옥천동)",강원특별자치도 춘천시 옥천동 14-48 ,033-256-4695,경양식,2026-05-27
일반음식점,초마미엔,"강원특별자치도 춘천시 후석로46번길 5, 1층 (석사동)",강원특별자치도 춘천시 석사동 666-15 ,033-262-0063,중국식,2026-05-27
일반음식점,돈까스앤덮밥,"강원특별자치도 춘천시 퇴계로 95, 1층 104호 (퇴계동)",강원특별자치도 춘천시 퇴계동 1093 ,033-261-7474,분식,2026-05-27
일반음식점,길목식당,"강원특별자치도 춘천시 소양정길 5, 1층 (소양로1가)",강원특별자치도 춘천시 소양로1가 102-11 ,033-252-3914,한식,2026-05-27
일반음식점,노랑통닭석사점,"강원특별자치도 춘천시 후석로 14, 1층 101호 (석사동)",강원특별자치도 춘천시 석사동 809-1 ,033-262-5100,호프/통닭,2026-05-27
일반음식점,풍천민물장어,"강원특별자치도 춘천시 행촌로 52, 1층 (퇴계동)",강원특별자치도 춘천시 퇴계동 900-8 ,033-255-9249,한식,2026-05-27
일반음식점,웍선생,"강원특별자치도 춘천시 후석로462번길 96, 1,2층 (후평동)",강원특별자치도 춘천시 후평동 186 ,033-251-0333,식육(숯불구이),2026-05-27
일반음식점,감마샵,"강원특별자치도 춘천시 벌말길 61, 1층 (석사동)",강원특별자치도 춘천시 석사동 644-8 ,,정종/대포집/소주방,2026-05-27
일반음식점,방림메밀막국수춘천직영점,"강원특별자치도 춘천시 신샘밭로 226-1, 1층 (신동)",강원특별자치도 춘천시 신동 1150-2 ,,한식,2026-05-27
일반음식점,썬더치킨애막골점,"강원특별자치도 춘천시 우석로63번길 13, 1층 (석사동)",강원특별자치도 춘천시 석사동 748-1 ,,한식,2026-05-27
일반음식점,와이어드커피,"강원특별자치도 춘천시 동내면 순환대로 632, 1층",강원특별자치도 춘천시 동내면 학곡리 5-14 ,033-264-0633,기타,2026-05-27
일반음식점,샤브마니아메가박스점,"강원특별자치도 춘천시 춘천로17번길 17, 106호, 107호, 108호 (온의동)",강원특별자치도 춘천시 온의동 587-8 ,033-252-0854,한식,2026-05-27
일반음식점,피자래빗,"강원특별자치도 춘천시 서면 박사로 233, 1동 지하2층",강원특별자치도 춘천시 서면 덕두원리 40-12 ,033-243-7219,기타,2026-05-27
일반음식점,팜트리,"강원특별자치도 춘천시 남춘로26번길 12, 1층 (퇴계동)",강원특별자치도 춘천시 퇴계동 1078 ,033-263-5599,호프/통닭,2026-05-27
일반음식점,광판팔뚝김밥교대점,"강원특별자치도 춘천시 공지로 111, 상가동 1층 105호 (석사동, 석사신우아파트)",강원특별자치도 춘천시 석사동 682-1 석사신우아파트 ,033-264-7796,호프/통닭,2026-05-27
일반음식점,큰집장대박본점,"강원특별자치도 춘천시 춘천로410번길 19, 1층 (후평동)",강원특별자치도 춘천시 후평동 747-3 ,033-251-5507,식육(숯불구이),2026-05-27
일반음식점,돈카미,"강원특별자치도 춘천시 춘천로17번길 17, 뉴타운 1층 103호 (온의동)",강원특별자치도 춘천시 온의동 587-8 ,033-241-8008,경양식,2026-05-27
일반음식점,태양숯불갈비,"강원특별자치도 춘천시 중앙로 176, 1층 (근화동)",강원특별자치도 춘천시 근화동 264-12 ,,한식,2026-05-27
일반음식점,원주일미통닭,"강원특별자치도 춘천시 서부대성로 140-2, 1층 (운교동)",강원특별자치도 춘천시 운교동 187-9 ,033-254-3992,호프/통닭,2026-05-27
일반음식점,춘천산닭 산속에닭갈비,"강원특별자치도 춘천시 옛경춘로 562-20, 가,나동 1층 (온의동)",강원특별자치도 춘천시 온의동 472-2 ,033-242-8895,한식,2026-05-27
일반음식점,거두108,"강원특별자치도 춘천시 동내면 춘천순환로 108, 좌측 1층",강원특별자치도 춘천시 동내면 거두리 1080-1 ,033-262-2411,기타,2026-05-27
일반음식점,꼬꼬포차,"강원특별자치도 춘천시 춘천로296번길 7, 1층 (후평동)",강원특별자치도 춘천시 후평동 691-1 ,033-264-0437,한식,2026-05-27
일반음식점,빽가네,"강원특별자치도 춘천시 행촌로32번길 5-15, 1층 (퇴계동)",강원특별자치도 춘천시 퇴계동 902-2 ,033-244-0459,한식,2026-05-27
일반음식점,홍농댁,"강원특별자치도 춘천시 소양로 12, 1,2층 (근화동)",강원특별자치도 춘천시 근화동 732-2 ,,기타,2026-05-27
일반음식점,돈기부여후평점,"강원특별자치도 춘천시 후석로 395, 1층 (후평동)",강원특별자치도 춘천시 후평동 710-30 ,033-257-8242,분식,2026-05-27
일반음식점,근화순대국밥,"강원특별자치도 춘천시 공지로 484-1, 1층 (근화동)",강원특별자치도 춘천시 근화동 730-8 ,033-261-7605,한식,2026-05-27
일반음식점,큐스타앤펍,"강원특별자치도 춘천시 서부대성로239번길 23, 1층 (효자동)",강원특별자치도 춘천시 효자동 17-10 ,,기타,2026-05-27
일반음식점,곤지암할매소머리국밥,"강원특별자치도 춘천시 신동면 김유정로 1417, A동 1층 102호",강원특별자치도 춘천시 신동면 증리 938-2 ,033-262-7188,분식,2026-05-27
일반음식점,소담소담카페,강원특별자치도 춘천시 남산면 강촌구곡길 258,강원특별자치도 춘천시 남산면 강촌리 676-34 ,,기타,2026-05-27
일반음식점,지고지술,"강원특별자치도 춘천시 영서로2756번길 8, 1층 (우두동)",강원특별자치도 춘천시 우두동 1062 ,033-251-0304,정종/대포집/소주방,2026-05-27
일반음식점,산천어춘천닭갈비,"강원특별자치도 춘천시 효자로 134-2, 2층 (효자동)",강원특별자치도 춘천시 효자동 100-3 ,033-257-7355,한식,2026-05-27
일반음식점,라화쿵부춘천점,"강원특별자치도 춘천시 명동길 12, 2층 (중앙로2가)",강원특별자치도 춘천시 중앙로2가 20-2 2층 ,070-7740-0999,중국식,2026-05-27
일반음식점,수작,"강원특별자치도 춘천시 동내면 거두택지길44번길 25, 1층",강원특별자치도 춘천시 동내면 거두리 1127-6 ,,분식,2026-05-27
일반음식점,방월리전점,"강원특별자치도 춘천시 벌말길 72-1, 1층 (석사동)",강원특별자치도 춘천시 석사동 640-2 ,033-261-8988,횟집,2026-05-27
일반음식점,밥이랑술이랑,"강원특별자치도 춘천시 행촌로32번길 5-22, 1층 (퇴계동)",강원특별자치도 춘천시 퇴계동 905-8 ,033-257-3810,정종/대포집/소주방,2026-05-27
일반음식점,청년다방춘천온의점,"강원특별자치도 춘천시 춘천로17번길 21, 춘천강남하이엔드 1층 106호 (온의동)",강원특별자치도 춘천시 온의동 587-5 춘천강남하이엔드 ,033-253-5579,기타,2026-05-27
일반음식점,초래동제육전집,"강원특별자치도 춘천시 충열로16번길 12, 1층 (우두동)",강원특별자치도 춘천시 우두동 1066-9 ,033-256-1990,한식,2026-05-27
일반음식점,응급실국물떡볶이춘천강원대점,"강원특별자치도 춘천시 백령로 137, 101호 (효자동)",강원특별자치도 춘천시 효자동 618-13 ,0332-5455-66,분식,2026-05-27
일반음식점,리멤버,"강원특별자치도 춘천시 우묵길78번길 5, 2층 (퇴계동)",강원특별자치도 춘천시 퇴계동 1137-2 ,033-241-7877,라이브카페,2026-05-27
일반음식점,방콕66,"강원특별자치도 춘천시 춘천로 340, 1층 (후평동)",강원특별자치도 춘천시 후평동 728-6 ,033-255-9291,기타,2026-05-27
일반음식점,느티나무집,"강원특별자치도 춘천시 동내면 대룡산길 44, 1층",강원특별자치도 춘천시 동내면 사암리 1213-1 ,033-263-8023,한식,2026-05-27
일반음식점,남부옛날통닭,"강원특별자치도 춘천시 효명길 7-24, 1층 (효자동)",강원특별자치도 춘천시 효자동 547 ,,호프/통닭,2026-05-27
일반음식점,온유정,"강원특별자치도 춘천시 수변공원길 25, 1층 (삼천동)",강원특별자치도 춘천시 삼천동 13-3 ,033-251-2014,한식,2026-05-27
일반음식점,특미원,"강원특별자치도 춘천시 백령로 138, 1층 (효자동)",강원특별자치도 춘천시 효자동 626 ,033-241-6888,중국식,2026-05-27
일반음식점,육대장근화점,"강원특별자치도 춘천시 소양로 12, 1층 (근화동)",강원특별자치도 춘천시 근화동 732-2 ,033-255-1255,한식,2026-05-27
일반음식점,닝교초식당(후평점),"강원특별자치도 춘천시 후석로 326, 206호 (후평동)",강원특별자치도 춘천시 후평동 701-8 ,033-253-4630,일식,2026-05-27
일반음식점,영월집,"강원특별자치도 춘천시 우두3길 1, 1층 (우두동)",강원특별자치도 춘천시 우두동 1097-5 ,033-254-7904,정종/대포집/소주방,2026-05-27
일반음식점,샘골,"강원특별자치도 춘천시 서면 방동샘골길 35, 1층",강원특별자치도 춘천시 서면 방동리 744-2 ,033-255-7206,한식,2026-05-27
일반음식점,카페뜰,"강원특별자치도 춘천시 신동면 김유정로 1720, 1층",강원특별자치도 춘천시 신동면 정족리 712-4 ,033-910-6477,기타,2026-05-27
일반음식점,들꽃가든남춘천,강원특별자치도 춘천시 남산면 김유정로 303,강원특별자치도 춘천시 남산면 광판리 426-5 ,050-7959-7730,한식,2026-05-27
일반음식점,이자카야하나,"강원특별자치도 춘천시 보안길 62, 3층 (후평동)",강원특별자치도 춘천시 후평동 458-1 ,,일식,2026-05-27
일반음식점,탐앤탐스레스토랑,"강원특별자치도 춘천시 동면 소양강로 718, 2층",강원특별자치도 춘천시 동면 지내리 2-11 ,033-252-3576,기타,2026-05-27
일반음식점,자담치킨후평점,"강원특별자치도 춘천시 춘천로 270, 1층 (후평동)",강원특별자치도 춘천시 후평동 683 ,033-252-6600,호프/통닭,2026-05-27
일반음식점,긱스피자춘천점,"강원특별자치도 춘천시 효제길 13, 1층 (효자동)",강원특별자치도 춘천시 효자동 150-10 ,033-910-2227,분식,2026-05-27
일반음식점,동양관,"강원특별자치도 춘천시 우묵길 80, 1층 (퇴계동)",강원특별자치도 춘천시 퇴계동 1137 ,,정종/대포집/소주방,2026-05-27
일반음식점,소근소근,"강원특별자치도 춘천시 소양정길 4, 1층 (소양로1가)",강원특별자치도 춘천시 소양로1가 93-2 ,,기타,2026-05-27
일반음식점,슬로우데이(slowday),강원특별자치도 춘천시 신북읍 배후령1길 70,강원특별자치도 춘천시 신북읍 천전리 545-2 ,070-4179-3564,기타,2026-05-27
일반음식점,신바람낙지,"강원특별자치도 춘천시 공지로 57-2, 1층 (석사동)",강원특별자치도 춘천시 석사동 113-1 ,033-818-0707,한식,2026-05-27
일반음식점,가라와라국물닭발춘천퇴계점,"강원특별자치도 춘천시 퇴계로105번길 5, 1층 (퇴계동)",강원특별자치도 춘천시 퇴계동 1083 ,033-262-7758,한식,2026-05-27
일반음식점,피자스쿨춘천한림대점,"강원특별자치도 춘천시 삭주로 71, 1층 (교동)",강원특별자치도 춘천시 교동 152-5 ,033-251-7707,기타,2026-05-27
일반음식점,토속촌,"강원특별자치도 춘천시 신북읍 금광길 158, 1층",강원특별자치도 춘천시 신북읍 산천리 629 ,033-244-4337,한식,2026-05-27
일반음식점,쫄면주는삼겹본능춘천점,"강원특별자치도 춘천시 둥지길 34, 1층 (효자동)",강원특별자치도 춘천시 효자동 149-16 ,033-252-7792,한식,2026-05-27
일반음식점,뚜레,"강원특별자치도 춘천시 동내면 순환대로 643, 가동 1,2층",강원특별자치도 춘천시 동내면 학곡리 3-7 , 033-262-8838,식육(숯불구이),2026-05-27
일반음식점,남춘천면옥,"강원특별자치도 춘천시 남산면 김유정로 427-36, 1층",강원특별자치도 춘천시 남산면 광판리 342 ,033-263-8119,냉면집,2026-05-27
일반음식점,소울림,"강원특별자치도 춘천시 스포츠타운길 344, 1,2층 (삼천동)",강원특별자치도 춘천시 삼천동 293-1 ,033-255-9929,식육(숯불구이),2026-05-27
일반음식점,김여사네등갈비찜,"강원특별자치도 춘천시 전원길 41-1, 1층 (효자동)",강원특별자치도 춘천시 효자동 746-6 ,,식육(숯불구이),2026-05-27
일반음식점,속초회냉면,"강원특별자치도 춘천시 춘천로138번길 13, 1층 (운교동)",강원특별자치도 춘천시 운교동 176-6 ,033-257-4696,냉면집,2026-05-27
일반음식점,생선명가거북명태,"강원특별자치도 춘천시 동내면 거두택지길26번길 9-14, 1층",강원특별자치도 춘천시 동내면 거두리 968-1 ,033-263-0587,한식,2026-05-27
일반음식점,우성닭갈비본점,강원특별자치도 춘천시 동면 만천양지길 87,강원특별자치도 춘천시 동면 만천리 755-1 ,033-242-3833,식육(숯불구이),2026-05-27
일반음식점,팔미리손맛낚시터,"강원특별자치도 춘천시 신동면 경춘로 1817, 2층",강원특별자치도 춘천시 신동면 팔미리 861-159 ,033-261-3570,한식,2026-05-27
일반음식점,춘천왕족발,"강원특별자치도 춘천시 남춘로36번길 56, 1층 (퇴계동)",강원특별자치도 춘천시 퇴계동 952-6 ,033-263-9981,식육(숯불구이),2026-05-27
일반음식점,번쩍피자춘천점,"강원특별자치도 춘천시 백령로 113, 1층 (효자동)",강원특별자치도 춘천시 효자동 769-13 ,033-243-9990,기타,2026-05-27
일반음식점,홍마라탕양꼬치,"강원특별자치도 춘천시 충혼길20번길 13, 1층 (온의동)",강원특별자치도 춘천시 온의동 521 ,033-257-8822,한식,2026-05-27
일반음식점,족발야시장&무청감자탕,"강원특별자치도 춘천시 김유정로 1897, 2층 (퇴계동)",강원특별자치도 춘천시 퇴계동 178-3 ,033-263-4969,식육(숯불구이),2026-05-27
일반음식점,강변,"강원특별자치도 춘천시 남면 한덕발산길 15, 1층",강원특별자치도 춘천시 남면 한덕리 603-4 ,,한식,2026-05-27
일반음식점,알또,"강원특별자치도 춘천시 보안길 12-1, 1층 (후평동)",강원특별자치도 춘천시 후평동 804-19 ,033-242-0111,한식,2026-05-27
일반음식점,장터먹거리,"강원특별자치도 춘천시 영서로 2352-21, 풍물시장 2동 202호 (온의동)",강원특별자치도 춘천시 온의동 29-3 풍물시장 ,,기타,2026-05-27
일반음식점,인제재래식손두부1호점,"강원특별자치도 춘천시 동내면 영서로 1765, 1층",강원특별자치도 춘천시 동내면 학곡리 276-2 ,033-910-7914,한식,2026-05-27
일반음식점,초설,"강원특별자치도 춘천시 우묵길52번길 11, 1층 (퇴계동)",강원특별자치도 춘천시 퇴계동 1189-7 ,,식육(숯불구이),2026-05-27
일반음식점,쌈빠찹쌀강정,"강원특별자치도 춘천시 동내면 학곡동길 4, 1층",강원특별자치도 춘천시 동내면 학곡리 606-3 ,033-264-5592,기타,2026-05-27
일반음식점,탕화쿵푸,"강원특별자치도 춘천시 명동길 20, 2층 (중앙로2가)",강원특별자치도 춘천시 중앙로2가 29 2층 ,033-251-3665,중국식,2026-05-27
일반음식점,청계곱창,"강원특별자치도 춘천시 행촌로32번길 5-10, 1층 (퇴계동)",강원특별자치도 춘천시 퇴계동 904-9 ,,기타,2026-05-27
일반음식점,김밥킹석사점,"강원특별자치도 춘천시 퇴계농공로 11, 104호 (석사동)",강원특별자치도 춘천시 석사동 888-1 ,033-261-3337,기타,2026-05-27
일반음식점,지척,"강원특별자치도 춘천시 영서로2756번길 9, 1층 (우두동)",강원특별자치도 춘천시 우두동 1063-6 ,033-255-4660,정종/대포집/소주방,2026-05-27
일반음식점,마릴본,"강원특별자치도 춘천시 효자상길 2, 1층 (효자동)",강원특별자치도 춘천시 효자동 542-2 ,033-256-6688,경양식,2026-05-27
일반음식점,리얼스노우(Real-Snow),"강원특별자치도 춘천시 남산면 문의골길 76-21, 1층",강원특별자치도 춘천시 남산면 방하리 104 ,,기타,2026-05-27
일반음식점,쌍팔통닭춘천온의점,"강원특별자치도 춘천시 영서로 2333, 1층 101호 (온의동)",강원특별자치도 춘천시 온의동 52-7 ,033-257-4860,기타,2026-05-27
일반음식점,쉘터462(shelter 462),"강원특별자치도 춘천시 춘천로204번길 26, 1층 (효자동)",강원특별자치도 춘천시 효자동 607-14 ,,기타,2026-05-27
일반음식점,싸움의고수춘천명동점,"강원특별자치도 춘천시 중앙로67번길 18, 5동 1층 5107호 (죽림동, 브라운가)",강원특별자치도 춘천시 죽림동 189 브라운가 5동 5107호,033-242-9293,한식,2026-05-27
일반음식점,도그스테이블석사점,"강원특별자치도 춘천시 안마산로 294-30, 1층 (석사동)",강원특별자치도 춘천시 석사동 172 ,033-264-0024,기타,2026-05-27
일반음식점,왕만두,"강원특별자치도 춘천시 방송길 77, 지하1층 125호 (온의동, 춘천 센트럴타워 푸르지오)",강원특별자치도 춘천시 온의동 601 춘천 센트럴타워 푸르지오 ,033-251-5480,분식,2026-05-27
일반음식점,풀문(Full Moon),"강원특별자치도 춘천시 효자로 136, 2층 (효자동)",강원특별자치도 춘천시 효자동 651 ,033-255-8858,기타,2026-05-27
일반음식점,오필승닭발한림대점,"강원특별자치도 춘천시 성심로 4, 1층 (교동)",강원특별자치도 춘천시 교동 157-25 ,033-911-5655,중국식,2026-05-27
일반음식점,롭앤로비나(LOB&ROBINA),"강원특별자치도 춘천시 동내면 외솔길19번길 80-32, 3층 301호",강원특별자치도 춘천시 동내면 거두리 1062-3 301호,,기타,2026-05-27
일반음식점,베어크리크춘천식당,"강원특별자치도 춘천시 신동면 김유정로 730, 1층",강원특별자치도 춘천시 신동면 혈동리 산 123 ,,한식,2026-05-27
일반음식점,한촌설렁탕춘천만천점,"강원특별자치도 춘천시 동면 춘천순환로 391, 1층",강원특별자치도 춘천시 동면 만천리 475-2 ,033-252-3989,한식,2026-05-27
일반음식점,생곡막국수춘천점,"강원특별자치도 춘천시 동면 춘천순환로 408, 1층",강원특별자치도 춘천시 동면 만천리 430 ,033-264-3000,한식,2026-05-27
일반음식점,이모네밥상,"강원특별자치도 춘천시 스무숲1길 38-8, 1층 (석사동)",강원특별자치도 춘천시 석사동 915-8 ,033-264-2613,한식,2026-05-27
일반음식점,노랑노랑,"강원특별자치도 춘천시 보안길 36, 상가1동 106호 (후평동, 우미린뉴시티)",강원특별자치도 춘천시 후평동 43 우미린뉴시티 ,033-256-9996,기타,2026-05-27
일반음식점,포랑온의점,"강원특별자치도 춘천시 춘천로17번길 21, 춘천강남하이엔드 1층 103호 (온의동)",강원특별자치도 춘천시 온의동 587-5 춘천강남하이엔드 ,033-252-5788,한식,2026-05-27
일반음식점,파피루스,"강원특별자치도 춘천시 안마산로 21, 1층 (온의동)",강원특별자치도 춘천시 온의동 548-10 ,070-8817-4592,기타,2026-05-27
일반음식점,박군한우,"강원특별자치도 춘천시 퇴계로145번길 11-6, 1층 (퇴계동)",강원특별자치도 춘천시 퇴계동 956-11 ,033-262-8988,횟집,2026-05-27
일반음식점,후동리닭갈비,"강원특별자치도 춘천시 남면 소주고개로 181-6, 1층",강원특별자치도 춘천시 남면 후동리 산 96-3 ,033-262-1110,식육(숯불구이),2026-05-27
일반음식점,베어크리크춘천 스타트하우스,"강원특별자치도 춘천시 신동면 김유정로 730, 스타트하우스",강원특별자치도 춘천시 신동면 혈동리 산 49-1 ,0242-6367-8,기타,2026-05-27
일반음식점,베어크리크춘천 클럽하우스대식당,"강원특별자치도 춘천시 신동면 김유정로 730, 클럽하우스대식당 1층",강원특별자치도 춘천시 신동면 혈동리 산 49-1 ,,기타,2026-05-27
일반음식점,자갈치브라더스춘천후평점,"강원특별자치도 춘천시 보안길 36, 상가동 3동 101호 (후평동, 우미린뉴시티)",강원특별자치도 춘천시 후평동 43 우미린뉴시티 ,,기타,2026-05-27
일반음식점,순이네불쭈꾸미/닭볶음탕,"강원특별자치도 춘천시 우묵길70번길 13, 1층 (퇴계동)",강원특별자치도 춘천시 퇴계동 1159-5 ,033-264-1999,정종/대포집/소주방,2026-05-27
일반음식점,후라이드참잘하는집,"강원특별자치도 춘천시 퇴계로 139-1, 1층 102호 (퇴계동)",강원특별자치도 춘천시 퇴계동 964-3 ,033-263-9294,호프/통닭,2026-05-27
일반음식점,장터왕족발보쌈,"강원특별자치도 춘천시 사우로 31-20, 1층 (사농동)",강원특별자치도 춘천시 사농동 99-38 ,033-252-0982,식육(숯불구이),2026-05-27
일반음식점,보안감자탕앤호세야,"강원특별자치도 춘천시 보안길 62, 5층 (후평동)",강원특별자치도 춘천시 후평동 458-1 ,033-252-3737,한식,2026-05-27
일반음식점,빨강머리이모닭갈비,"강원특별자치도 춘천시 금강로62번길 10, 1층 (조양동)",강원특별자치도 춘천시 조양동 51-16 ,033-242-5415,식육(숯불구이),2026-05-27
일반음식점,녹색시간,"강원특별자치도 춘천시 낙원길33번길 4-3, 1층 (낙원동)",강원특별자치도 춘천시 낙원동 60-4 ,,기타,2026-05-27
일반음식점,골목횟집,"강원특별자치도 춘천시 충열로16번길 21-11, 1층 (우두동)",강원특별자치도 춘천시 우두동 1062-12 ,033-251-5592,횟집,2026-05-27
일반음식점,춘천명종닭갈비&교동면옥,"강원특별자치도 춘천시 동면 도일길 56, 1,2층",강원특별자치도 춘천시 동면 만천리 676 ,033-241-0599,식육(숯불구이),2026-05-27
일반음식점,77닭강정,"강원특별자치도 춘천시 중앙로77번길 10-1, 1층 (죽림동)",강원특별자치도 춘천시 죽림동 11-153 ,,"외국음식전문점(인도,태국등)",2026-05-27
일반음식점,천진동석사점,"강원특별자치도 춘천시 벌말길 81, 1층 (석사동)",강원특별자치도 춘천시 석사동 648-2 ,033-243-2323,한식,2026-05-27
일반음식점,백스비어춘천스무숲점,"강원특별자치도 춘천시 스무숲4길 7, 1층 (석사동)",강원특별자치도 춘천시 석사동 942-4 ,033-261-5525,호프/통닭,2026-05-27
일반음식점,종점순대국,"강원특별자치도 춘천시 중앙로 176, 1층 (근화동)",강원특별자치도 춘천시 근화동 264-12 ,033-251-5488,한식,2026-05-27
일반음식점,도야족발남춘천역점,"강원특별자치도 춘천시 우묵길56번길 24, 1층 104호 (퇴계동)",강원특별자치도 춘천시 퇴계동 1191-2 ,033-255-1980,식육(숯불구이),2026-05-27
일반음식점,블루핀,"강원특별자치도 춘천시 향교앞길 8, 1층 (교동)",강원특별자치도 춘천시 교동 85-2 ,033-241-0120,일식,2026-05-27
일반음식점,소소베이글,"강원특별자치도 춘천시 춘주로92번길 9-1, 오른쪽 1층 (온의동)",강원특별자치도 춘천시 온의동 539-6 ,,기타,2026-05-27
일반음식점,카페레이크뷰,"강원특별자치도 춘천시 상중도길 15-24, 1,2,3층 (중도동)",강원특별자치도 춘천시 중도동 271-8 ,033-252-6134,기타,2026-05-27
일반음식점,금화,"강원특별자치도 춘천시 동내면 거두택지길14번길 13, 1층",강원특별자치도 춘천시 동내면 거두리 982-1 ,,정종/대포집/소주방,2026-05-27
일반음식점,쭈노치킨석사점,"강원특별자치도 춘천시 새롬공원길5번길 13-1, 1층 (석사동)",강원특별자치도 춘천시 석사동 843-1 ,033-253-9245,호프/통닭,2026-05-27
일반음식점,디올,"강원특별자치도 춘천시 스무숲1길 8-7, 1층 (석사동)",강원특별자치도 춘천시 석사동 907-9 ,033-263-7265,감성주점,2026-05-27
일반음식점,제주은희네해장국퇴계점,"강원특별자치도 춘천시 춘천로 32, 1층 (퇴계동)",강원특별자치도 춘천시 퇴계동 1160-6 ,033-244-8288,한식,2026-05-27
일반음식점,오후펜션 바베큐,"강원특별자치도 춘천시 남산면 강촌로 244, 1층",강원특별자치도 춘천시 남산면 방곡리 280-1 ,033-262-6556,기타,2026-05-27
일반음식점,한장금요리교실,"강원특별자치도 춘천시 국사봉길 102-3, 1층 (퇴계동)",강원특별자치도 춘천시 퇴계동 528-8 ,,한식,2026-05-27
일반음식점,도세기,"강원특별자치도 춘천시 우석로79번길 15-4, 1층 (석사동)",강원특별자치도 춘천시 석사동 742-3 ,033-263-7033,식육(숯불구이),2026-05-27
일반음식점,푸라닭춘천퇴계점,강원특별자치도 춘천시 퇴계로145번길 7-13 (퇴계동),강원특별자치도 춘천시 퇴계동 1124 ,033-263-9206,호프/통닭,2026-05-27
일반음식점,맘인더가든스카이워크점,"강원특별자치도 춘천시 영서로 2668-22, 2층 (소양로1가)",강원특별자치도 춘천시 소양로1가 101-7 ,070-7576-3564,기타,2026-05-27
일반음식점,인생건어물맥주팔호점,"강원특별자치도 춘천시 춘천로 174-1, 1층 (운교동)",강원특별자치도 춘천시 운교동 181-10 ,,한식,2026-05-27
일반음식점,팔뚝갈비,"강원특별자치도 춘천시 동면 공단로 110, 1,2층",강원특별자치도 춘천시 동면 장학리 791-35 ,033-244-2088,식육(숯불구이),2026-05-27
일반음식점,상호네닭갈비스무숲점,"강원특별자치도 춘천시 스무숲1길 38-5, 1층 (석사동)",강원특별자치도 춘천시 석사동 919-2 ,033-261-5552,정종/대포집/소주방,2026-05-27
일반음식점,채선당행복가마솥밥롯데마트춘천점,"강원특별자치도 춘천시 방송길 84, 롯데마트 2층 (온의동)",강원특별자치도 춘천시 온의동 6-25 롯데마트 ,,한식,2026-05-27
일반음식점,추억의7090,"강원특별자치도 춘천시 애막골길11번길 38, 5층 (석사동)",강원특별자치도 춘천시 석사동 729-6 ,033-264-4042,라이브카페,2026-05-27
일반음식점,제주안방갈비석사점,"강원특별자치도 춘천시 후석로45번길 32, 1층 (석사동)",강원특별자치도 춘천시 석사동 706-14 ,033-255-1900,식육(숯불구이),2026-05-27
일반음식점,먹새통,"강원특별자치도 춘천시 스무숲길 17, 1층 (석사동)",강원특별자치도 춘천시 석사동 917-5 ,033-263-9288,식육(숯불구이),2026-05-27
일반음식점,홍가네,"강원특별자치도 춘천시 춘천로310번길 39, 1층 (후평동)",강원특별자치도 춘천시 후평동 681-19 ,033-242-4021,한식,2026-05-27
일반음식점,자매순대국,"강원특별자치도 춘천시 서부대성로 12, 1층 4,5,16,17호 (소양로2가, 신동아아파트)",강원특별자치도 춘천시 소양로2가 172-1 신동아아파트 ,033-244-9996,한식,2026-05-27
일반음식점,노랑강정후평점,"강원특별자치도 춘천시 보안길 41, 1층 (후평동)",강원특별자치도 춘천시 후평동 794-2 ,033-262-6669,정종/대포집/소주방,2026-05-27
일반음식점,육회왕자연어공주온의점,"강원특별자치도 춘천시 영서로2279번길 9-1, 1층 (온의동)",강원특별자치도 춘천시 온의동 172-11 ,,정종/대포집/소주방,2026-05-27
일반음식점,가우숲딜리버리,"강원특별자치도 춘천시 시청길10번길 15-1, 2층 (조양동)",강원특별자치도 춘천시 조양동 47-9 ,,한식,2026-05-27
일반음식점,춘천닭갈비웅쓰남춘천역점,"강원특별자치도 춘천시 남춘로36번길 79, 1층 (퇴계동)",강원특별자치도 춘천시 퇴계동 968-3 ,033-262-1015,한식,2026-05-27
일반음식점,오백국수,"강원특별자치도 춘천시 남춘로5번길 18-5, 1층 (퇴계동)",강원특별자치도 춘천시 퇴계동 365-2 ,,분식,2026-05-27
일반음식점,피자파는집춘천점,"강원특별자치도 춘천시 춘주로195번길 7, 1층 (퇴계동)",강원특별자치도 춘천시 퇴계동 895 ,033-255-2859,기타,2026-05-27
일반음식점,모해식당,"강원특별자치도 춘천시 영서로 2879, 1층 (사농동)",강원특별자치도 춘천시 사농동 434-15 ,033-255-8088,한식,2026-05-27
일반음식점,호수,"강원특별자치도 춘천시 동면 금촌로 250-22, 1층",강원특별자치도 춘천시 동면 만천리 57 ,033-243-7434,정종/대포집/소주방,2026-05-27
일반음식점,찰랑찰랑,"강원특별자치도 춘천시 시청길10번길 15-1, 2층 (조양동)",강원특별자치도 춘천시 조양동 47-9 ,070-8864-0282,일식,2026-05-27
일반음식점,한방카페궁,"강원특별자치도 춘천시 동면 순환대로 1154-144, 1층",강원특별자치도 춘천시 동면 장학리 139-157 ,033-254-0800,한식,2026-05-27
일반음식점,전이야기,"강원특별자치도 춘천시 춘천로 389, 1층 (후평동)",강원특별자치도 춘천시 후평동 293 ,033-251-4070,한식,2026-05-27
일반음식점,램스테이블,강원특별자치도 춘천시 국사봉길 102 (퇴계동),강원특별자치도 춘천시 퇴계동 462-15 ,033-244-9299,식육(숯불구이),2026-05-27
일반음식점,비비큐춘천퇴계타운점,"강원특별자치도 춘천시 안마산로 199, 1층 (퇴계동)",강원특별자치도 춘천시 퇴계동 87 ,033-264-9285,호프/통닭,2026-05-27
일반음식점,후라이드참잘하는집,"강원특별자치도 춘천시 춘천로 222, 1층 (효자동)",강원특별자치도 춘천시 효자동 743-15 ,033-254-7997,호프/통닭,2026-05-27
일반음식점,대양부양꼬치,"강원특별자치도 춘천시 백령로 217-20, 1층 (후평동)",강원특별자치도 춘천시 후평동 699 ,033-255-5992,식육(숯불구이),2026-05-27
일반음식점,케밥하우스,"강원특별자치도 춘천시 서부대성로 212-1, 1층 (효자동)",강원특별자치도 춘천시 효자동 617-10 ,033-255-0773,기타,2026-05-27
일반음식점,박스소고기얼크니국밥,"강원특별자치도 춘천시 지내고탄로 5, 1층 (신동)",강원특별자치도 춘천시 신동 934-4 ,033-253-8955,한식,2026-05-27
일반음식점,소양강농원황금장어,강원특별자치도 춘천시 신북읍 신샘밭로 388-8,강원특별자치도 춘천시 신북읍 율문리 37-161 ,033-242-2466,한식,2026-05-27
일반음식점,평창송어,"강원특별자치도 춘천시 영서로 2155, 2층 (퇴계동)",강원특별자치도 춘천시 퇴계동 418-5 ,033-261-1160,횟집,2026-05-27
일반음식점,경성푸드빌,"강원특별자치도 춘천시 벌말길 104, 1층 (석사동)",강원특별자치도 춘천시 석사동 695-7 ,033-254-9311,분식,2026-05-27
일반음식점,남촌막국수분점,"강원특별자치도 춘천시 신북읍 신북로 187, 1층",강원특별자치도 춘천시 신북읍 산천리 433 ,033-241-6003,한식,2026-05-27
일반음식점,통나무집닭갈비남춘천점,"강원특별자치도 춘천시 남산면 종자리로 19, 종자리로 21 1층","강원특별자치도 춘천시 남산면 광판리 126-1,7 ",033-262-9339,한식,2026-05-27
일반음식점,광판팔뚝김밥만천점,"강원특별자치도 춘천시 동면 만천양지길 60, 1층 102,103호",강원특별자치도 춘천시 동면 만천리 761-15 ,033-256-7796,분식,2026-05-27
일반음식점,북춘천스크린그늘집,"강원특별자치도 춘천시 충열로 153, 북춘천새마을금고 2동 2층 (우두동)",강원특별자치도 춘천시 우두동 444-1 북춘천새마을금고 ,,한식,2026-05-27
일반음식점,통통도야지,"강원특별자치도 춘천시 안마산로 169-10, 1층 (퇴계동)",강원특별자치도 춘천시 퇴계동 152-10 ,033-252-8073,식육(숯불구이),2026-05-27
일반음식점,족발야시장(후평점),"강원특별자치도 춘천시 보안길 77, 1층 101호 (후평동)",강원특별자치도 춘천시 후평동 702-7 ,033-910-4991,식육(숯불구이),2026-05-27
일반음식점,족발야시장&무청감자탕춘천온의점,"강원특별자치도 춘천시 스포츠타운길 535, 상가동 1층 101~105호 (온의동, 금호1차아파트)",강원특별자치도 춘천시 온의동 65-10 금호1차아파트 ,033-242-4969,정종/대포집/소주방,2026-05-27
일반음식점,세레니티강촌CC클럽하우스,"강원특별자치도 춘천시 남면 소주고개로 145-14, 세레니티강촌CC",강원특별자치도 춘천시 남면 후동리 618 세레니티강촌CC ,033-261-6556,기타,2026-05-27
일반음식점,세레니티강촌CC스타트하우스,"강원특별자치도 춘천시 남면 소주고개로 145-14, 세레니티강촌CC 지하1층",강원특별자치도 춘천시 남면 후동리 618 세레니티강촌CC ,033-261-6556,기타,2026-05-27
일반음식점,신일닭갈비,"강원특별자치도 춘천시 안마산로 169-2, J동 1층 (퇴계동)",강원특별자치도 춘천시 퇴계동 152-38 ,033-263-6222,식육(숯불구이),2026-05-27
일반음식점,투다리학곡점,"강원특별자치도 춘천시 동내면 영서로 1776, 1층 104호",강원특별자치도 춘천시 동내면 학곡리 602 ,033-264-6871,정종/대포집/소주방,2026-05-27
일반음식점,푸드박스,"강원특별자치도 춘천시 새롬공원길9번길 6-3, 1층 (석사동)",강원특별자치도 춘천시 석사동 836-5 ,033-261-9577,한식,2026-05-27
일반음식점,역전우동0410춘천석사점,"강원특별자치도 춘천시 퇴계농공로 20, 1층 102호 (석사동)",강원특별자치도 춘천시 석사동 880-3 ,033-261-0410,한식,2026-05-27
일반음식점,백년카츠남춘천점,"강원특별자치도 춘천시 행촌로 34, 1층 (퇴계동)",강원특별자치도 춘천시 퇴계동 902-8 ,033-242-0039,경양식,2026-05-27
일반음식점,토종닭구이계륵우리집양평해장국,"강원특별자치도 춘천시 남산면 김유정로 351, 1층",강원특별자치도 춘천시 남산면 광판리 409-18 ,033-262-8623,식육(숯불구이),2026-05-27
일반음식점,초이랑,"강원특별자치도 춘천시 신북읍 배후령길 9, 가동 1층",강원특별자치도 춘천시 신북읍 천전리 115-1 ,033-252-5556,기타,2026-05-27
일반음식점,왕십리조개창고춘천만천리점,"강원특별자치도 춘천시 동면 금촌로 388, 1층",강원특별자치도 춘천시 동면 만천리 301-7 ,,정종/대포집/소주방,2026-05-27
일반음식점,마라홀릭마라탕후평점,"강원특별자치도 춘천시 후석로 299, 1층 (후평동)",강원특별자치도 춘천시 후평동 793-3 ,033-254-3002,한식,2026-05-27
일반음식점,마케집,"강원특별자치도 춘천시 동내면 공지로 70-51, 1층 101호",강원특별자치도 춘천시 동내면 거두리 931-1 ,033-262-9990,횟집,2026-05-27
일반음식점,예손푸드,"강원특별자치도 춘천시 동면 만천로 179, 1층",강원특별자치도 춘천시 동면 만천리 802-4 ,033-241-3676,한식,2026-05-27
일반음식점,더티파머스,"강원특별자치도 춘천시 서면 오미길 29-3, 1층",강원특별자치도 춘천시 서면 신매리 290-2 ,,한식,2026-05-27
일반음식점,102국밥,"강원특별자치도 춘천시 신북읍 영서로 3278, 1층",강원특별자치도 춘천시 신북읍 용산리 244-7 ,033-255-0102,한식,2026-05-27
일반음식점,국민낙곱새춘천점,"강원특별자치도 춘천시 방송길 77, 상가동 1층 1110,1140호 (온의동, 춘천 센트럴타워 푸르지오)",강원특별자치도 춘천시 온의동 601 춘천 센트럴타워 푸르지오 ,033-242-8272,한식,2026-05-27
일반음식점,배가네,"강원특별자치도 춘천시 동내면 학곡동길 4, 1층",강원특별자치도 춘천시 동내면 학곡리 606-3 ,033-264-6564,한식,2026-05-27
일반음식점,이편한스크린골프,"강원특별자치도 춘천시 안마산로 110, 1동 4층 401호 (퇴계동)",강원특별자치도 춘천시 퇴계동 529-1 ,033-251-1480,기타,2026-05-27
일반음식점,황금보쌈,"강원특별자치도 춘천시 후석로 395, 1층 (후평동)",강원특별자치도 춘천시 후평동 710-30 ,033-252-5585,한식,2026-05-27
일반음식점,그날의우리,"강원특별자치도 춘천시 우묵길56번길 24, 1층 103호 (퇴계동)",강원특별자치도 춘천시 퇴계동 1191-2 ,033-244-0601,분식,2026-05-27
일반음식점,푸라닭춘천후평점,"강원특별자치도 춘천시 보안길 77, 1층 103호 (후평동)",강원특별자치도 춘천시 후평동 702-7 ,033-911-9206,호프/통닭,2026-05-27
일반음식점,춘천정통닭갈비,"강원특별자치도 춘천시 남면 충효로 815, 1층",강원특별자치도 춘천시 남면 발산리 94-2 ,,한식,2026-05-27
일반음식점,오야,"강원특별자치도 춘천시 삭주로 42, 1층 (교동)",강원특별자치도 춘천시 교동 149-12 ,033-256-2544,한식,2026-05-27
일반음식점,롯데자율식당,"강원특별자치도 춘천시 공지로 387, 지하1층 (약사동)",강원특별자치도 춘천시 약사동 160-8 ,033-252-5955,한식,2026-05-27
일반음식점,주식회사,"강원특별자치도 춘천시 춘주로147번길 13, 1층 (퇴계동)",강원특별자치도 춘천시 퇴계동 904-1 ,033-241-8591,한식,2026-05-27
일반음식점,카페로떤느,"강원특별자치도 춘천시 동내면 사래울1길 92, 2층",강원특별자치도 춘천시 동내면 사암리 463 ,033-264-5456,기타,2026-05-27
일반음식점,배고파,"강원특별자치도 춘천시 삭주로 30, 1층 (교동)",강원특별자치도 춘천시 교동 137-2 ,033-256-7918,경양식,2026-05-27
일반음식점,카페마르,"강원특별자치도 춘천시 닥나무길 12, 1층 (효자동)",강원특별자치도 춘천시 효자동 683-8 ,,기타,2026-05-27
일반음식점,포아이니춘천후평점,"강원특별자치도 춘천시 보안길 71, 1층 2호 (후평동)",강원특별자치도 춘천시 후평동 702-13 ,033-264-0264,기타,2026-05-27
일반음식점,애막골상회,"강원특별자치도 춘천시 우석로79번길 11-11, 1층 (석사동)",강원특별자치도 춘천시 석사동 744-9 ,033-911-8314,경양식,2026-05-27
일반음식점,청춘꼬마김밥퇴계점,"강원특별자치도 춘천시 안마산로 115, 이편한세상 춘천 한숲시티 상가A동 1층 A3-105호 (퇴계동)",강원특별자치도 춘천시 퇴계동 1240 ,033-251-2640,분식,2026-05-27
일반음식점,호반송어회배달전문점,"강원특별자치도 춘천시 후석로 65, 1층 (석사동)",강원특별자치도 춘천시 석사동 641-3 ,033-263-5698,횟집,2026-05-27
일반음식점,샤브명가,"강원특별자치도 춘천시 안마산로 110, B1층 108호 (퇴계동)",강원특별자치도 춘천시 퇴계동 529-1 ,033-242-1991,기타,2026-05-27
일반음식점,영석돈까스,"강원특별자치도 춘천시 춘천로151번길 5-1, 1층 (운교동)",강원특별자치도 춘천시 운교동 170-16 ,033-241-7087,분식,2026-05-27
일반음식점,강빠,"강원특별자치도 춘천시 우석로79번길 5, 1층 (석사동)",강원특별자치도 춘천시 석사동 745-2 ,,일식,2026-05-27
일반음식점,그래그래피자떡볶이춘천점,"강원특별자치도 춘천시 효평길 44, 1층 (효자동)",강원특별자치도 춘천시 효자동 749-16 ,033-256-0050,기타,2026-05-27
일반음식점,춘양화로본점,"강원특별자치도 춘천시 스무숲2길 10, 1층 (석사동)",강원특별자치도 춘천시 석사동 186-44 ,033-263-0292,한식,2026-05-27
일반음식점,육림고개올챙이국수,"강원특별자치도 춘천시 중앙로77번길 38, 1층 (약사동)",강원특별자치도 춘천시 약사동 2-30 ,033-253-4025,한식,2026-05-27
일반음식점,웨어커피,"강원특별자치도 춘천시 아침길 13, 1층 (조양동)",강원특별자치도 춘천시 조양동 6-50 ,070-4046-0490,기타,2026-05-27
일반음식점,손차이,"강원특별자치도 춘천시 퇴계농공로 20, 종로타워 1층 106호 (석사동)",강원특별자치도 춘천시 석사동 880-3 ,033-255-0866,중국식,2026-05-27
일반음식점,주식회사이찬,"강원특별자치도 춘천시 동면 소양강로 409, 1층",강원특별자치도 춘천시 동면 장학리 427-1 ,033-256-4444,한식,2026-05-27
일반음식점,딜리버리프렌즈,"강원특별자치도 춘천시 삭주로 32, 1층 (교동)",강원특별자치도 춘천시 교동 137-1 ,,분식,2026-05-27
일반음식점,골목집,"강원특별자치도 춘천시 동내면 영서로 1828-7, 1층",강원특별자치도 춘천시 동내면 학곡리 397-3 ,033-264-6144,한식,2026-05-27
일반음식점,솔길따라앤종가유황오리,"강원특별자치도 춘천시 동면 도토골길 62, 1층",강원특별자치도 춘천시 동면 만천리 395-6 ,033-243-5515,기타,2026-05-27
일반음식점,쉬(she),"강원특별자치도 춘천시 스무숲1길 30, 1층 (석사동)",강원특별자치도 춘천시 석사동 911-12 ,033-261-0558,감성주점,2026-05-27
일반음식점,육주,"강원특별자치도 춘천시 우묵들길 5, 2층 (퇴계동)",강원특별자치도 춘천시 퇴계동 1189-6 ,,일식,2026-05-27
일반음식점,옐로스톤,"강원특별자치도 춘천시 애막골길3번길 28-1, 1층 (석사동)",강원특별자치도 춘천시 석사동 737-17 ,033-264-8080,기타,2026-05-27
일반음식점,동산반점,"강원특별자치도 춘천시 동산면 영서로 416-5, 1층",강원특별자치도 춘천시 동산면 봉명리 549-1 ,,중국식,2026-05-27
일반음식점,광수생각,"강원특별자치도 춘천시 옛경춘로 808, 1층 (삼천동)",강원특별자치도 춘천시 삼천동 28-64 ,0507-1405-3055,한식,2026-05-27
일반음식점,화락바베큐치킨 춘천퇴계점,"강원특별자치도 춘천시 퇴계로 142, 1층 (퇴계동)",강원특별자치도 춘천시 퇴계동 971-3 ,0332-6343-33,한식,2026-05-27
일반음식점,카페하루,"강원특별자치도 춘천시 공지로 314, 1층 (효자동)",강원특별자치도 춘천시 효자동 700-10 ,0332-4205-30,기타,2026-05-27
일반음식점,투다리동부점,"강원특별자치도 춘천시 서부대성로 144, 1층 101호 (운교동)",강원특별자치도 춘천시 운교동 206 ,,정종/대포집/소주방,2026-05-27
일반음식점,오하이하우스,"강원특별자치도 춘천시 옛경춘로 585, 1층 (칠전동)",강원특별자치도 춘천시 칠전동 42 ,0332-5199-82,경양식,2026-05-27
일반음식점,가마치통닭장학점,"강원특별자치도 춘천시 동면 소양강로 100-1, 춘천장학엘에이치1단지 101호좌측 상가동 1층",강원특별자치도 춘천시 동면 장학리 989 춘천장학엘에이치1단지 ,033-241-1588,호프/통닭,2026-05-27
일반음식점,계열사,"강원특별자치도 춘천시 퇴계로 205, 1층 (석사동)",강원특별자치도 춘천시 석사동 796-10 ,0332-5388-33,호프/통닭,2026-05-27
일반음식점,미가,"강원특별자치도 춘천시 춘천로170번길 10, 2층 (운교동)",강원특별자치도 춘천시 운교동 178-10 ,,한식,2026-05-27
일반음식점,강촌IC식당,"강원특별자치도 춘천시 남면 소주고개로 67, 1층",강원특별자치도 춘천시 남면 후동리 430-1 1동 ,,한식,2026-05-27
일반음식점,보영이네해물칼국수직영점,"강원특별자치도 춘천시 동면 만천로143번길 58, 2층",강원특별자치도 춘천시 동면 만천리 575-8 ,033-257-1948,분식,2026-05-27
일반음식점,33떡볶이후평점,강원특별자치도 춘천시 후석로326번길 11 (후평동),강원특별자치도 춘천시 후평동 457-5 ,,분식,2026-05-27
일반음식점,심가당,"강원특별자치도 춘천시 춘천로 216, 1층 (효자동)",강원특별자치도 춘천시 효자동 743 ,033-253-7419,분식,2026-05-27
일반음식점,백화,"강원특별자치도 춘천시 동내면 거두택지길26번길 24, 1층",강원특별자치도 춘천시 동내면 거두리 954-8 ,033-261-9596,식육(숯불구이),2026-05-27
일반음식점,문화돈까스,"강원특별자치도 춘천시 서부대성로 255, 1층 (효자동)",강원특별자치도 춘천시 효자동 633-11 ,,기타,2026-05-27
일반음식점,일만족발춘천점,"강원특별자치도 춘천시 백령로 138, 1층 (효자동)",강원특별자치도 춘천시 효자동 626 ,,기타,2026-05-27
일반음식점,리얼카맥,"강원특별자치도 춘천시 솟발1길 4-81, 1층 1호 (퇴계동)",강원특별자치도 춘천시 퇴계동 471-11 ,1566-3217-,기타,2026-05-27
일반음식점,파전이랑막걸리랑,"강원특별자치도 춘천시 효자로 108, 1층 (효자동)",강원특별자치도 춘천시 효자동 665-1 ,,한식,2026-05-27
일반음식점,더모먼트(The moment),"강원특별자치도 춘천시 백령로138번길 34, 지하1층 (효자동)",강원특별자치도 춘천시 효자동 628-12 ,033-255-5123,기타,2026-05-27
일반음식점,어부야,"강원특별자치도 춘천시 부평길8번길 1, 1층 (후평동)",강원특별자치도 춘천시 후평동 833-9 ,033-251-0001,경양식,2026-05-27
일반음식점,교동짬뽕,"강원특별자치도 춘천시 동내면 학곡동1길 8-13, 1층",강원특별자치도 춘천시 동내면 학곡리 288 ,033-264-3992,중국식,2026-05-27
일반음식점,옥이네 풍물메밀부침,"강원특별자치도 춘천시 영서로 2352-25, 풍물시장 상가3동 133호 (온의동)",강원특별자치도 춘천시 온의동 29-3 풍물시장 ,033-244-3440,한식,2026-05-27
일반음식점,후평옛날통닭,"강원특별자치도 춘천시 보안길 36, 상가3동 1층 102호 (후평동, 우미린뉴시티)",강원특별자치도 춘천시 후평동 43 우미린뉴시티 ,033-242-1022,호프/통닭,2026-05-27
일반음식점,마적산닭갈비,"강원특별자치도 춘천시 미나리길 7-3, 1층 (퇴계동)",강원특별자치도 춘천시 퇴계동 423-18 ,033-251-9233,식육(숯불구이),2026-05-27
일반음식점,우담촌,"강원특별자치도 춘천시 안마산로 169-4, 1층 (퇴계동)",강원특별자치도 춘천시 퇴계동 152-36 ,033-261-6362,한식,2026-05-27
일반음식점,세레니티강촌CC직원식당,"강원특별자치도 춘천시 남면 소주고개로 145-14, 세레니티강촌CC 지하1층",강원특별자치도 춘천시 남면 후동리 618 세레니티강촌CC ,,한식,2026-05-27
일반음식점,보니타샌드위치,"강원특별자치도 춘천시 전원길 28, 1층 (효자동)",강원특별자치도 춘천시 효자동 744-14 ,033-264-2001,기타,2026-05-27
일반음식점,킹왕짱쪽갈비,"강원특별자치도 춘천시 동내면 거두택지길4번길 11-16, 1층",강원특별자치도 춘천시 동내면 거두리 952-6 ,,한식,2026-05-27
일반음식점,부원작은별관,"강원특별자치도 춘천시 김유정로 1852-5, 1층 (퇴계동)",강원특별자치도 춘천시 퇴계동 156-17 ,,한식,2026-05-27
일반음식점,스마일커피,"강원특별자치도 춘천시 공지로 603-10, 1층,2층 (근화동)",강원특별자치도 춘천시 근화동 160-10 ,033-244-2553,기타,2026-05-27
일반음식점,풍년식당,"강원특별자치도 춘천시 새롬공원길 21-1, 1층 (석사동)",강원특별자치도 춘천시 석사동 832-3 ,033-263-2948,한식,2026-05-27
일반음식점,육면,"강원특별자치도 춘천시 삭주로 12, 2층 (교동)",강원특별자치도 춘천시 교동 55-8 ,,한식,2026-05-27
일반음식점,밥들밥,"강원특별자치도 춘천시 동내면 거두길 125-21, 1층",강원특별자치도 춘천시 동내면 거두리 617-7 ,033-262-0114,한식,2026-05-27
일반음식점,집합장소본점,"강원특별자치도 춘천시 춘천로281번길 1, 2층 (후평동)",강원특별자치도 춘천시 후평동 684-14 ,033-255-8819,한식,2026-05-27
일반음식점,인연찻집,"강원특별자치도 춘천시 중앙로 162-3, 2층 (근화동)",강원특별자치도 춘천시 근화동 719-6 ,033-257-7330,기타,2026-05-27
일반음식점,하버,"강원특별자치도 춘천시 신북읍 영서로 3343, 1층",강원특별자치도 춘천시 신북읍 용산리 340-4 ,033-243-0002,기타,2026-05-27
일반음식점,오구피자명동점,"강원특별자치도 춘천시 서부대성로44번길 1, 1층 (요선동)",강원특별자치도 춘천시 요선동 8-6 ,033-252-9300,경양식,2026-05-27
일반음식점,자담치킨퇴계한숲점,"강원특별자치도 춘천시 안마산로 131, 한숲시티상가 C동 1층 103호 (퇴계동)",강원특별자치도 춘천시 퇴계동 1240 ,033-243-7792,호프/통닭,2026-05-27
일반음식점,초안마루,"강원특별자치도 춘천시 보안길 22, 1층 (후평동)",강원특별자치도 춘천시 후평동 802-13 ,033-263-6006,식육(숯불구이),2026-05-27
일반음식점,더킹(THE KING),"강원특별자치도 춘천시 중앙로 193, 더잭슨나인스호텔 1층 A102~106호 (근화동)",강원특별자치도 춘천시 근화동 265-1 더잭슨나인스호텔 ,033-253-0000,기타,2026-05-27
일반음식점,딱조아92막창,"강원특별자치도 춘천시 효자로 18, 1층 (퇴계동)",강원특별자치도 춘천시 퇴계동 1140-2 ,033-241-8892,식육(숯불구이),2026-05-27
일반음식점,역전당구클럽&푸드,"강원특별자치도 춘천시 우묵길56번길 20, 2층 (퇴계동)",강원특별자치도 춘천시 퇴계동 1191-1 ,033-255-4939,분식,2026-05-27
일반음식점,7080낭만라이브,"강원특별자치도 춘천시 중앙로 38-1, 1층 (요선동)",강원특별자치도 춘천시 요선동 15-6 ,,라이브카페,2026-05-27
일반음식점,햇골길34,"강원특별자치도 춘천시 남산면 햇골길 34, 1층",강원특별자치도 춘천시 남산면 서천리 452 ,,기타,2026-05-27
일반음식점,화포식당춘천점,"강원특별자치도 춘천시 춘천로 306-5, 유창프라자 제1동 1층 105,106호 (후평동)",강원특별자치도 춘천시 후평동 692-12 ,033-257-3697,식육(숯불구이),2026-05-27
일반음식점,금오옥토,"강원특별자치도 춘천시 춘주로201번길 3, 1층 (퇴계동)",강원특별자치도 춘천시 퇴계동 894-1 ,033-256-0292,식육(숯불구이),2026-05-27
일반음식점,무암산(애),"강원특별자치도 춘천시 동면 금옥길 471-6, 1동,2동",강원특별자치도 춘천시 동면 월곡리 439-15 ,033-254-5490,한식,2026-05-27
일반음식점,움버거앤윙스더잭슨나인스호텔춘천점,"강원특별자치도 춘천시 중앙로 193, 더잭슨나인스호텔 2층 (근화동)",강원특별자치도 춘천시 근화동 265-1 더잭슨나인스호텔 ,033-253-0000,기타,2026-05-27
일반음식점,배달삼겹돈나와라뚝딱,"강원특별자치도 춘천시 효자로 101-3, 1층 (효자동)",강원특별자치도 춘천시 효자동 663 ,033-253-3592,식육(숯불구이),2026-05-27
일반음식점,파머스키친,"강원특별자치도 춘천시 신북읍 신샘밭로 380, 1층",강원특별자치도 춘천시 신북읍 율문리 37-173 ,,경양식,2026-05-27
일반음식점,권할머니흑염소,"강원특별자치도 춘천시 동산면 종자리로 268, 1층",강원특별자치도 춘천시 동산면 군자리 811-1 ,,탕류(보신용),2026-05-27
일반음식점,청년피자춘천퇴계점,"강원특별자치도 춘천시 퇴계로 140-1, 1층 (퇴계동)",강원특별자치도 춘천시 퇴계동 971-2 ,033-264-8484,분식,2026-05-27
일반음식점,삼촌네갈비탕,강원특별자치도 춘천시 춘주로91번길 13 (온의동),강원특별자치도 춘천시 온의동 517-5 ,033-256-1050,한식,2026-05-27
일반음식점,신북피자,"강원특별자치도 춘천시 신북읍 상천3길 15-5, 1층",강원특별자치도 춘천시 신북읍 천전리 212-43 ,033-243-8285,기타,2026-05-27
일반음식점,가마치후평트루엘점,"강원특별자치도 춘천시 백령로 215, 상가2동 1층 102호 (후평동, 춘천일성트루엘더퍼스트아파트)",강원특별자치도 춘천시 후평동 910 춘천일성트루엘더퍼스트아파트 ,,호프/통닭,2026-05-27
일반음식점,킹플,"강원특별자치도 춘천시 약사고개길 13, 제일백화점 3층 (죽림동)",강원특별자치도 춘천시 죽림동 32 제일백화점 ,033-241-7977,분식,2026-05-27
일반음식점,푸라닭춘천신사우점,"강원특별자치도 춘천시 충열로16번길 5-9, 1층 (우두동)",강원특별자치도 춘천시 우두동 1065-15 ,033-252-9206,호프/통닭,2026-05-27
일반음식점,비비큐춘천효자점,강원특별자치도 춘천시 백령로 171-1 (효자동),강원특별자치도 춘천시 효자동 18-69 ,033-256-9282,호프/통닭,2026-05-27
일반음식점,달달(Dal Dal),"강원특별자치도 춘천시 동면 만군길 185-1, 1층",강원특별자치도 춘천시 동면 만천리 340-93 ,0507-1318-0825,기타,2026-05-27
일반음식점,신서방부대찌개,"강원특별자치도 춘천시 영서로 2841-1, 1층 (사농동)",강원특별자치도 춘천시 사농동 76-10 ,,한식,2026-05-27
일반음식점,모두의밥상,"강원특별자치도 춘천시 후석로 427-4, 1층 (후평동)",강원특별자치도 춘천시 후평동 715-25 ,033-255-9881,한식,2026-05-27
일반음식점,살루드,"강원특별자치도 춘천시 세실로208번길 7-18, 1층 (후평동)",강원특별자치도 춘천시 후평동 872-11 ,033-243-4567,분식,2026-05-27
일반음식점,둥베이양꼬치왕냉면,"강원특별자치도 춘천시 영서로 2305, 1층 (온의동)",강원특별자치도 춘천시 온의동 151-9 ,033-243-3131,기타,2026-05-27
일반음식점,구이본색,"강원특별자치도 춘천시 동내면 외솔길 45, 1층",강원특별자치도 춘천시 동내면 거두리 854-1 ,033-261-9205,한식,2026-05-27
일반음식점,파스타입니다춘천강대점,"강원특별자치도 춘천시 백령로 123, A동 지하1층 102호 (효자동)",강원특별자치도 춘천시 효자동 767-2 ,033-256-8989,경양식,2026-05-27
일반음식점,오월학교,"강원특별자치도 춘천시 서면 납실길 160, 1층",강원특별자치도 춘천시 서면 오월리 286-2 ,033-253-2111,일식,2026-05-27
일반음식점,가마치통닭만천점,강원특별자치도 춘천시 동면 만천로143번길 58,강원특별자치도 춘천시 동면 만천리 575-8 ,033-242-1999,호프/통닭,2026-05-27
일반음식점,화양객잔,"강원특별자치도 춘천시 삭주로47번길 3, 1층 (교동)",강원특별자치도 춘천시 교동 18-2 ,070-7722-5279,식육(숯불구이),2026-05-27
일반음식점,비어스팟,"강원특별자치도 춘천시 안마산로 113, 이편한세상 춘천 한숲시티 상가비동 2층 B2-205,206,207,208호 (퇴계동)",강원특별자치도 춘천시 퇴계동 1240 ,,호프/통닭,2026-05-27
일반음식점,교촌치킨장학점,"강원특별자치도 춘천시 동면 춘천로449번길 12-1, 1층 101,102호",강원특별자치도 춘천시 동면 장학리 1003-1 ,033-243-1999,호프/통닭,2026-05-27
일반음식점,장은짬뽕(후평점),"강원특별자치도 춘천시 춘천로 306-5, 1층 104호 (후평동)",강원특별자치도 춘천시 후평동 692-12 ,,중국식,2026-05-27
일반음식점,홍가네,"강원특별자치도 춘천시 춘주로187번길 20-7, 1층 (퇴계동)",강원특별자치도 춘천시 퇴계동 900-6 ,,한식,2026-05-27
일반음식점,길동우동춘천팔호광장점,"강원특별자치도 춘천시 춘천로 174, 1층 (운교동)",강원특별자치도 춘천시 운교동 181-11 ,033-251-3428,한식,2026-05-27
일반음식점,도우도우,"강원특별자치도 춘천시 우석로85번길 9-17, 1층 (석사동)",강원특별자치도 춘천시 석사동 732-1 ,070-8822-5691,기타,2026-05-27
일반음식점,만천만두국 막국수,"강원특별자치도 춘천시 동면 만천로 187-7, 1층",강원특별자치도 춘천시 동면 만천리 803-1 ,033-241-6724,한식,2026-05-27
일반음식점,카츠탄탄춘천점,"강원특별자치도 춘천시 안마산로 110, 2동 B1층 102호 (퇴계동)",강원특별자치도 춘천시 퇴계동 529-1 ,033-818-1185,기타,2026-05-27
일반음식점,두찜퇴계점,"강원특별자치도 춘천시 춘주로201번길 17, 1층 (퇴계동)",강원특별자치도 춘천시 퇴계동 900-1 ,033-818-3355,한식,2026-05-27
일반음식점,남경막국수 가족3,"강원특별자치도 춘천시 신북읍 신샘밭로 702, 2층",강원특별자치도 춘천시 신북읍 천전리 78-5 ,,기타,2026-05-27
일반음식점,까페123,"강원특별자치도 춘천시 동면 연산골길 123, 1층",강원특별자치도 춘천시 동면 감정리 188 ,033-252-5240,기타,2026-05-27
일반음식점,멕시카나 효자점,"강원특별자치도 춘천시 효제길 13, 1층 (효자동)",강원특별자치도 춘천시 효자동 150-10 ,033-242-8663,분식,2026-05-27
일반음식점,라라랜드,"강원특별자치도 춘천시 서부대성로 218, 2층 (효자동)",강원특별자치도 춘천시 효자동 627-2 ,,기타,2026-05-27
일반음식점,강촌뭉텅찌개,"강원특별자치도 춘천시 남산면 강촌로 62, 1층",강원특별자치도 춘천시 남산면 강촌리 227-56 ,033-261-0275,한식,2026-05-27
일반음식점,골프존파크퇴계이안점,"강원특별자치도 춘천시 영서로 2153, 3층 (퇴계동)",강원특별자치도 춘천시 퇴계동 418-5 ,033-253-9112,기타,2026-05-27
일반음식점,북한강쭈꾸미,"강원특별자치도 춘천시 애막골길7번길 8, 1층 (석사동)",강원특별자치도 춘천시 석사동 749-12 ,033-255-9233,정종/대포집/소주방,2026-05-27
일반음식점,딱조아92막창,"강원특별자치도 춘천시 동면 만천로 261, 102호, 103호",강원특별자치도 춘천시 동면 장학리 859 ,033-252-9192,한식,2026-05-27
일반음식점,주식회사 글로벌콘텐츠그룹,"강원특별자치도 춘천시 중앙로67번길 18, 6동 롯데시네마춘천1층 (죽림동, 브라운가)",강원특별자치도 춘천시 죽림동 189 브라운가 ,033-255-1747,기타,2026-05-27
일반음식점,88켄터키파크자이점,"강원특별자치도 춘천시 스포츠타운길 458, 춘천파크자이 상가동 2층 203,204호 (삼천동)",강원특별자치도 춘천시 삼천동 44-10 ,033-256-3700,호프/통닭,2026-05-27
일반음식점,청년주점,"강원특별자치도 춘천시 우묵길52번길 7, 1층 (퇴계동)","강원특별자치도 춘천시 퇴계동 1189-8,9 ",070-7778-6113,한식,2026-05-27
일반음식점,달동네,"강원특별자치도 춘천시 백령로138번길 32, 지하1~지상1층 (효자동)",강원특별자치도 춘천시 효자동 628-13 ,,정종/대포집/소주방,2026-05-27
일반음식점,내고향풍천장어,"강원특별자치도 춘천시 남면 소주고개로 111, 1층",강원특별자치도 춘천시 남면 후동리 470 ,033-262-9224,한식,2026-05-27
일반음식점,바이트앤다이브,"강원특별자치도 춘천시 남산면 소주고개로 376, 지하1층",강원특별자치도 춘천시 남산면 창촌리 434-1 ,033-262-2302,기타,2026-05-27
일반음식점,부산돼지국밥,"강원특별자치도 춘천시 성심로 98-1, 1층 (효자동)",강원특별자치도 춘천시 효자동 18-43 ,033-252-9888,한식,2026-05-27
일반음식점,토종순대국밥,강원특별자치도 춘천시 우묵길 60 (퇴계동),강원특별자치도 춘천시 퇴계동 1183 ,033-256-6955,탕류(보신용),2026-05-27
일반음식점,와우,"강원특별자치도 춘천시 동내면 순환대로 622-9, 1층",강원특별자치도 춘천시 동내면 학곡리 366-3 ,033-264-0632,기타,2026-05-27
일반음식점,인생건어물후평점,"강원특별자치도 춘천시 보안길 62, 1층 (후평동)",강원특별자치도 춘천시 후평동 458-1 ,033-255-1284,정종/대포집/소주방,2026-05-27
일반음식점,제주탐라짬뽕,"강원특별자치도 춘천시 윗무린개길 26, 1층 (퇴계동)",강원특별자치도 춘천시 퇴계동 98-9 ,,한식,2026-05-27
일반음식점,프랭크버거춘천석사점,"강원특별자치도 춘천시 퇴계로 221, 1층 102호 (석사동)",강원특별자치도 춘천시 석사동 818-2 ,033-263-0999,호프/통닭,2026-05-27
일반음식점,미스터빠삭춘천온의점,"강원특별자치도 춘천시 춘천로17번길 21, 춘천강남하이엔드 1층 109호 (온의동)",강원특별자치도 춘천시 온의동 587-5 춘천강남하이엔드 ,033-241-5162,한식,2026-05-27
일반음식점,지코바퇴계1호점,"강원특별자치도 춘천시 안마산로 114, 지하1층 106호 (퇴계동)",강원특별자치도 춘천시 퇴계동 529-10 ,033-244-7125,호프/통닭,2026-05-27
일반음식점,남춘천시골청국장,"강원특별자치도 춘천시 동산면 종자리로 302, 1층",강원특별자치도 춘천시 동산면 군자리 792-2 ,033-252-9564,한식,2026-05-27
일반음식점,핸디우디,"강원특별자치도 춘천시 동면 춘천순환로 340-20, 1층",강원특별자치도 춘천시 동면 만천리 524-1 ,033-257-0212,기타,2026-05-27
일반음식점,주연네주점,"강원특별자치도 춘천시 서부대성로 144, 1층 (운교동)",강원특별자치도 춘천시 운교동 206 ,033-255-2747,한식,2026-05-27
일반음식점,만나순대국,"강원특별자치도 춘천시 동면 만천로 191, 1층",강원특별자치도 춘천시 동면 만천리 793-3 ,033-252-4388,한식,2026-05-27
일반음식점,일품칼국수,"강원특별자치도 춘천시 동면 만천로 64, 1층",강원특별자치도 춘천시 동면 만천리 617 ,033-251-9888,한식,2026-05-27
일반음식점,황대박숯불구이,"강원특별자치도 춘천시 사우벌길 21, 1층 (사농동)",강원특별자치도 춘천시 사농동 596 ,,식육(숯불구이),2026-05-27
일반음식점,품은김밥,"강원특별자치도 춘천시 후석로 68-1, 1층 (석사동)",강원특별자치도 춘천시 석사동 433-3 ,033-263-2294,분식,2026-05-27
일반음식점,미소차이니즈레스토랑,강원특별자치도 춘천시 안마산로 107 (퇴계동),강원특별자치도 춘천시 퇴계동 530-5 ,033-251-9152,중국식,2026-05-27
일반음식점,솥담순두부춘천퇴계점,"강원특별자치도 춘천시 안마산로 110, 하윤빌딩 지하1층 (퇴계동)",강원특별자치도 춘천시 퇴계동 529-1 ,033-244-6610,한식,2026-05-27
일반음식점,곱창킬러본점,강원특별자치도 춘천시 효제길 33 (효자동),강원특별자치도 춘천시 효자동 158-8 ,033-254-0117,한식,2026-05-27
일반음식점,생마차강원대점,강원특별자치도 춘천시 백령로138번길 15 (효자동),강원특별자치도 춘천시 효자동 625-8 ,,정종/대포집/소주방,2026-05-27
일반음식점,골목집,"강원특별자치도 춘천시 공지로 162-3, 1층 (석사동)",강원특별자치도 춘천시 석사동 429-1 ,033-261-6417,한식,2026-05-27
일반음식점,대장푸드,강원특별자치도 춘천시 춘천로170번길 4-1 (운교동),강원특별자치도 춘천시 운교동 179-10 ,,한식,2026-05-27
일반음식점,태양부 양꼬치 후평점,"강원특별자치도 춘천시 후석로 318, 2층 (후평동)",강원특별자치도 춘천시 후평동 700-5 ,033-261-4888,정종/대포집/소주방,2026-05-27
일반음식점,운교집,"강원특별자치도 춘천시 금강로 91-1, 1층 (운교동)",강원특별자치도 춘천시 운교동 167-5 ,033-911-7113,한식,2026-05-27
일반음식점,인생동태탕,"강원특별자치도 춘천시 승지골길13번길 15, 1층 (퇴계동)",강원특별자치도 춘천시 퇴계동 1001-3 ,033-262-1328,식육(숯불구이),2026-05-27
일반음식점,자담치킨거두봄내점,강원특별자치도 춘천시 동내면 공지로 70-51,강원특별자치도 춘천시 동내면 거두리 931-1 ,033-263-9985,호프/통닭,2026-05-27
일반음식점,고바우숯불갈비,"강원특별자치도 춘천시 안마산로 169-9, 1층 (퇴계동)",강원특별자치도 춘천시 퇴계동 152-24 ,033-263-0878,식육(숯불구이),2026-05-27
일반음식점,최고당돈가스(후평점),"강원특별자치도 춘천시 후석로 326, 엠타워 2층 205호 (후평동)",강원특별자치도 춘천시 후평동 701-8 ,033-9199-6364,경양식,2026-05-27
일반음식점,누구나홀딱반한닭춘천한숲시티점,"강원특별자치도 춘천시 안마산로 111, 1층 (퇴계동)",강원특별자치도 춘천시 퇴계동 산 35 ,033-243-9234,호프/통닭,2026-05-27
일반음식점,강정이기가막혀,"강원특별자치도 춘천시 우석로 11, 1층 (석사동)",강원특별자치도 춘천시 석사동 772-6 ,033-261-9388,호프/통닭,2026-05-27
일반음식점,춘천소바,"강원특별자치도 춘천시 퇴계로 24, 1층 (퇴계동)",강원특별자치도 춘천시 퇴계동 1181 ,033-253-6100,한식,2026-05-27
일반음식점,은은,강원특별자치도 춘천시 망대길37번길 19 (약사동),강원특별자치도 춘천시 약사동 81-5 ,033-255-0255,일식,2026-05-27
일반음식점,우돈가,"강원특별자치도 춘천시 동내면 원창고개길 276, 1층",강원특별자치도 춘천시 동내면 학곡리 614 ,033-263-1389,식육(숯불구이),2026-05-27
일반음식점,까페외솔길,"강원특별자치도 춘천시 동내면 외솔길 47, 1층",강원특별자치도 춘천시 동내면 거두리 1003-3 ,033-264-2919,기타,2026-05-27
일반음식점,함채,"강원특별자치도 춘천시 지석로 74-11, 퇴계시장형상가 1층 A11,B12호 (퇴계동)",강원특별자치도 춘천시 퇴계동 1018 ,033-262-6050,한식,2026-05-27
일반음식점,명동우미닭갈비,"강원특별자치도 춘천시 영서로 2345, 1층 (온의동)",강원특별자치도 춘천시 온의동 65-34 ,033-257-1919,식육(숯불구이),2026-05-27
일반음식점,명품흑염소,"강원특별자치도 춘천시 동면 춘천순환로 867, 1층",강원특별자치도 춘천시 동면 장학리 478 ,033-253-9959,한식,2026-05-27
일반음식점,우리할매떡볶이춘천점,"강원특별자치도 춘천시 서부대성로 232, 1층 (효자동)",강원특별자치도 춘천시 효자동 627-12 ,033-242-8983,분식,2026-05-27
일반음식점,김밥이선생,"강원특별자치도 춘천시 백령로 4, 1층 103호 (효자동)",강원특별자치도 춘천시 효자동 315-4 ,033-261-7809,분식,2026-05-27
일반음식점,마왕족발후평점,"강원특별자치도 춘천시 부안길 28, 1층 (후평동)",강원특별자치도 춘천시 후평동 67-10 ,033-254-5892,한식,2026-05-27
일반음식점,88제육춘천점,"강원특별자치도 춘천시 후석로393번길 51, 1층 (후평동)",강원특별자치도 춘천시 후평동 856-1 ,,식육(숯불구이),2026-05-27
일반음식점,자기전,강원특별자치도 춘천시 백령로 19 (효자동),강원특별자치도 춘천시 효자동 176-12 ,033-253-4251,호프/통닭,2026-05-27
일반음식점,달리는커피춘천석사점,"강원특별자치도 춘천시 우석로 27, 1층 101호 (석사동)",강원특별자치도 춘천시 석사동 769-2 ,033-264-1044,기타,2026-05-27
일반음식점,인생건어물맥주춘천한숲시티점,"강원특별자치도 춘천시 안마산로 114, 한광B/D 1층 101호 (퇴계동)",강원특별자치도 춘천시 퇴계동 529-10 ,033-252-8853,분식,2026-05-27
일반음식점,칠전옛날통닭,"강원특별자치도 춘천시 칠전서길 9, 1층 (칠전동)",강원특별자치도 춘천시 칠전동 624-8 ,,기타,2026-05-27
일반음식점,친신마라탕춘천점,"강원특별자치도 춘천시 춘천로204번길 43, 1층 101호 (효자동)",강원특별자치도 춘천시 효자동 614-5 ,033-252-2786,한식,2026-05-27
일반음식점,더만찬,"강원특별자치도 춘천시 퇴계로 241, 1층 (석사동)",강원특별자치도 춘천시 석사동 818-10 ,033-262-5566,한식,2026-05-27
일반음식점,배떡춘천명동점,"강원특별자치도 춘천시 중앙로67번길 18, 5동 1층 5109호 (죽림동, 브라운가)",강원특별자치도 춘천시 죽림동 189 브라운가 ,050-4934-0638,분식,2026-05-27
일반음식점,채오가짬뽕,강원특별자치도 춘천시 동내면 춘천순환로 132,강원특별자치도 춘천시 동내면 거두리 1105-1 ,033-262-0405,중국식,2026-05-27
일반음식점,한림밥상,"강원특별자치도 춘천시 동면 만천양지길 149, 1층",강원특별자치도 춘천시 동면 만천리 330-66 ,033-251-5534,한식,2026-05-27
일반음식점,본가푸드,"강원특별자치도 춘천시 백령로 180, 201호 (후평동)",강원특별자치도 춘천시 후평동 67-50 ,,정종/대포집/소주방,2026-05-27
일반음식점,하누마루,강원특별자치도 춘천시 동산면 조양길 192,강원특별자치도 춘천시 동산면 조양리 472-1 ,033-262-8892,한식,2026-05-27
일반음식점,까투리 강대점,"강원특별자치도 춘천시 효석로25번길 18, 1층 (효자동)",강원특별자치도 춘천시 효자동 301-14 ,033-261-3331,정종/대포집/소주방,2026-05-27
일반음식점,아름다운식당(춘천시니어클럽),"강원특별자치도 춘천시 애막골길20번길 7, 1층 (석사동)",강원특별자치도 춘천시 석사동 756-14 ,,경양식,2026-05-27
일반음식점,강촌만남의광장,"강원특별자치도 춘천시 남산면 강촌로 96, 새마을금고강촌지점",강원특별자치도 춘천시 남산면 강촌리 251-2 새마을금고강촌지점 ,,한식,2026-05-27
일반음식점,반찬가게,"강원특별자치도 춘천시 칠전서길 34, 1층 (칠전동)",강원특별자치도 춘천시 칠전동 588-7 ,033-262-9751,한식,2026-05-27
일반음식점,레드빈,"강원특별자치도 춘천시 후석로228번길 5, 1층 (후평동)",강원특별자치도 춘천시 후평동 891-11 ,033-242-1365,분식,2026-05-27
일반음식점,설아포차,"강원특별자치도 춘천시 춘주로187번길 16, 1층 (퇴계동)",강원특별자치도 춘천시 퇴계동 897-10 ,,기타,2026-05-27
일반음식점,목장원,"강원특별자치도 춘천시 서면 오미길 6, 1층",강원특별자치도 춘천시 서면 신매리 271-3 ,033-244-7892,한식,2026-05-27
일반음식점,자담치킨 춘천온의공지천점,"강원특별자치도 춘천시 퇴계로 13, 용봉빌딩 1층 102호 (퇴계동)",강원특별자치도 춘천시 퇴계동 1161-3 ,033-910-0125,호프/통닭,2026-05-27
일반음식점,더(The)송어,"강원특별자치도 춘천시 퇴계로 26, 1층 (퇴계동)",강원특별자치도 춘천시 퇴계동 1181-1 ,033-255-5535,한식,2026-05-27
일반음식점,오공복이남춘천점,"강원특별자치도 춘천시 춘천로17번길 17, 104호 (온의동)",강원특별자치도 춘천시 온의동 587-8 ,033-254-2005,한식,2026-05-27
일반음식점,피자헛석사점,"강원특별자치도 춘천시 우석로 6-1, 1층 (석사동)",강원특별자치도 춘천시 석사동 774-3 ,033-255-5711,기타,2026-05-27
일반음식점,태양곱창춘천후평점,강원특별자치도 춘천시 보안길 23 (후평동),강원특별자치도 춘천시 후평동 795-8 ,,기타,2026-05-27
일반음식점,반반한닭춘천점,강원특별자치도 춘천시 보안길 37 (후평동),강원특별자치도 춘천시 후평동 794-4 ,033-252-2210,호프/통닭,2026-05-27
일반음식점,육회본가퇴계점,"강원특별자치도 춘천시 우묵길78번길 30, 1층 (퇴계동)",강원특별자치도 춘천시 퇴계동 1152 ,033-251-9991,식육(숯불구이),2026-05-27
일반음식점,온의칼국수,"강원특별자치도 춘천시 춘천로17번길 21, 춘천강남하이엔드 116호 (온의동)",강원특별자치도 춘천시 온의동 587-5 춘천강남하이엔드 ,033-252-3347,정종/대포집/소주방,2026-05-27
일반음식점,자담치킨약사명동점,"강원특별자치도 춘천시 근화길15번길 23, 1층 (근화동)",강원특별자치도 춘천시 근화동 286-11 ,033-243-3355,호프/통닭,2026-05-27
일반음식점,코이부,"강원특별자치도 춘천시 서부대성로 225-1, 1층 (효자동)",강원특별자치도 춘천시 효자동 626-11 ,,기타,2026-05-27
일반음식점,매운사랑중식빠,"강원특별자치도 춘천시 벌말길 86, 1층 좌측상가호 (석사동)",강원특별자치도 춘천시 석사동 639-3 ,,중국식,2026-05-27
일반음식점,프랭크치즈버거(춘천우두점),"강원특별자치도 춘천시 충열로 1, 1층 101호 (우두동)",강원특별자치도 춘천시 우두동 693-6 ,033-242-6999,기타,2026-05-27
일반음식점,광판리전집,"강원특별자치도 춘천시 춘천로 290, 1층 (후평동)",강원특별자치도 춘천시 후평동 687-16 ,,정종/대포집/소주방,2026-05-27
일반음식점,우석갈비,"강원특별자치도 춘천시 동면 만천로 145, 1층",강원특별자치도 춘천시 동면 만천리 816-4 ,033-257-1419,한식,2026-05-27
일반음식점,공지천,"강원특별자치도 춘천시 수변공원길 11, 3층 (삼천동)",강원특별자치도 춘천시 삼천동 13-1 ,033-910-0855,기타,2026-05-27
일반음식점,오르미,"강원특별자치도 춘천시 전원길 27-1, 1~2층 (효자동)",강원특별자치도 춘천시 효자동 745-6 ,033-255-5252,기타,2026-05-27
일반음식점,(주)춘천장어마을삼천동,"강원특별자치도 춘천시 구마니1길 36-11, A, D, E동 1층 (삼천동)",강원특별자치도 춘천시 삼천동 167-2 ,,한식,2026-05-27
일반음식점,하와이조개춘천점,"강원특별자치도 춘천시 보안길 19, 1층 (후평동)",강원특별자치도 춘천시 후평동 801-5 ,033-244-4282,일식,2026-05-27
일반음식점,감자아일랜드,"강원특별자치도 춘천시 퇴계로 18, 2층 (퇴계동)",강원특별자치도 춘천시 퇴계동 1183-4 , 040-8098-0621,기타,2026-05-27
일반음식점,월미당강원대점,"강원특별자치도 춘천시 서부대성로227번길 3, 1층 (효자동)",강원특별자치도 춘천시 효자동 626-13 ,,정종/대포집/소주방,2026-05-27
일반음식점,마선생얼큰국밥(춘천점),"강원특별자치도 춘천시 효자로 57, 1층 (효자동)",강원특별자치도 춘천시 효자동 671-10 ,033-252-9888,한식,2026-05-27
일반음식점,소복소복,"강원특별자치도 춘천시 동내면 거두택지길44번길 7-14, 1층",강원특별자치도 춘천시 동내면 거두리 1127-2 ,033-261-6835,일식,2026-05-27
일반음식점,온해,"강원특별자치도 춘천시 퇴계농공로 9, 넥서스프라자 1층 103호 (석사동)",강원특별자치도 춘천시 석사동 885-3 ,033-911-6738,일식,2026-05-27
일반음식점,로즈드마이,"강원특별자치도 춘천시 춘천로138번길 9, 1층 (운교동)",강원특별자치도 춘천시 운교동 176-3 ,033-256-4561,기타,2026-05-27
일반음식점,느만장,"강원특별자치도 춘천시 동면 가락재로 177, 1층",강원특별자치도 춘천시 동면 감정리 280 ,033-241-8638,기타,2026-05-27
일반음식점,태지닭발,"강원특별자치도 춘천시 후석로250번길 23, 1층 (후평동)",강원특별자치도 춘천시 후평동 813-7 ,033-242-2225,정종/대포집/소주방,2026-05-27
일반음식점,수옛날통닭장학점,"강원특별자치도 춘천시 동면 춘천로449번길 9, 1층 101호",강원특별자치도 춘천시 동면 장학리 1002-4 ,033-255-5800,호프/통닭,2026-05-27
일반음식점,60계강원춘천우두점,"강원특별자치도 춘천시 충열로16번길 5-15, 1층 (우두동)",강원특별자치도 춘천시 우두동 1065-12 ,033-256-1060,호프/통닭,2026-05-27
일반음식점,부원,"강원특별자치도 춘천시 동면 금촌로 398, 1층",강원특별자치도 춘천시 동면 만천리 302 ,033-256-0093,한식,2026-05-27
일반음식점,박사로냉면,"강원특별자치도 춘천시 서면 박사로 839, 1층",강원특별자치도 춘천시 서면 현암리 310 ,033-252-2411,한식,2026-05-27
일반음식점,숲카페,강원특별자치도 춘천시 남산면 서백길 691-79,강원특별자치도 춘천시 남산면 백양리 165 ,,기타,2026-05-27
일반음식점,로데오골프,"강원특별자치도 춘천시 공지로 87, 춘천로데오 2층 (석사동)",강원특별자치도 춘천시 석사동 285 춘천로데오 ,033-264-3377,한식,2026-05-27
일반음식점,힘난다버거 롯데마트춘천점,"강원특별자치도 춘천시 방송길 84, 롯데마트 2층 (온의동)",강원특별자치도 춘천시 온의동 6-25 롯데마트 ,033-257-2105,경양식,2026-05-27
일반음식점,강짬뽕,"강원특별자치도 춘천시 후석로344번길 3, 1층 (후평동)",강원특별자치도 춘천시 후평동 703-5 ,,중국식,2026-05-27
일반음식점,이서냉면,강원특별자치도 춘천시 우석로 14-1 (석사동),강원특별자치도 춘천시 석사동 771-10 , 033-255-4040,냉면집,2026-05-27
일반음식점,피제리아제이파파,"강원특별자치도 춘천시 장고개길 5, 1층 (삼천동)",강원특별자치도 춘천시 삼천동 25-5 ,,경양식,2026-05-27
일반음식점,육회본가후평점,"강원특별자치도 춘천시 보안길 19, 1층 (후평동)",강원특별자치도 춘천시 후평동 801-5 ,033-257-6747,기타,2026-05-27
일반음식점,금순이네,강원특별자치도 춘천시 중앙로 28-7 (요선동),강원특별자치도 춘천시 요선동 9-17 ,,정종/대포집/소주방,2026-05-27
일반음식점,한잔해,강원특별자치도 춘천시 동내면 거두택지길4번길 11-19,강원특별자치도 춘천시 동내면 거두리 950-8 ,033-263-7011,식육(숯불구이),2026-05-27
일반음식점,돗대골뱅이,"강원특별자치도 춘천시 서부대성로 44, 2층 (요선동)",강원특별자치도 춘천시 요선동 8-7 ,033-251-5553,정종/대포집/소주방,2026-05-27
일반음식점,송탄부대찌개강촌점,"강원특별자치도 춘천시 남산면 강촌로 325, 1층",강원특별자치도 춘천시 남산면 방곡리 135-4 ,033-264-8292,정종/대포집/소주방,2026-05-27
일반음식점,롤링파스타춘천명동점,"강원특별자치도 춘천시 명동길 2-1, 2층 (중앙로2가)",강원특별자치도 춘천시 중앙로2가 2 ,033-253-3334,기타,2026-05-27
일반음식점,시골밥집,강원특별자치도 춘천시 춘천로310번길 23 (후평동),강원특별자치도 춘천시 후평동 690 ,033-252-1745,한식,2026-05-27
일반음식점,미미카츠,"강원특별자치도 춘천시 효제길 26, 1층 (효자동)",강원특별자치도 춘천시 효자동 164-10 ,033-243-1128,기타,2026-05-27
일반음식점,메가펍,"강원특별자치도 춘천시 우묵길78번길 7, 2층 (퇴계동)",강원특별자치도 춘천시 퇴계동 1137-3 ,033-251-0900,기타,2026-05-27
일반음식점,연탄불고기,"강원특별자치도 춘천시 효석로77번길 7, 1층 (석사동)",강원특별자치도 춘천시 석사동 709-6 ,,정종/대포집/소주방,2026-05-27
일반음식점,웅치킨호프,"강원특별자치도 춘천시 퇴계로 52, 1층 (퇴계동)",강원특별자치도 춘천시 퇴계동 641-5 ,033-257-6997,기타,2026-05-27
일반음식점,팔팔반점,"강원특별자치도 춘천시 신북읍 신북로 237, 1층",강원특별자치도 춘천시 신북읍 산천리 349-1 ,033-253-1533,호프/통닭,2026-05-27
일반음식점,본도시락춘천장학점,"강원특별자치도 춘천시 동면 춘천순환로 613, 103호",강원특별자치도 춘천시 동면 장학리 1007-7 , 033-252-4282,김밥(도시락),2026-05-27
일반음식점,국밥백서춘천강대점,"강원특별자치도 춘천시 백령로 3, 1층 (효자동)",강원특별자치도 춘천시 효자동 315-8 ,033-263-9297,한식,2026-05-27
일반음식점,준희얼큰이족탕,강원특별자치도 춘천시 후석로 284 (후평동),강원특별자치도 춘천시 후평동 801-1 ,033-244-8820,기타,2026-05-27
일반음식점,돈카춘춘천점,"강원특별자치도 춘천시 서부대성로 161, 1층 (효자동)",강원특별자치도 춘천시 효자동 643-9 ,033-253-5658,분식,2026-05-27
일반음식점,쉐프박스,"강원특별자치도 춘천시 스무숲3길 16, 1층 (석사동)",강원특별자치도 춘천시 석사동 946-5 ,033-261-0888,식육(숯불구이),2026-05-27
일반음식점,수옛날통닭한림대점,강원특별자치도 춘천시 삭주로 104 (후평동),강원특별자치도 춘천시 후평동 854-2 ,033-257-1881,기타,2026-05-27
일반음식점,오늘도고기국밥&감자탕,"강원특별자치도 춘천시 남춘천길 12, 1층 (퇴계동)",강원특별자치도 춘천시 퇴계동 1151 ,,한식,2026-05-27
일반음식점,대동관,"강원특별자치도 춘천시 동면 소양강로 182, 1층",강원특별자치도 춘천시 동면 장학리 751 ,,중국식,2026-05-27
일반음식점,알베로,"강원특별자치도 춘천시 안마산로 169-3, 101호 (퇴계동)",강원특별자치도 춘천시 퇴계동 152-31 ,033-262-1120,기타,2026-05-27
일반음식점,본설렁탕춘천명동점,"강원특별자치도 춘천시 아침길 3, 1층 (조양동)",강원특별자치도 춘천시 조양동 48-5 ,033-255-2322,한식,2026-05-27
일반음식점,메밀치킨,"강원특별자치도 춘천시 동면 후석로326번길 94, 춘천만천엘에이치아파트 상가동 1층 101호",강원특별자치도 춘천시 동면 만천리 977 춘천만천엘에이치아파트 ,033-256-5592,호프/통닭,2026-05-27
일반음식점,최가네진순두부,"강원특별자치도 춘천시 남산면 강촌로 327, 1층",강원특별자치도 춘천시 남산면 방곡리 135-5 , 033-262-3400,기타,2026-05-27
일반음식점,은혜식당,"강원특별자치도 춘천시 신북읍 신북로 32, 1층",강원특별자치도 춘천시 신북읍 율문리 318-32 ,033-257-8253,한식,2026-05-27
일반음식점,커피통,"강원특별자치도 춘천시 영서로2753번길 18, 2층 (우두동)",강원특별자치도 춘천시 우두동 1056-4 ,033-252-5266,기타,2026-05-27
일반음식점,빌리비,"강원특별자치도 춘천시 시청길10번길 11, 1층 (조양동)",강원특별자치도 춘천시 조양동 43-5 ,070-7776-4095,기타,2026-05-27
일반음식점,티라미수1호점,"강원특별자치도 춘천시 금강로13번길 26, 1,2층 (소양로2가)",강원특별자치도 춘천시 소양로2가 146-3 ,033-262-6378,기타,2026-05-27
일반음식점,춘천짬뽕가게,"강원특별자치도 춘천시 스무숲1길 8-4, 1층 (석사동)",강원특별자치도 춘천시 석사동 909-4 ,033-261-2800,중국식,2026-05-27
일반음식점,올레동태탕,"강원특별자치도 춘천시 스무숲1길 36-3, 1층 (석사동)",강원특별자치도 춘천시 석사동 915-2 ,033-253-3960,한식,2026-05-27
일반음식점,써니힐(SunnyHill),"강원특별자치도 춘천시 춘주로187번길 9, 지하 1층 (퇴계동)",강원특별자치도 춘천시 퇴계동 907 ,,라이브카페,2026-05-27
일반음식점,투다리포스코점,"강원특별자치도 춘천시 효평길 110, 1,2층 (후평동)",강원특별자치도 춘천시 후평동 691-10 ,033-255-5770,정종/대포집/소주방,2026-05-27
일반음식점,은영이네,"강원특별자치도 춘천시 효석로67번길 18, 1층 좌측호 (석사동)",강원특별자치도 춘천시 석사동 705-18 ,033-261-8799,식육(숯불구이),2026-05-27
일반음식점,식감,"강원특별자치도 춘천시 남산면 충효로 108, 1층",강원특별자치도 춘천시 남산면 광판리 794-12 , 033-253-5393,한식,2026-05-27
일반음식점,춘천로81,"강원특별자치도 춘천시 춘천로81번길 13-1, 1층 (약사동)",강원특별자치도 춘천시 약사동 151-6 ,033-242-2202,기타,2026-05-27
일반음식점,"과일에반하다,프루타(춘천점)","강원특별자치도 춘천시 백령로 214, 1층 (후평동)",강원특별자치도 춘천시 후평동 67-78 ,033-256-2679,호프/통닭,2026-05-27
일반음식점,카페떼아뜨로(Cafe Teatro),"강원특별자치도 춘천시 신동면 풍류1길 34, 2층",강원특별자치도 춘천시 신동면 증리 901 ,033-253-7111,기타,2026-05-27
일반음식점,위스키no.213(Whisky no.213),"강원특별자치도 춘천시 남춘로 17, 남춘천역코아루웰라움타운 에비뉴상가동 2층 213호 (퇴계동)",강원특별자치도 춘천시 퇴계동 369-9 ,,정종/대포집/소주방,2026-05-27
일반음식점,빵순이피자앤파스타,"강원특별자치도 춘천시 공지로 111, 1층 104호 (석사동, 석사신우아파트)",강원특별자치도 춘천시 석사동 682-1 석사신우아파트 ,033-263-7556,경양식,2026-05-27
일반음식점,옛날이야기식당,"강원특별자치도 춘천시 남산면 북한강변길 876, 1층",강원특별자치도 춘천시 남산면 강촌리 615 ,033-261-0069,한식,2026-05-27
일반음식점,공지천제빵소,"강원특별자치도 춘천시 수변공원길 23, 1~2층 (삼천동)",강원특별자치도 춘천시 삼천동 13-8 , 033-255-7200,기타,2026-05-27
일반음식점,그라운댕,"강원특별자치도 춘천시 동면 금옥길 132, 1층",강원특별자치도 춘천시 동면 월곡리 549 ,,기타,2026-05-27
일반음식점,그늘집,"강원특별자치도 춘천시 동면 춘천순환로 797, 1층",강원특별자치도 춘천시 동면 장학리 674-1 ,033-263-6666,분식,2026-05-27
일반음식점,아써르티(ASSORTY),"강원특별자치도 춘천시 서부대성로 249, 1층 (효자동)",강원특별자치도 춘천시 효자동 632-14 ,033-244-1683,기타,2026-05-27
일반음식점,기와집,"강원특별자치도 춘천시 후석로 427, 1층 (후평동)",강원특별자치도 춘천시 후평동 715-15 ,033-255-4555,식육(숯불구이),2026-05-27
일반음식점,포랑춘천점,"강원특별자치도 춘천시 서부대성로205번길 8, 1층 (효자동)",강원특별자치도 춘천시 효자동 619-2 ,,"외국음식전문점(인도,태국등)",2026-05-27
일반음식점,바보형제쭈꾸미효자점,"강원특별자치도 춘천시 춘천로186번길 17, 1층 (효자동)",강원특별자치도 춘천시 효자동 658 ,033-252-8868,호프/통닭,2026-05-27
일반음식점,서민막국수춘천점,"강원특별자치도 춘천시 우두1길 63, 1층 (우두동)",강원특별자치도 춘천시 우두동 1111-3 ,070-8779-8258,한식,2026-05-27
일반음식점,올미옻닭집,"강원특별자치도 춘천시 신동로 64-22, 1층 (신동)",강원특별자치도 춘천시 신동 362-3 ,033-241-6454,한식,2026-05-27
일반음식점,순수푸드딜리버리,"강원특별자치도 춘천시 춘천로204번길 56, 1층 (효자동)",강원특별자치도 춘천시 효자동 618-19 , 033-255-8288,한식,2026-05-27
일반음식점,계미,"강원특별자치도 춘천시 춘천로204번길 54, 1층 (효자동)",강원특별자치도 춘천시 효자동 618-21 ,070-7782-8307,호프/통닭,2026-05-27
일반음식점,프롬마인드(FROMMIND),"강원특별자치도 춘천시 백령로 105, 1층 (효자동)",강원특별자치도 춘천시 효자동 771-9 ,033-252-8088,기타,2026-05-27
일반음식점,스시원춘천온의점,"강원특별자치도 춘천시 방송길 98, 1층 (온의동)",강원특별자치도 춘천시 온의동 6-40 , 033-253-5933,일식,2026-05-27
일반음식점,정족리손두부집,"강원특별자치도 춘천시 신동면 정족길 186, 1층",강원특별자치도 춘천시 신동면 정족리 609-2 ,033-261-9260,한식,2026-05-27
일반음식점,시민커피,"강원특별자치도 춘천시 공지로 29, 1,2층 (석사동)",강원특별자치도 춘천시 석사동 116-32 ,033-264-9478,기타,2026-05-27
일반음식점,우리집도시락,"강원특별자치도 춘천시 동면 만천로 155, 1층",강원특별자치도 춘천시 동면 만천리 815-2 ,033-244-4447,분식,2026-05-27
일반음식점,"한삼실업(양평해장국,전주생태탕)","강원특별자치도 춘천시 동산면 종자리로 183, 1,2층",강원특별자치도 춘천시 동산면 군자리 1010 ,033-261-2332,한식,2026-05-27
일반음식점,좋은초밥,"강원특별자치도 춘천시 후만로 3, 1층 우측상가호 (효자동)",강원특별자치도 춘천시 효자동 633-10 ,033-257-7096,횟집,2026-05-27
일반음식점,진사골,"강원특별자치도 춘천시 동내면 춘천순환로 106-6, 1층",강원특별자치도 춘천시 동내면 거두리 1071-1 ,033-264-8955,한식,2026-05-27
일반음식점,열정국밥,"강원특별자치도 춘천시 공지로 234-11, 1층 (효자동)",강원특별자치도 춘천시 효자동 285-3 ,070-8623-3525,정종/대포집/소주방,2026-05-27
일반음식점,장호덕손만두,"강원특별자치도 춘천시 후석로 346, 1층 (후평동)",강원특별자치도 춘천시 후평동 703-4 ,033-252-2228,중국식,2026-05-27
일반음식점,유캔두잇춘천효자점,"강원특별자치도 춘천시 남춘로45번길 40-14, 1층 (효자동)",강원특별자치도 춘천시 효자동 696-2 ,033-910-9193,기타,2026-05-27
일반음식점,천제육,"강원특별자치도 춘천시 춘천로68번길 8, 1층 (효자동)",강원특별자치도 춘천시 효자동 683-17 ,,한식,2026-05-27
일반음식점,명가손만두김밥,"강원특별자치도 춘천시 보안길 25, 1층 (후평동)",강원특별자치도 춘천시 후평동 795-7 ,033-252-4807,분식,2026-05-27
일반음식점,춘천반점,"강원특별자치도 춘천시 후석로45번길 11, 1층 (석사동)",강원특별자치도 춘천시 석사동 654-7 ,,중국식,2026-05-27
일반음식점,사거리횟집,"강원특별자치도 춘천시 춘천로 188, 1층 112,113호 (효자동)",강원특별자치도 춘천시 효자동 654-3 ,033-244-0074,횟집,2026-05-27
일반음식점,떡볶이사냥춘천1호점,강원특별자치도 춘천시 춘천로 265 (후평동),강원특별자치도 춘천시 후평동 677-18 , 033-254-8245,분식,2026-05-27
일반음식점,든든돈가스앤드분식,"강원특별자치도 춘천시 춘천로 159, 1층 (운교동)",강원특별자치도 춘천시 운교동 107-1 ,033-242-2125,분식,2026-05-27
일반음식점,레코드랩,"강원특별자치도 춘천시 퇴계로93번길 20-17, 1층 (퇴계동)",강원특별자치도 춘천시 퇴계동 395-26 ,070-8095-4386,경양식,2026-05-27
일반음식점,삼악산막국수,"강원특별자치도 춘천시 스포츠타운길 245, 2층 (삼천동)",강원특별자치도 춘천시 삼천동 392-10 ,033-242-1993,한식,2026-05-27
일반음식점,진미중식당,"강원특별자치도 춘천시 사북면 영서로 4805, 1층",강원특별자치도 춘천시 사북면 지촌리 548-1 ,033-253-6101,중국식,2026-05-27
일반음식점,왕손(해물전문점),"강원특별자치도 춘천시 승지골길 7-7, 1층 (퇴계동)",강원특별자치도 춘천시 퇴계동 1008-3 ,033-250-1440,한식,2026-05-27
일반음식점,신북클래식,"강원특별자치도 춘천시 신북읍 상천3길 21, 1,2층",강원특별자치도 춘천시 신북읍 천전리 212-37 ,,기타,2026-05-27
일반음식점,준독라운지,"강원특별자치도 춘천시 효자로150번길 11-1, 1층 (효자동)",강원특별자치도 춘천시 효자동 653-11 ,033-254-0045,기타,2026-05-27
일반음식점,델리와구,"강원특별자치도 춘천시 서부대성로 136, 1층 (운교동)",강원특별자치도 춘천시 운교동 187-14 ,033-241-9655,한식,2026-05-27
일반음식점,프랭크버거춘천퇴계점,"강원특별자치도 춘천시 안마산로 109-1, 1층 102호 (퇴계동)",강원특별자치도 춘천시 퇴계동 445 ,033-244-0319,기타,2026-05-27
일반음식점,한식밥상,"강원특별자치도 춘천시 후석로46번길 15, 1층 (석사동)",강원특별자치도 춘천시 석사동 666-9 ,033-254-2901,한식,2026-05-27
일반음식점,보민집,"강원특별자치도 춘천시 우두상리2길 30, 1층 (우두동)",강원특별자치도 춘천시 우두동 152-14 ,033-244-7070,정종/대포집/소주방,2026-05-27
일반음식점,오오모리,"강원특별자치도 춘천시 효자상길 47, 1층 (효자동)",강원특별자치도 춘천시 효자동 464-6 ,033-255-5582,일식,2026-05-27
일반음식점,블래터,"강원특별자치도 춘천시 동내면 금촌로 84-58, 2층",강원특별자치도 춘천시 동내면 고은리 134-2 ,033-261-8850,기타,2026-05-27
일반음식점,수라죽석사점,"강원특별자치도 춘천시 퇴계로 187, 1층 (석사동)",강원특별자치도 춘천시 석사동 796-3 , 033-263-2632,한식,2026-05-27
일반음식점,테그42춘천석사점,"강원특별자치도 춘천시 지석로 75, 1층층 112호 (석사동)",강원특별자치도 춘천시 석사동 880-5 ,033-243-4242,분식,2026-05-27
일반음식점,춘천준이네닭갈비,"강원특별자치도 춘천시 스포츠타운길 404, 1층 (삼천동)",강원특별자치도 춘천시 삼천동 158 ,033-255-5552,한식,2026-05-27
일반음식점,무등소갈비춘천퇴계점,"강원특별자치도 춘천시 퇴계로 13, 1층 101호 (퇴계동)",강원특별자치도 춘천시 퇴계동 1161-3 ,033-241-9292,식육(숯불구이),2026-05-27
일반음식점,석관동떡볶이춘천점,"강원특별자치도 춘천시 서부대성로 177, 1층 (효자동)",강원특별자치도 춘천시 효자동 607-5 ,033-241-9994,분식,2026-05-27
일반음식점,유미카츠춘천우두점,"강원특별자치도 춘천시 마장길 75, 1층 (사농동)",강원특별자치도 춘천시 사농동 55-1 ,033-253-0804,기타,2026-05-27
일반음식점,뚱자국밥,"강원특별자치도 춘천시 효평길 100, 1층 (후평동)",강원특별자치도 춘천시 후평동 691 ,033-243-7770,한식,2026-05-27
일반음식점,돈가스와우동,"강원특별자치도 춘천시 남산면 한치로 92, 1층",강원특별자치도 춘천시 남산면 창촌리 73-3 ,033-262-5449,한식,2026-05-27
일반음식점,개골짬뽕,"강원특별자치도 춘천시 서부대성로 120, 1층 (운교동)",강원특별자치도 춘천시 운교동 185 ,033-243-0084,중국식,2026-05-27
일반음식점,61,"강원특별자치도 춘천시 남춘로61번길 6, 1층 (효자동)",강원특별자치도 춘천시 효자동 709-7 ,070-8691-1961,기타,2026-05-27
일반음식점,기대만족춘천점,"강원특별자치도 춘천시 서부대성로 225, 1층 (효자동)",강원특별자치도 춘천시 효자동 626-10 ,033-911-0104,분식,2026-05-27
일반음식점,정성카츠춘천퇴계점,"강원특별자치도 춘천시 남춘로5번길 28-2, 1층 (퇴계동)",강원특별자치도 춘천시 퇴계동 618-9 ,033-243-2333,분식,2026-05-27
일반음식점,신영이네칼국수,"강원특별자치도 춘천시 춘주로187번길 18, 1층 (퇴계동)",강원특별자치도 춘천시 퇴계동 897-12 ,033-242-3127,한식,2026-05-27
일반음식점,한방전주콩나물국밥효자점,"강원특별자치도 춘천시 공지로 216, 1층 (효자동)",강원특별자치도 춘천시 효자동 223-1 ,033-262-1220,한식,2026-05-27
일반음식점,데일리왓더버거,"강원특별자치도 춘천시 퇴계로93번길 4-8, 1층 101호 (퇴계동)",강원특별자치도 춘천시 퇴계동 1096 101호,033-263-8881,기타,2026-05-27
일반음식점,강원녹두삼계탕,"강원특별자치도 춘천시 동내면 거두택지길 41-38, 1층",강원특별자치도 춘천시 동내면 거두리 716-21 ,033-261-9490,한식,2026-05-27
일반음식점,정원본가직영점,"강원특별자치도 춘천시 우묵길60번길 22, 1층 101호 (퇴계동)",강원특별자치도 춘천시 퇴계동 1182-3 ,033-255-9585,식육(숯불구이),2026-05-27
일반음식점,지코바치킨근화점,"강원특별자치도 춘천시 근화길15번길 22, 신성미소지움아파트 상가동 1층 103호 (근화동)",강원특별자치도 춘천시 근화동 279-22 신성미소지움아파트 ,033-251-4024,호프/통닭,2026-05-27
일반음식점,또래오래춘천사북점,"강원특별자치도 춘천시 사북면 영서로 4797-1, 1층",강원특별자치도 춘천시 사북면 지촌리 536-12 , 033-243-1057,호프/통닭,2026-05-27
일반음식점,1KG탕수육,"강원특별자치도 춘천시 서부대성로239번길 21, 1층 (효자동)",강원특별자치도 춘천시 효자동 17-9 ,070-7847-2655,호프/통닭,2026-05-27
일반음식점,리퍼블릭,"강원특별자치도 춘천시 동면 춘천순환로 330, 1층",강원특별자치도 춘천시 동면 만천리 523-71 ,033-252-7733,기타,2026-05-27
일반음식점,하루,"강원특별자치도 춘천시 춘천로146번길 8, 1층 (운교동)",강원특별자치도 춘천시 운교동 176 ,,기타,2026-05-27
일반음식점,닭갈비짱,"강원특별자치도 춘천시 스무숲1길 38-9, 1층 (석사동)",강원특별자치도 춘천시 석사동 919-3 ,033-261-3688,한식,2026-05-27
일반음식점,정스커피로스터스,"강원특별자치도 춘천시 세실로 188, 1층 (후평동)",강원특별자치도 춘천시 후평동 883-8 우측 ,,기타,2026-05-27
일반음식점,고기혁명춘천점,"강원특별자치도 춘천시 남춘로61번길 17, 1층 (효자동)",강원특별자치도 춘천시 효자동 707-20 , 033-252-0529,식육(숯불구이),2026-05-27
일반음식점,798삼천동고깃집,"강원특별자치도 춘천시 옛경춘로 798, 1층 (삼천동)",강원특별자치도 춘천시 삼천동 33-4 ,033-257-8592,식육(숯불구이),2026-05-27
일반음식점,오적회관춘천퇴계점,"강원특별자치도 춘천시 솟발1길 12, 1층 (퇴계동)",강원특별자치도 춘천시 퇴계동 산 19-11 ,033-254-4416,한식,2026-05-27
일반음식점,청년분식춘천점,"강원특별자치도 춘천시 후석로46번길 16, 1층 (석사동)",강원특별자치도 춘천시 석사동 663-7 ,070-7576-0332,분식,2026-05-27
일반음식점,엘타코호초,"강원특별자치도 춘천시 삭주로 217, 1층 (후평동)",강원특별자치도 춘천시 후평동 740-11 ,,기타,2026-05-27
일반음식점,은하수길포차,"강원특별자치도 춘천시 후석로 269, 1층 (후평동)",강원특별자치도 춘천시 후평동 838-6 ,,정종/대포집/소주방,2026-05-27
일반음식점,사거리순대국,"강원특별자치도 춘천시 신샘밭로 99, 1층 (사농동)",강원특별자치도 춘천시 사농동 217-257 ,033-241-0222,한식,2026-05-27
일반음식점,데이앤나이트식당,"강원특별자치도 춘천시 서부대성로 217, 2층 (효자동)",강원특별자치도 춘천시 효자동 626-25 ,,기타,2026-05-27
일반음식점,사거리횟집후평점,"강원특별자치도 춘천시 백령로 215, 1층 103호 (후평동, 춘천일성트루엘더퍼스트아파트)",강원특별자치도 춘천시 후평동 910 춘천일성트루엘더퍼스트아파트 103호,,횟집,2026-05-27
일반음식점,원할머니보쌈족발춘천후평점,"강원특별자치도 춘천시 백령로 188, 1층 우측호 (후평동)",강원특별자치도 춘천시 후평동 67-54 우측호,,한식,2026-05-27
일반음식점,육담,"강원특별자치도 춘천시 영서로 2153, 1층 101,102호 (퇴계동)",강원특별자치도 춘천시 퇴계동 418-6 ,033-818-2222,식육(숯불구이),2026-05-27
일반음식점,소셜하우스,"강원특별자치도 춘천시 춘천로310번길 70, 1층 (효자동)",강원특별자치도 춘천시 효자동 758-12 ,,기타,2026-05-27
일반음식점,호미앤멜로우,"강원특별자치도 춘천시 솟발1길 4-53, 1,2층 (퇴계동)",강원특별자치도 춘천시 퇴계동 475-8 ,,기타,2026-05-27
일반음식점,거두뒷고기,"강원특별자치도 춘천시 동내면 춘천순환로 79, 1층",강원특별자치도 춘천시 동내면 거두리 917-4 좌측 ,033-261-6766,한식,2026-05-27
일반음식점,오이소,"강원특별자치도 춘천시 남산면 서백길 79-10, 1층",강원특별자치도 춘천시 남산면 서천리 34-9 ,,기타,2026-05-27
일반음식점,카페주오,"강원특별자치도 춘천시 영서로2756번길 1, 1층 (우두동)",강원특별자치도 춘천시 우두동 1066-13 ,,경양식,2026-05-27
일반음식점,브라보스크린골프춘천만천점그늘집,"강원특별자치도 춘천시 동면 서부대성로 483, 2층",강원특별자치도 춘천시 동면 만천리 485 ,033-251-7901,기타,2026-05-27
일반음식점,공간모음,"강원특별자치도 춘천시 후만로116번길 4, 1층 (후평동)",강원특별자치도 춘천시 후평동 869-1 우측 ,,기타,2026-05-27
일반음식점,대영옥돼지곰탕,"강원특별자치도 춘천시 낙원길 27, 1층 (낙원동)",강원특별자치도 춘천시 낙원동 63-14 ,,분식,2026-05-27
일반음식점,족발야시장우두점,"강원특별자치도 춘천시 우두6길 19, A동 1층 (우두동)",강원특별자치도 춘천시 우두동 1117-1 ,,한식,2026-05-27
일반음식점,담칼국수,"강원특별자치도 춘천시 영서로 3050, 1층 (사농동)",강원특별자치도 춘천시 사농동 274-30 ,,분식,2026-05-27
일반음식점,29페이지,"강원특별자치도 춘천시 둥지길 18-9, 1,2층 (효자동)",강원특별자치도 춘천시 효자동 149-86 ,,경양식,2026-05-27
일반음식점,오필승닭발장학점,"강원특별자치도 춘천시 동면 춘천로449번길 24-1, 1층",강원특별자치도 춘천시 동면 장학리 998-3 ,,한식,2026-05-27
일반음식점,시골집,"강원특별자치도 춘천시 서면 수정길 170, 1층",강원특별자치도 춘천시 서면 월송리 137-1 ,,한식,2026-05-27
일반음식점,대만족춘천점,"강원특별자치도 춘천시 애막골길7번길 24, 1층 (석사동)",강원특별자치도 춘천시 석사동 736-14 ,,기타,2026-05-27
일반음식점,신의주찹쌀순대본사직영춘천점,"강원특별자치도 춘천시 영서로2279번길 16, 1층 (온의동)",강원특별자치도 춘천시 온의동 513-5 ,033-255-9409,한식,2026-05-27
일반음식점,비에이치씨춘천우두점,"강원특별자치도 춘천시 우두1길 40, 상가동 1층 101호 (우두동, 춘천우두엘에이치천년나무3단지)",강원특별자치도 춘천시 우두동 1088 춘천우두엘에이치천년나무3단지 ,033-254-1618,호프/통닭,2026-05-27
일반음식점,춘천돈까스,"강원특별자치도 춘천시 춘천로 306-5, 1층 101,102호 (후평동)",강원특별자치도 춘천시 후평동 692-12 ,,분식,2026-05-27
일반음식점,청춘활어조개구이,강원특별자치도 춘천시 퇴계로 16 (퇴계동),강원특별자치도 춘천시 퇴계동 1183-3 ,,횟집,2026-05-27
일반음식점,유동짬뽕,"강원특별자치도 춘천시 충혼길52번길 9, 1층 (온의동)",강원특별자치도 춘천시 온의동 544-5 ,,중국식,2026-05-27
일반음식점,아주르봄(ajourBom),"강원특별자치도 춘천시 영서로 2529-38, 1~2층 (근화동)",강원특별자치도 춘천시 근화동 572-4 ,,기타,2026-05-27
일반음식점,명랑회관춘천점,"강원특별자치도 춘천시 수변공원길 11, 3동 1층 101호 (삼천동)",강원특별자치도 춘천시 삼천동 13-1 ,,분식,2026-05-27
일반음식점,옛날전집,"강원특별자치도 춘천시 후석로 265-1, 1층 (후평동)",강원특별자치도 춘천시 후평동 838-8 ,033-242-2024,정종/대포집/소주방,2026-05-27
일반음식점,드래곤웍스(Dragonwoks),"강원특별자치도 춘천시 춘천로204번길 49, 1층 (효자동)",강원특별자치도 춘천시 효자동 614-11 ,,중국식,2026-05-27
일반음식점,책방달방,"강원특별자치도 춘천시 향교뒷길 6-1, 지하1층 (교동)",강원특별자치도 춘천시 교동 93-95 ,,기타,2026-05-27
일반음식점,육회왕자연어공주장학점,"강원특별자치도 춘천시 동면 춘천로449번길 20-3, 1층",강원특별자치도 춘천시 동면 장학리 996-5 ,,분식,2026-05-27
일반음식점,더니어,"강원특별자치도 춘천시 만천로239번길 19, 1층 (후평동)",강원특별자치도 춘천시 후평동 752-1 ,,기타,2026-05-27
일반음식점,신남큰집,"강원특별자치도 춘천시 방송길 77, 지하1층 B109호 (온의동, 춘천 센트럴타워 푸르지오)",강원특별자치도 춘천시 온의동 601 춘천 센트럴타워 푸르지오 ,033-243-1114,한식,2026-05-27
일반음식점,빅브릭스바이츠(Big Bricks Bites),,강원특별자치도 춘천시 중도동 560-4 ,,기타,2026-05-27
일반음식점,나이츠피스트(Knight's Feast),,강원특별자치도 춘천시 중도동 568 ,,기타,2026-05-27
일반음식점,웍앤볼(Wok n Bowl),,강원특별자치도 춘천시 중도동 568 ,,분식,2026-05-27
일반음식점,시티 레스토랑(City Restaurant),,강원특별자치도 춘천시 중도동 460 ,,경양식,2026-05-27
일반음식점,마리나스낵스(Marina Snacks),,강원특별자치도 춘천시 중도동 460 ,,경양식,2026-05-27
일반음식점,브릭비어드스낵스(Brickbeard Snacks),,강원특별자치도 춘천시 중도동 460 ,,기타,2026-05-27
일반음식점,팔호광장자율식당,"강원특별자치도 춘천시 춘천로 173-1, 1층 (운교동)",강원특별자치도 춘천시 운교동 142-7 ,033-256-2220,한식,2026-05-27
일반음식점,프랭크버거춘천강원대점,"강원특별자치도 춘천시 서부대성로 239, 1층 (효자동)",강원특별자치도 춘천시 효자동 628-10 ,033-254-0408,기타,2026-05-27
일반음식점,봄내뒤뚜루,"강원특별자치도 춘천시 춘천로281번길 8, 1층 (후평동)",강원특별자치도 춘천시 후평동 510-24 ,,기타,2026-05-27
일반음식점,해월,"강원특별자치도 춘천시 벌말길 104-1, 1층 (석사동)",강원특별자치도 춘천시 석사동 695-6 ,,한식,2026-05-27
일반음식점,지내리기름집,"강원특별자치도 춘천시 신북읍 금광길 1, 1층",강원특별자치도 춘천시 신북읍 지내리 466-1 ,,기타,2026-05-27
일반음식점,간이역시그니처역점,"강원특별자치도 춘천시 우두1길 77, 1층 (우두동)",강원특별자치도 춘천시 우두동 1113-4 ,,정종/대포집/소주방,2026-05-27
일반음식점,빽다방춘천강북점,"강원특별자치도 춘천시 충열로 1, 1층 102호 (우두동)",강원특별자치도 춘천시 우두동 693-6 ,,기타,2026-05-27
일반음식점,한양고깃집춘천후평점,"강원특별자치도 춘천시 후석로326번길 5, 1층 (후평동)",강원특별자치도 춘천시 후평동 701-12 ,033-257-1119,식육(숯불구이),2026-05-27
일반음식점,어트러스,"강원특별자치도 춘천시 충열로 137, 1층 (우두동)",강원특별자치도 춘천시 우두동 442-26 ,,기타,2026-05-27
일반음식점,우미관,"강원특별자치도 춘천시 방송길 100, 1층 (온의동)",강원특별자치도 춘천시 온의동 15-1 ,033-2419-293,식육(숯불구이),2026-05-27
일반음식점,탕화쿵푸마라탕강원대점,"강원특별자치도 춘천시 백령로138번길 49, 2층 (효자동)",강원특별자치도 춘천시 효자동 631-14 ,,"외국음식전문점(인도,태국등)",2026-05-27
일반음식점,브릭스트릿카페(Brick Street Cafe),"강원특별자치도 춘천시 하중도길 128, 1층 (중도동)",강원특별자치도 춘천시 중도동 603 ,033-815-2300,기타,2026-05-27
일반음식점,정족리동치미카페도씨,"강원특별자치도 춘천시 신동면 김유정로 1772, 1동 2층",강원특별자치도 춘천시 신동면 정족리 667-1 , 033-243-1188,기타,2026-05-27
일반음식점,네모커피(Nemo coffee),"강원특별자치도 춘천시 전원길 49-1, 1층 (효자동)",강원특별자치도 춘천시 효자동 753-8 ,033-251-1157,기타,2026-05-27
일반음식점,서면순대국,"강원특별자치도 춘천시 서면 박사로 906, 가동",강원특별자치도 춘천시 서면 금산리 985-2 ,,한식,2026-05-27
일반음식점,과일사탕1015,"강원특별자치도 춘천시 지석로 80, 1층 112호 (퇴계동)",강원특별자치도 춘천시 퇴계동 1017 ,,기타,2026-05-27
일반음식점,브릭스페밀리레스토랑(Bricks family restaurant),"강원특별자치도 춘천시 하중도길 128, 2층 (중도동)",강원특별자치도 춘천시 중도동 603 ,033-815-2300,경양식,2026-05-27
일반음식점,스카이라인라운지(Skyline lounge),"강원특별자치도 춘천시 하중도길 128, 2층 (중도동)",강원특별자치도 춘천시 중도동 603 ,033-815-2300,경양식,2026-05-27
일반음식점,나들목1989강원대점,"강원특별자치도 춘천시 백령로138번길 33, 2층 (효자동)",강원특별자치도 춘천시 효자동 629-18 ,,기타,2026-05-27
일반음식점,뮤즈앤브루,"강원특별자치도 춘천시 아침길 17-6, 1층 (조양동)",강원특별자치도 춘천시 조양동 6-35 ,,기타,2026-05-27
일반음식점,글렌테일,"강원특별자치도 춘천시 보안길 50, 2층 (후평동)",강원특별자치도 춘천시 후평동 72-1 ,,기타,2026-05-27
일반음식점,모토모토,"강원특별자치도 춘천시 동면 순환대로 1156-19, 지하1,1,2층",강원특별자치도 춘천시 동면 만천리 326-37 ,,기타,2026-05-27
일반음식점,비비큐후평점,"강원특별자치도 춘천시 세실로 218, 1층 (후평동)",강원특별자치도 춘천시 후평동 869-12 ,,호프/통닭,2026-05-27
일반음식점,포레스트스크린,"강원특별자치도 춘천시 동면 춘천순환로 553, 3층",강원특별자치도 춘천시 동면 장학리 174-1 ,033-818-2100,기타,2026-05-27
일반음식점,바비랑이푸드,"강원특별자치도 춘천시 운교길 4, 1층 (운교동)",강원특별자치도 춘천시 운교동 108-3 ,,한식,2026-05-27
일반음식점,구정막국수,강원특별자치도 춘천시 구마니1길 36-2 (삼천동),강원특별자치도 춘천시 삼천동 164 ,033-255-7000,한식,2026-05-27
일반음식점,해돈,"강원특별자치도 춘천시 동내면 거두택지길 34, 1층",강원특별자치도 춘천시 동내면 거두리 964-3 ,,식육(숯불구이),2026-05-27
일반음식점,삼첩분식우두점,"강원특별자치도 춘천시 새청말길 23, 1층 102호 (우두동)",강원특별자치도 춘천시 우두동 381-2 ,,분식,2026-05-27
일반음식점,베트남쌀국수,"강원특별자치도 춘천시 명동길 50-1, 1층 (중앙로3가)",강원특별자치도 춘천시 중앙로3가 60 ,,"외국음식전문점(인도,태국등)",2026-05-27
일반음식점,브라이드그룸,"강원특별자치도 춘천시 동내면 거두택지길 87-4, 1층",강원특별자치도 춘천시 동내면 거두리 1111-8 ,,기타,2026-05-27
일반음식점,종가집숯불구이,"강원특별자치도 춘천시 공원4길 21, 1층 (퇴계동)",강원특별자치도 춘천시 퇴계동 890-6 ,033-256-3777,식육(숯불구이),2026-05-27
일반음식점,삼포가는길,"강원특별자치도 춘천시 신동면 김유정로 1060-25, 1층",강원특별자치도 춘천시 신동면 혈동리 355 ,033-261-8777,한식,2026-05-27
일반음식점,커피브라운,"강원특별자치도 춘천시 애막골길7번길 6-1, 1층 101호 (석사동)",강원특별자치도 춘천시 석사동 749-11 ,,기타,2026-05-27
일반음식점,연들레,"강원특별자치도 춘천시 남산면 서백길 512, 1층",강원특별자치도 춘천시 남산면 백양리 588-89 ,,기타,2026-05-27
일반음식점,카페맑은물,"강원특별자치도 춘천시 충열로16번길 35, 2층 (우두동)",강원특별자치도 춘천시 우두동 1061-9 ,,기타,2026-05-27
일반음식점,생돈도야,"강원특별자치도 춘천시 충열로 10-10, 1층 (우두동)",강원특별자치도 춘천시 우두동 1067 ,,호프/통닭,2026-05-27
일반음식점,서가네,"강원특별자치도 춘천시 벌말길 58, 1층 (석사동)",강원특별자치도 춘천시 석사동 642-15 ,0332-6313-14,한식,2026-05-27
일반음식점,프리에어스페이스(Free Air Space),"강원특별자치도 춘천시 서부대성로 241, 2층 (효자동)",강원특별자치도 춘천시 효자동 632-1 ,,기타,2026-05-27
일반음식점,효자누룽지백숙,"강원특별자치도 춘천시 효자문길19번길 1-2, 1층 (효자동)",강원특별자치도 춘천시 효자동 465-13 ,,한식,2026-05-27
일반음식점,여기머야,"강원특별자치도 춘천시 백령로 225, 1층 101호 (후평동)",강원특별자치도 춘천시 후평동 67-33 ,033-255-8988,일식,2026-05-27
일반음식점,우리돈까스 용천옛날통닭,"강원특별자치도 춘천시 방송길 77, 1층 1102호 (온의동, 춘천 센트럴타워 푸르지오)",강원특별자치도 춘천시 온의동 601 춘천 센트럴타워 푸르지오 ,,기타,2026-05-27
일반음식점,다락방,"강원특별자치도 춘천시 서부대성로 221-1, 3층 (효자동)",강원특별자치도 춘천시 효자동 626-5 ,,기타,2026-05-27
일반음식점,후평광장냠냠숯불두마리치킨,"강원특별자치도 춘천시 보안길 77, 2층 (후평동)",강원특별자치도 춘천시 후평동 702-7 ,,정종/대포집/소주방,2026-05-27
일반음식점,광판팔뚝김밥우두점,"강원특별자치도 춘천시 충열로 1-16, 1층 좌측첫번째호 (우두동)",강원특별자치도 춘천시 우두동 685-9 ,,분식,2026-05-27
일반음식점,멕시카나후평점,"강원특별자치도 춘천시 후석로326번길 31, 상가동 1층 107호 (후평동, 현대3차아파트)",강원특별자치도 춘천시 후평동 87 현대3차아파트 ,033-254-2351,호프/통닭,2026-05-27
일반음식점,스시마니아,"강원특별자치도 춘천시 국사봉길 12, 1층 5호 (퇴계동)",강원특별자치도 춘천시 퇴계동 423-6 ,033-252-1982,일식,2026-05-27
일반음식점,엄마집밥,"강원특별자치도 춘천시 서부대성로173번길 3, 지하1층 (효자동)",강원특별자치도 춘천시 효자동 604-8 ,033-911-8254,한식,2026-05-27
일반음식점,진선미돌솥비빔밥,"강원특별자치도 춘천시 방송길 77, 2층 2119호 (온의동, 춘천 센트럴타워 푸르지오)",강원특별자치도 춘천시 온의동 601 춘천 센트럴타워 푸르지오 ,,한식,2026-05-27
일반음식점,믹스테이블리저브(MIX TABLE RESERVE),"강원특별자치도 춘천시 터미널길 8-2, 1층 (온의동)",강원특별자치도 춘천시 온의동 130-11 ,,기타,2026-05-27
일반음식점,국수나무한숲시티점,"강원특별자치도 춘천시 안마산로 113, e편한세상 춘천 한숲시티 상가B동 1층 B2-108호 (퇴계동)",강원특별자치도 춘천시 퇴계동 1240 e편한세상 춘천 한숲시티 ,,분식,2026-05-27
일반음식점,콘스델리춘천시청점,"강원특별자치도 춘천시 옥천길 3, 1층 (중앙로1가)",강원특별자치도 춘천시 중앙로1가 90-1 ,,기타,2026-05-27
일반음식점,풀사이드,"강원특별자치도 춘천시 남산면 소주고개로 378, 2층",강원특별자치도 춘천시 남산면 창촌리 434-222 ,,기타,2026-05-27
일반음식점,소풍꼬마김밥,"강원특별자치도 춘천시 춘천로 175-1, 1층 (운교동)",강원특별자치도 춘천시 운교동 142-9 ,,분식,2026-05-27
일반음식점,페티엉 P'etillant,"강원특별자치도 춘천시 방송길 94-7, 2층 (온의동)",강원특별자치도 춘천시 온의동 588-4 ,033-252-8283,기타,2026-05-27
일반음식점,치킨엔,"강원특별자치도 춘천시 스무숲1길 77, 1층 (석사동)",강원특별자치도 춘천시 석사동 917-4 ,,호프/통닭,2026-05-27
일반음식점,카페 빈티지,강원특별자치도 춘천시 서면 월송길 661,강원특별자치도 춘천시 서면 신매리 517 ,033-256-4739,기타,2026-05-27
일반음식점,중앙분식,"강원특별자치도 춘천시 중앙로 108-1, 1층 (낙원동)",강원특별자치도 춘천시 낙원동 118-7 ,,분식,2026-05-27
일반음식점,진한사골돼지국밥,"강원특별자치도 춘천시 부평길 16, 1층 (후평동)",강원특별자치도 춘천시 후평동 833-13 ,,한식,2026-05-27
일반음식점,오봉집춘천우두점,"강원특별자치도 춘천시 마장길 75, 1층 (사농동)",강원특별자치도 춘천시 사농동 55-1 ,,한식,2026-05-27
일반음식점,청송막걸리,"강원특별자치도 춘천시 우묵길78번길 24, 1층 (퇴계동)",강원특별자치도 춘천시 퇴계동 1153-3 ,033-256-1107,정종/대포집/소주방,2026-05-27
일반음식점,송향,"강원특별자치도 춘천시 동면 소양강로 182, 1층",강원특별자치도 춘천시 동면 장학리 751 ,,한식,2026-05-27
일반음식점,노모어피자(춘천점),"강원특별자치도 춘천시 서부대성로 227, 1층 (효자동)",강원특별자치도 춘천시 효자동 626-12 , 033-255-5666,기타,2026-05-27
일반음식점,우미야,"강원특별자치도 춘천시 보안길 6, 1층 (후평동)",강원특별자치도 춘천시 후평동 804-13 ,,정종/대포집/소주방,2026-05-27
일반음식점,24h디저트하우스(24h Dessert House),"강원특별자치도 춘천시 백령로 123, A동 1층 101호 (효자동)",강원특별자치도 춘천시 효자동 767-2 ,,기타,2026-05-27
일반음식점,육회본가우두점,"강원특별자치도 춘천시 영서로2756번길 12-1, 1층 (우두동)",강원특별자치도 춘천시 우두동 1062-4 ,033-251-6161,한식,2026-05-27
일반음식점,사거리횟집R,"강원특별자치도 춘천시 후석로 22, 남부새마을금고석사지점 6층 (석사동)",강원특별자치도 춘천시 석사동 807-1 남부새마을금고석사지점 ,,횟집,2026-05-27
일반음식점,천일정막국수.닭갈비,"강원특별자치도 춘천시 충혼길 12-4, 1층 (퇴계동)",강원특별자치도 춘천시 퇴계동 873-6 ,033-255-2570,한식,2026-05-27
일반음식점,동춘돌곱창퇴계점,"강원특별자치도 춘천시 안마산로 115, e편한세상 춘천 한숲시티 상가A동 1층 A1-102,103호 (퇴계동)",강원특별자치도 춘천시 퇴계동 1240 e편한세상 춘천 한숲시티 ,033-252-7262,정종/대포집/소주방,2026-05-27
일반음식점,포케올데이 춘천점,"강원특별자치도 춘천시 방송길 77, 지하층 B123호 (온의동, 춘천 센트럴타워 푸르지오)",강원특별자치도 춘천시 온의동 601 춘천 센트럴타워 푸르지오 , 033-243-8763,기타,2026-05-27
일반음식점,간식대장,"강원특별자치도 춘천시 승지골길16번길 49, 뜨란채아파트상가동 104호 (퇴계동)",강원특별자치도 춘천시 퇴계동 1031-4 뜨란채아파트상가동 ,,분식,2026-05-27
일반음식점,장학리굽자네,강원특별자치도 춘천시 동면 춘천로449번길 24-7,강원특별자치도 춘천시 동면 장학리 998 ,,한식,2026-05-27
일반음식점,연,"강원특별자치도 춘천시 동내면 춘천순환로 135, 1층",강원특별자치도 춘천시 동내면 거두리 1058-3 ,,중국식,2026-05-27
일반음식점,벤첼리,"강원특별자치도 춘천시 사북면 춘화로 631, 1, 2층",강원특별자치도 춘천시 사북면 고성리 359 ,033-255-4828,기타,2026-05-27
일반음식점,스시젠,"강원특별자치도 춘천시 효자로 39, 1층 (효자동)",강원특별자치도 춘천시 효자동 694-11 ,,일식,2026-05-27
일반음식점,피자파는집후평점,"강원특별자치도 춘천시 백령로 180, 2층 202호 (후평동)",강원특별자치도 춘천시 후평동 67-50 ,033-252-0508,기타,2026-05-27
일반음식점,옐로우피자춘천점,"강원특별자치도 춘천시 서부대성로 190, 1층 (효자동)",강원특별자치도 춘천시 효자동 611-19 ,033-256-6999,기타,2026-05-27
일반음식점,부어치킨우두점,"강원특별자치도 춘천시 우두1길 21, 1층 104호 (우두동)",강원특별자치도 춘천시 우두동 1095 ,,기타,2026-05-27
일반음식점,다미김밥,"강원특별자치도 춘천시 춘주로 153, 1층 (퇴계동)",강원특별자치도 춘천시 퇴계동 914-6 , 033-255-5889,분식,2026-05-27
일반음식점,르규옹,"강원특별자치도 춘천시 안마산로 169-13, 2층 (퇴계동)",강원특별자치도 춘천시 퇴계동 152-5 ,,기타,2026-05-27
일반음식점,육회만드는사람들,"강원특별자치도 춘천시 후석로45번길 30, 1층 (석사동)",강원특별자치도 춘천시 석사동 706-13 ,,기타,2026-05-27
일반음식점,수향흑염소장학점,"강원특별자치도 춘천시 동면 춘천로 455, 1층 101호",강원특별자치도 춘천시 동면 장학리 1007-4 , 033-242-2399,기타,2026-05-27
일반음식점,성수커피,"강원특별자치도 춘천시 낙원길 25-1, 1, 2, 3층 (낙원동)",강원특별자치도 춘천시 낙원동 78-5 ,,기타,2026-05-27
일반음식점,오늘은삼겹살,"강원특별자치도 춘천시 안마산로 169-13, 1층 (퇴계동)",강원특별자치도 춘천시 퇴계동 152-5 , 033-262-2177,기타,2026-05-27
일반음식점,해녀심청,"강원특별자치도 춘천시 우두5길 36, 110호 (우두동)",강원특별자치도 춘천시 우두동 1110 ,,횟집,2026-05-27
일반음식점,마케집춘천점,"강원특별자치도 춘천시 퇴계로 20, 1층 (퇴계동)",강원특별자치도 춘천시 퇴계동 1183-5 ,,김밥(도시락),2026-05-27
일반음식점,각광,강원특별자치도 춘천시 보안길 46 (후평동),강원특별자치도 춘천시 후평동 70-3 ,,기타,2026-05-27
일반음식점,순대집,"강원특별자치도 춘천시 중앙로 91-1, 1층 (중앙로2가)",강원특별자치도 춘천시 중앙로2가 43-10 ,,기타,2026-05-27
일반음식점,정육식당우두길,"강원특별자치도 춘천시 우두1길 73, 1층 (우두동)",강원특별자치도 춘천시 우두동 1113-6 ,,기타,2026-05-27
일반음식점,카페소소한,"강원특별자치도 춘천시 북산면 오봉산길 642, 1층",강원특별자치도 춘천시 북산면 청평리 산 186-8 ,,기타,2026-05-27
일반음식점,동하관온의점,"강원특별자치도 춘천시 춘천로17번길 31, 1층 101호 (온의동)",강원특별자치도 춘천시 온의동 587-3 ,,기타,2026-05-27
일반음식점,권바우부대찌개,"강원특별자치도 춘천시 보안길 8, 1층 (후평동)",강원특별자치도 춘천시 후평동 804-15 ,033-242-8859,기타,2026-05-27
일반음식점,훗(Hoot),"강원특별자치도 춘천시 중앙로 32, 104호 (요선동)",강원특별자치도 춘천시 요선동 9-3 ,,기타,2026-05-27
일반음식점,에그2000춘천점,"강원특별자치도 춘천시 서부대성로 38, 한신휴플러스아파트상가 1층 101호 (요선동)",강원특별자치도 춘천시 요선동 201 한신휴플러스아파트상가 ,,기타,2026-05-27
일반음식점,호천당춘천퇴계점,"강원특별자치도 춘천시 남춘로36번길 69, 2층 (퇴계동)",강원특별자치도 춘천시 퇴계동 968-8 ,033-261-9987,기타,2026-05-27
일반음식점,처갓집양념치킨춘천소양점,"강원특별자치도 춘천시 소양로 186, 1층 (소양로1가)",강원특별자치도 춘천시 소양로1가 95-12 ,033-255-8881,호프/통닭,2026-05-27
일반음식점,춘천상회,"강원특별자치도 춘천시 백령로 200, 세경아파트 상가동 201호 (후평동)",강원특별자치도 춘천시 후평동 67-77 세경아파트 ,0507-1424-8928,식육(숯불구이),2026-05-27
일반음식점,강남포차,"강원특별자치도 춘천시 춘주로 90, 1층 (온의동)",강원특별자치도 춘천시 온의동 533-4 ,,정종/대포집/소주방,2026-05-27
일반음식점,금선식당,강원특별자치도 춘천시 명동길29번길 12 (죽림동),강원특별자치도 춘천시 죽림동 11-19 ,,기타,2026-05-27
일반음식점,고향생고기춘천점,"강원특별자치도 춘천시 서부대성로206번길 19, 1층 (효자동)",강원특별자치도 춘천시 효자동 769 ,,기타,2026-05-27
일반음식점,오르막,"강원특별자치도 춘천시 하사관길 15-7, 1층 (삼천동)",강원특별자치도 춘천시 삼천동 63-139 ,,기타,2026-05-27
일반음식점,알케이,"강원특별자치도 춘천시 후석로 288-1, 2층 (후평동)",강원특별자치도 춘천시 후평동 795-12 ,,기타,2026-05-27
일반음식점,오늘키친,"강원특별자치도 춘천시 공지로 252, 1층 (효자동)",강원특별자치도 춘천시 효자동 325-12 ,,기타,2026-05-27
일반음식점,숙성21,"강원특별자치도 춘천시 동산면 영서로 1381, 1층",강원특별자치도 춘천시 동산면 원창리 233-6 ,,기타,2026-05-27
일반음식점,소문(小門),"강원특별자치도 춘천시 동면 만천로143번길 6, 1층",강원특별자치도 춘천시 동면 만천리 817-1 ,,기타,2026-05-27
일반음식점,일선갈비,"강원특별자치도 춘천시 충열로16번길 21-1, 1층 (우두동)",강원특별자치도 춘천시 우두동 1062-16 ,,식육(숯불구이),2026-05-27
일반음식점,유정역,"강원특별자치도 춘천시 신동면 김유정로 1397, 1층 가운데상가호",강원특별자치도 춘천시 신동면 증리 950-11 ,,기타,2026-05-27
일반음식점,따거,"강원특별자치도 춘천시 후석로 413, 1층 (후평동)",강원특별자치도 춘천시 후평동 714-12 ,033-255-8288,중국식,2026-05-27
일반음식점,주식회사육설모춘천점,"강원특별자치도 춘천시 영서로2279번길 16, 1층 (온의동)",강원특별자치도 춘천시 온의동 513-5 , 033-251-2900,식육(숯불구이),2026-05-27
일반음식점,퇴계일번지닭갈비퇴계점,"강원특별자치도 춘천시 우묵길78번길 18, 1층 (퇴계동)",강원특별자치도 춘천시 퇴계동 1153 ,,식육(숯불구이),2026-05-27
일반음식점,디어라운더,"강원특별자치도 춘천시 화목원길 37, 1층 (사농동)",강원특별자치도 춘천시 사농동 219-185 ,,기타,2026-05-27
일반음식점,숲소리담은차,"강원특별자치도 춘천시 행촌로32번길 5-31, 1층 (퇴계동)",강원특별자치도 춘천시 퇴계동 901-3 ,,기타,2026-05-27
일반음식점,폭풍장어,"강원특별자치도 춘천시 동내면 순환대로 872, 1층",강원특별자치도 춘천시 동내면 거두리 497-13 ,033-262-2624,기타,2026-05-27
일반음식점,주식회사소울로스터리,"강원특별자치도 춘천시 동면 소양강로 538, 1, 2층",강원특별자치도 춘천시 동면 지내리 689-23 ,,기타,2026-05-27
일반음식점,아구듬뿍&알곤마니우두점,"강원특별자치도 춘천시 충열로16번길 21-5, 1층 (우두동)",강원특별자치도 춘천시 우두동 1062-14 ,,한식,2026-05-27
일반음식점,곱분이곱창&미친김치찜후평점,"강원특별자치도 춘천시 후석로 315, 1층 4, 5호 (후평동)",강원특별자치도 춘천시 후평동 699-2 ,,기타,2026-05-27
일반음식점,밥풀릭스춘천점,"강원특별자치도 춘천시 서부대성로205번길 9-1, 1층 (효자동)",강원특별자치도 춘천시 효자동 614-14 ,033-910-0402,기타,2026-05-27
일반음식점,엠83대가,"강원특별자치도 춘천시 중앙로 194, 1, 2층 (근화동)",강원특별자치도 춘천시 근화동 752-4 ,,기타,2026-05-27
일반음식점,피맥하우스춘천점,강원특별자치도 춘천시 우묵길70번길 21 (퇴계동),강원특별자치도 춘천시 퇴계동 1155-4 ,,기타,2026-05-27
일반음식점,커피홀의암스카이워크점,"강원특별자치도 춘천시 옛경춘로 253-22, 1, 2층 (칠전동)",강원특별자치도 춘천시 칠전동 460-1 ,,기타,2026-05-27
일반음식점,마지막회,"강원특별자치도 춘천시 동내면 거두택지길26번길 9-12, 1층",강원특별자치도 춘천시 동내면 거두리 968-3 ,,횟집,2026-05-27
일반음식점,퇴계로93,강원특별자치도 춘천시 퇴계로93번길 4-5 (퇴계동),강원특별자치도 춘천시 퇴계동 1089 ,,기타,2026-05-27
일반음식점,춘월집,"강원특별자치도 춘천시 방송길36번길 20, 1호 (근화동)",강원특별자치도 춘천시 근화동 713-1 ,,한식,2026-05-27
일반음식점,고향엄마네손맛,"강원특별자치도 춘천시 전원길 1, 1층 (운교동)",강원특별자치도 춘천시 운교동 188-8 ,,한식,2026-05-27
일반음식점,코끼리김밥,"강원특별자치도 춘천시 후석로46번길 23, 1층 (석사동)",강원특별자치도 춘천시 석사동 667-8 ,,김밥(도시락),2026-05-27
일반음식점,서부보리밥,"강원특별자치도 춘천시 금강로13번길 30, 1층 (소양로2가)",강원특별자치도 춘천시 소양로2가 165-3 ,,한식,2026-05-27
일반음식점,더(The)본향,"강원특별자치도 춘천시 김유정로 1852-35, 1층 전면우측호 (퇴계동)",강원특별자치도 춘천시 퇴계동 111-23 ,,식육(숯불구이),2026-05-27
일반음식점,대룡산닭갈비막국수,"강원특별자치도 춘천시 동내면 동내로 180, 1층",강원특별자치도 춘천시 동내면 신촌리 338 ,,식육(숯불구이),2026-05-27
일반음식점,백채김치찌개춘천후평점,"강원특별자치도 춘천시 후석로326번길 13, 1층 101호 (후평동, 현대2차아파트)",강원특별자치도 춘천시 후평동 427 현대2차아파트 ,,한식,2026-05-27
일반음식점,어구어,"강원특별자치도 춘천시 소양로183번길 1, 1층 (소양로2가)",강원특별자치도 춘천시 소양로2가 176-5 , 033-254-8075,기타,2026-05-27
일반음식점,원더버거,"강원특별자치도 춘천시 남산면 북한강변길 688, 엘리시안 강촌 스키하우스 1층",강원특별자치도 춘천시 남산면 백양리 29-1 엘리시안 강촌 ,,기타,2026-05-27
일반음식점,일박이일명물돈갈비,"강원특별자치도 춘천시 남산면 소주고개로 465-7, 1층",강원특별자치도 춘천시 남산면 창촌리 268-1 ,,기타,2026-05-27
일반음식점,야키토리무명,"강원특별자치도 춘천시 삭주로80번길 21, 1층 (교동)",강원특별자치도 춘천시 교동 162-1 ,,일식,2026-05-27
일반음식점,유미카츠춘천점,"강원특별자치도 춘천시 춘천로17번길 21, 춘천강남하이엔드 1층 118호 (온의동)",강원특별자치도 춘천시 온의동 587-5 춘천강남하이엔드 ,,기타,2026-05-27
일반음식점,더바른정국밥,"강원특별자치도 춘천시 서부대성로 327, 동아아파트 상가동 1층 104호 (후평동, 동아아파트)",강원특별자치도 춘천시 후평동 893 동아아파트 ,033-251-7077,기타,2026-05-27
일반음식점,클라로,"강원특별자치도 춘천시 삭주로 57, 1층 (교동)",강원특별자치도 춘천시 교동 93-193 ,,분식,2026-05-27
일반음식점,바틀(bar틀),"강원특별자치도 춘천시 퇴계로105번길 7, 1층 (퇴계동)",강원특별자치도 춘천시 퇴계동 1082 ,,기타,2026-05-27
일반음식점,타코비춘천점,"강원특별자치도 춘천시 중앙로 71, 1층 (중앙로2가)",강원특별자치도 춘천시 중앙로2가 37-1 ,,기타,2026-05-27
일반음식점,양꼬치집,"강원특별자치도 춘천시 퇴계로 41, 1층 (퇴계동)",강원특별자치도 춘천시 퇴계동 1164 , 033-251-6754,중국식,2026-05-27
일반음식점,텐텐카츠본점,"강원특별자치도 춘천시 우두1길 17, 2층 201호 (우두동)",강원특별자치도 춘천시 우두동 1094 ,,기타,2026-05-27
일반음식점,오달구한우목장강촌마루능이백숙,"강원특별자치도 춘천시 남면 소주고개로 28, 3층",강원특별자치도 춘천시 남면 후동리 400-1 ,,기타,2026-05-27
일반음식점,경서재,"강원특별자치도 춘천시 약사고개길49번길 10-2, 1층 (약사동)",강원특별자치도 춘천시 약사동 18-1 ,,기타,2026-05-27
일반음식점,타코페퍼,"강원특별자치도 춘천시 우석로 27, 1층 102호 (석사동)",강원특별자치도 춘천시 석사동 769-2 ,,기타,2026-05-27
일반음식점,우두동가보자토종순대국밥,"강원특별자치도 춘천시 사우로 123, 1층 (우두동)",강원특별자치도 춘천시 우두동 444-8 ,,기타,2026-05-27
일반음식점,봄내닭갈비막국수,"강원특별자치도 춘천시 사우벌길 61, 1층 7, 8, 9, 10, 11, 12호 (사농동)",강원특별자치도 춘천시 사농동 568 ,033-251-7787,한식,2026-05-27
일반음식점,신해물뚝배기짬뽕,"강원특별자치도 춘천시 춘천로 414-1, 1층 (후평동)",강원특별자치도 춘천시 후평동 753-5 ,,중국식,2026-05-27
일반음식점,백일칼국수춘천우두점,"강원특별자치도 춘천시 충열로7번길 24, 1층 (우두동)",강원특별자치도 춘천시 우두동 684-12 ,033-242-9007,기타,2026-05-27
일반음식점,인올아웃커피,"강원특별자치도 춘천시 신북읍 신샘밭로 859, 지하 1층",강원특별자치도 춘천시 신북읍 천전리 12-7 ,,기타,2026-05-27
일반음식점,베이크베니,"강원특별자치도 춘천시 춘주로147번길 9, 1층 (퇴계동)",강원특별자치도 춘천시 퇴계동 904-4 , 033-251-2566,기타,2026-05-27
일반음식점,돈돈,"강원특별자치도 춘천시 남춘천길 31, 1층 (퇴계동)",강원특별자치도 춘천시 퇴계동 1146 , 033-255-9998,식육(숯불구이),2026-05-27
일반음식점,라사천,"강원특별자치도 춘천시 효자로 115, 1층 (효자동)",강원특별자치도 춘천시 효자동 661-16 ,,중국식,2026-05-27
일반음식점,펍앤바449st,"강원특별자치도 춘천시 동면 춘천로449번길 14, 1층",강원특별자치도 춘천시 동면 장학리 1004-1 , 033-252-5780,기타,2026-05-27
일반음식점,참한고깃집,"강원특별자치도 춘천시 후석로46번길 24-1, 1층 (석사동)",강원특별자치도 춘천시 석사동 662-4 ,033-264-2655,식육(숯불구이),2026-05-27
일반음식점,88포장마차,"강원특별자치도 춘천시 우두1길 31, 103, 104호 (우두동)",강원특별자치도 춘천시 우두동 1098 , 033-242-4744,기타,2026-05-27
일반음식점,레이아웃,"강원특별자치도 춘천시 중앙로 140, A동 1층 (소양로4가)",강원특별자치도 춘천시 소양로4가 115-7 ,,기타,2026-05-27
일반음식점,후평고깃집,"강원특별자치도 춘천시 삭주로 110, 1층 103호 (후평동)",강원특별자치도 춘천시 후평동 847 , 033-262-9289,기타,2026-05-27
일반음식점,101번지남산돈까스이마트춘천점,"강원특별자치도 춘천시 경춘로 2353, 이마트 1층 (온의동)",강원특별자치도 춘천시 온의동 511 이마트 ,,기타,2026-05-27
일반음식점,공감,"강원특별자치도 춘천시 춘천로176번길 4, 1층 (운교동)",강원특별자치도 춘천시 운교동 181-5 , 033-253-8333,기타,2026-05-27
일반음식점,황금교동짬뽕,"강원특별자치도 춘천시 경춘로 2353, 이마트 1층 (온의동)",강원특별자치도 춘천시 온의동 511 이마트 ,,중국식,2026-05-27
일반음식점,꿀꿀이수육국밥,"강원특별자치도 춘천시 춘천로310번길 25, 1층 (후평동)",강원특별자치도 춘천시 후평동 689-13 ,,기타,2026-05-27
일반음식점,프렌즈스크린사농동점,"강원특별자치도 춘천시 영서로 2938, 우호빌딩 2층 204호 (사농동)",강원특별자치도 춘천시 사농동 365 , 033-255-9852,기타,2026-05-27
일반음식점,은하수7080,"강원특별자치도 춘천시 후석로 51, 지하 1층 (석사동)",강원특별자치도 춘천시 석사동 642-7 ,,라이브카페,2026-05-27
일반음식점,모민(momin),"강원특별자치도 춘천시 망대길 13, 1층 (죽림동)",강원특별자치도 춘천시 죽림동 107 ,,기타,2026-05-27
일반음식점,컵앤캔,"강원특별자치도 춘천시 공지로 162-1, 1층 (석사동)",강원특별자치도 춘천시 석사동 429-5 ,,기타,2026-05-27
일반음식점,지앤씨골프삼천동스크린,"강원특별자치도 춘천시 스포츠타운길 432, 4층 (삼천동)",강원특별자치도 춘천시 삼천동 152-1 ,,기타,2026-05-27
일반음식점,왕빈자삼파전,"강원특별자치도 춘천시 애막골길11번길 23, 2층 (석사동)",강원특별자치도 춘천시 석사동 736-11 ,,기타,2026-05-27
일반음식점,강촌또오리,"강원특별자치도 춘천시 남산면 강촌구곡길 157, 1층",강원특별자치도 춘천시 남산면 강촌리 409 ,033-910-0420,기타,2026-05-27
일반음식점,호주에서온스시,"강원특별자치도 춘천시 공지로 153, 1층 (석사동)",강원특별자치도 춘천시 석사동 495-9 , 033-264-9582,기타,2026-05-27
일반음식점,일홍,"강원특별자치도 춘천시 남면 소주고개로 19, 1층",강원특별자치도 춘천시 남면 후동리 401 , 033-262-3319,중국식,2026-05-27
일반음식점,일단지시장돈까스,"강원특별자치도 춘천시 춘천로296번길 10, 1층 (후평동)",강원특별자치도 춘천시 후평동 688-6 ,,기타,2026-05-27
일반음식점,복땡이솥뚜껑삼겹살,"강원특별자치도 춘천시 충열로16번길 23, 1층 (우두동)",강원특별자치도 춘천시 우두동 1061-16 ,,한식,2026-05-27
일반음식점,리프(leaf),"강원특별자치도 춘천시 춘천로255번길 7, 1층 (효자동)",강원특별자치도 춘천시 효자동 755-16 ,,기타,2026-05-27
일반음식점,바비앤드밥,"강원특별자치도 춘천시 후석로46번길 8, 1층 (석사동)",강원특별자치도 춘천시 석사동 663 , 033-910-2018,한식,2026-05-27
일반음식점,옥이네콩탕,"강원특별자치도 춘천시 남춘로51번길 8, 1층 (효자동)",강원특별자치도 춘천시 효자동 711-11 ,,한식,2026-05-27
일반음식점,김밥나라봄내초교점,"강원특별자치도 춘천시 퇴계로 217, 1층 (석사동)",강원특별자치도 춘천시 석사동 818-1 , 033-264-5218,한식,2026-05-27
일반음식점,케이크베이크(cake bake),"강원특별자치도 춘천시 춘천로 232, 1층 (효자동)",강원특별자치도 춘천시 효자동 748-13 ,,기타,2026-05-27
일반음식점,백일옥,"강원특별자치도 춘천시 새롬공원길9번길 2, 1층 (석사동)",강원특별자치도 춘천시 석사동 838-4 ,,한식,2026-05-27
일반음식점,에이셉피자춘천점,"강원특별자치도 춘천시 명동길 26-1, 1층 (중앙로2가)",강원특별자치도 춘천시 중앙로2가 40-2 ,,기타,2026-05-27
일반음식점,두촌가마솥밥엔쭈꾸미춘천점,"강원특별자치도 춘천시 경춘로 2353, 이마트 1층 (온의동)",강원특별자치도 춘천시 온의동 511 이마트 ,,한식,2026-05-27
일반음식점,거두분식,"강원특별자치도 춘천시 동내면 거두택지길 24, 103호",강원특별자치도 춘천시 동내면 거두리 956-4 ,,분식,2026-05-27
일반음식점,오더히어버거,"강원특별자치도 춘천시 효석로9번길 4, 6호 (효자동, 윤일아파트)",강원특별자치도 춘천시 효자동 367-28 윤일아파트 ,,기타,2026-05-27
일반음식점,타프로스터스,"강원특별자치도 춘천시 춘천로167번길 39, 1층 (조양동)",강원특별자치도 춘천시 조양동 6-290 ,,기타,2026-05-27
일반음식점,춘맥,"강원특별자치도 춘천시 백령로 222, 1층 (후평동)",강원특별자치도 춘천시 후평동 67-36 ,,기타,2026-05-27
일반음식점,춘천초밥,"강원특별자치도 춘천시 김유정로 1852-23, 1층 (퇴계동)",강원특별자치도 춘천시 퇴계동 111-25 ,,일식,2026-05-27
일반음식점,메이카드,"강원특별자치도 춘천시 복골길6번길 21, 1층 (후평동)",강원특별자치도 춘천시 후평동 811-9 ,,기타,2026-05-27
일반음식점,동역,"강원특별자치도 춘천시 남춘로36번길 81, 1층 (퇴계동)",강원특별자치도 춘천시 퇴계동 968-11 , 033-261-6456,한식,2026-05-27
일반음식점,시키묵자,"강원특별자치도 춘천시 후석로45번길 21, 1층 좌측상가호 (석사동)",강원특별자치도 춘천시 석사동 654 ,,경양식,2026-05-27
일반음식점,회사랑,"강원특별자치도 춘천시 스무숲3길 6, 1층 (석사동)",강원특별자치도 춘천시 석사동 940-5 ,,일식,2026-05-27
일반음식점,금박힐링센터,"강원특별자치도 춘천시 춘천로296번길 4, 2층 (후평동)",강원특별자치도 춘천시 후평동 687-23 , 033-241-3739,기타,2026-05-27
일반음식점,하이덕,"강원특별자치도 춘천시 영서로 2352-38, 풍물시장 11동 72호 (온의동)",강원특별자치도 춘천시 온의동 148-1 풍물시장 ,,기타,2026-05-27
일반음식점,만두야,"강원특별자치도 춘천시 안마산로 107-1, 에스엠프라자 109호 (퇴계동)",강원특별자치도 춘천시 퇴계동 451-3 ,,기타,2026-05-27
일반음식점,껀터(CAN THO),"강원특별자치도 춘천시 서부대성로48번길 5-1, 1층 (요선동)",강원특별자치도 춘천시 요선동 7-11 ,,"외국음식전문점(인도,태국등)",2026-05-27
일반음식점,홍게대게직판장,"강원특별자치도 춘천시 공지로 256, 1층 101호 (효자동)",강원특별자치도 춘천시 효자동 320-10 ,,기타,2026-05-27
일반음식점,청년피자춘천후평점,"강원특별자치도 춘천시 춘천로282번길 1, 1층 (후평동)",강원특별자치도 춘천시 후평동 687 , 033-257-6209,한식,2026-05-27
일반음식점,곱창수월래,"강원특별자치도 춘천시 우두5길 36, 104호 (우두동)",강원특별자치도 춘천시 우두동 1110 ,,기타,2026-05-27
일반음식점,온반,"강원특별자치도 춘천시 효자상길 11, 1층 (효자동)",강원특별자치도 춘천시 효자동 540-2 , 033-910-0506,기타,2026-05-27
일반음식점,쇼카츠,"강원특별자치도 춘천시 방송길 77, 2층 2104호 (온의동, 춘천 센트럴타워 푸르지오)",강원특별자치도 춘천시 온의동 601 춘천 센트럴타워 푸르지오 ,,일식,2026-05-27
일반음식점,레이지타임,"강원특별자치도 춘천시 충혼길 10, 1층 (퇴계동)",강원특별자치도 춘천시 퇴계동 873-5 ,,기타,2026-05-27
일반음식점,완미족발,강원특별자치도 춘천시 보안길 4-1 (후평동),강원특별자치도 춘천시 후평동 804-12 , 033-256-8289,기타,2026-05-27
일반음식점,쏘스삼겹살,"강원특별자치도 춘천시 퇴계로145번길 15-3, 1층 (퇴계동)",강원특별자치도 춘천시 퇴계동 956-7 ,,식육(숯불구이),2026-05-27
일반음식점,소울,강원특별자치도 춘천시 세실로208번길 7-9 (후평동),강원특별자치도 춘천시 후평동 871-3 ,,한식,2026-05-27
일반음식점,먹보정식,"강원특별자치도 춘천시 우석로 6, 1층 (석사동)",강원특별자치도 춘천시 석사동 774-2 ,,한식,2026-05-27
일반음식점,두레통닭춘천석사점,"강원특별자치도 춘천시 후석로 68-1, 1층 (석사동)",강원특별자치도 춘천시 석사동 433-3 , 033-263-3337,기타,2026-05-27
일반음식점,생각나는밥집,"강원특별자치도 춘천시 성심로 62, 1층 (효자동)",강원특별자치도 춘천시 효자동 749-15 ,,한식,2026-05-27
일반음식점,더플랜(The Plan),"강원특별자치도 춘천시 충혼길8번길 19, 1층층 우측상가호 (온의동)",강원특별자치도 춘천시 온의동 172-10 , 033-255-4523,한식,2026-05-27
일반음식점,아짙오공일,"강원특별자치도 춘천시 서부대성로 224, 2층 (효자동)",강원특별자치도 춘천시 효자동 627-7 ,,기타,2026-05-27
일반음식점,빅스타피자롯데마트춘천점,"강원특별자치도 춘천시 방송길 84, 롯데마트 1층 (온의동)",강원특별자치도 춘천시 온의동 6-25 롯데마트 ,,기타,2026-05-27
일반음식점,소양강숯불장어촌,"강원특별자치도 춘천시 신동면 정족길 191, 1층",강원특별자치도 춘천시 신동면 정족리 693-4 ,,기타,2026-05-27
일반음식점,콩이와쌀자루가오란다,"강원특별자치도 춘천시 동면 춘천로449번길 12-2, 1층",강원특별자치도 춘천시 동면 장학리 1003-2 ,,기타,2026-05-27
일반음식점,자매칼국수,강원특별자치도 춘천시 효제길 17-1 (효자동),강원특별자치도 춘천시 효자동 154-22 ,,기타,2026-05-27
일반음식점,까페마루,"강원특별자치도 춘천시 동면 가래울길 24-8, 1층",강원특별자치도 춘천시 동면 장학리 538-5 ,,기타,2026-05-27
일반음식점,아사도(ASADO),"강원특별자치도 춘천시 영서로 2600, 2층 (근화동)",강원특별자치도 춘천시 근화동 788-8 ,,기타,2026-05-27
일반음식점,쌩김치찜,"강원특별자치도 춘천시 서부대성로239번길 21, 미래빌딩 103호 (효자동)",강원특별자치도 춘천시 효자동 17-9 , 033-264-7282,기타,2026-05-27
일반음식점,고연본점,"강원특별자치도 춘천시 충열로16번길 5-3, 1층 (우두동)",강원특별자치도 춘천시 우두동 1065 ,,기타,2026-05-27
일반음식점,춘천냉삼회관,"강원특별자치도 춘천시 행촌로32번길 4, 1층 (퇴계동)",강원특별자치도 춘천시 퇴계동 903-1 ,,기타,2026-05-27
일반음식점,피자피크춘천점,"강원특별자치도 춘천시 춘천로 254, 1층 (효자동)",강원특별자치도 춘천시 효자동 757-13 ,,기타,2026-05-27
일반음식점,외곽,"강원특별자치도 춘천시 후만로 11, 1층 (효자동)",강원특별자치도 춘천시 효자동 630-32 ,,일식,2026-05-27
일반음식점,소양가든,"강원특별자치도 춘천시 사우5길 29, 1층 (사농동)",강원특별자치도 춘천시 사농동 105-7 ,,기타,2026-05-27
일반음식점,샤브마니아춘천우두점,"강원특별자치도 춘천시 충열로 153, 2동 1층 (우두동)",강원특별자치도 춘천시 우두동 444-1 북춘천새마을금고 , 033-241-2340,기타,2026-05-27
일반음식점,고향산천,"강원특별자치도 춘천시 후석로379번길 12, 1층 (후평동)",강원특별자치도 춘천시 후평동 711-11 ,,기타,2026-05-27
일반음식점,타코로후평점,"강원특별자치도 춘천시 보안길 19, 2층 (후평동)",강원특별자치도 춘천시 후평동 801-5 ,,기타,2026-05-27
일반음식점,색소폰하우스,"강원특별자치도 춘천시 부평길 8, 지하1층 (후평동)",강원특별자치도 춘천시 후평동 832-12 ,,라이브카페,2026-05-27
일반음식점,쿠사(Kusa),"강원특별자치도 춘천시 백령로 139, 지하1층 (효자동)",강원특별자치도 춘천시 효자동 619-9 ,,정종/대포집/소주방,2026-05-27
일반음식점,더벤티롯데마트춘천점,"강원특별자치도 춘천시 방송길 84, 롯데마트 1층 (온의동)",강원특별자치도 춘천시 온의동 6-25 롯데마트 ,,기타,2026-05-27
일반음식점,카페자작,"강원특별자치도 춘천시 벌말길 52, 1층 (석사동)",강원특별자치도 춘천시 석사동 642-11 ,,기타,2026-05-27
일반음식점,향리원마라탕춘천우두점,"강원특별자치도 춘천시 우두1길 101, 2층 206호 (우두동)",강원특별자치도 춘천시 우두동 1118-1 ,,기타,2026-05-27
일반음식점,태리로제춘천강원대점,"강원특별자치도 춘천시 서부대성로 247, 1층 (효자동)",강원특별자치도 춘천시 효자동 632-27 ,033-910-9955,기타,2026-05-27
일반음식점,꺄호(carreau),"강원특별자치도 춘천시 애막골길16번길 16-7, 101호 (석사동)",강원특별자치도 춘천시 석사동 767-1 ,,기타,2026-05-27
일반음식점,오얏나무주막,"강원특별자치도 춘천시 승지골길13번길 3-2, 1층 (퇴계동)",강원특별자치도 춘천시 퇴계동 1003-6 ,,기타,2026-05-27
일반음식점,역전솥뚜껑삼겹살,"강원특별자치도 춘천시 퇴계로 74, 1층 (퇴계동)",강원특별자치도 춘천시 퇴계동 1170-2 ,,기타,2026-05-27
일반음식점,우미닭갈비인공폭포점,"강원특별자치도 춘천시 후만로 81, 1~2층 (후평동)",강원특별자치도 춘천시 후평동 801-11 ,,식육(숯불구이),2026-05-27
일반음식점,춘천장어선생,"강원특별자치도 춘천시 동내면 영서로 1787, 1층",강원특별자치도 춘천시 동내면 학곡리 306-8 ,,기타,2026-05-27
일반음식점,시즌즈(SEASONS),"강원특별자치도 춘천시 전원길 24, 1층 102호 (효자동)",강원특별자치도 춘천시 효자동 744 ,,기타,2026-05-27
일반음식점,사이라,"강원특별자치도 춘천시 퇴계로93번길 21, 1층 (퇴계동)",강원특별자치도 춘천시 퇴계동 396-22 ,,기타,2026-05-27
일반음식점,백령,"강원특별자치도 춘천시 백령로138번길 38, 1층 (효자동)",강원특별자치도 춘천시 효자동 628-17 ,,기타,2026-05-27
일반음식점,경상돈,"강원특별자치도 춘천시 금강로 113, 1층 (운교동)",강원특별자치도 춘천시 운교동 179-1 ,,식육(숯불구이),2026-05-27
일반음식점,비밀기지,"강원특별자치도 춘천시 후만로 75, 1층 (후평동)",강원특별자치도 춘천시 후평동 801-7 ,,기타,2026-05-27
일반음식점,오월정원,"강원특별자치도 춘천시 서면 납실길 329, 1층",강원특별자치도 춘천시 서면 오월리 418-4 ,,기타,2026-05-27
일반음식점,태평소삼천파크점,"강원특별자치도 춘천시 스포츠타운길 453, 1층 (삼천동)",강원특별자치도 춘천시 삼천동 32-14 ,,식육(숯불구이),2026-05-27
일반음식점,전통황실김치찜&찌개춘천점,강원특별자치도 춘천시 공지로 104 (석사동),강원특별자치도 춘천시 석사동 291-15 ,,기타,2026-05-27
일반음식점,연애골토종닭백숙,"강원특별자치도 춘천시 남산면 김유정로 5, 1층",강원특별자치도 춘천시 남산면 광판리 538-1 ,,기타,2026-05-27
일반음식점,카페오즈,"강원특별자치도 춘천시 동내면 동내로 341-19, 1층",강원특별자치도 춘천시 동내면 고은리 123-2 ,,기타,2026-05-27
일반음식점,이소,"강원특별자치도 춘천시 춘천로 34, 1층 (퇴계동)",강원특별자치도 춘천시 퇴계동 1160-7 ,,기타,2026-05-27
일반음식점,더담은숯불닭갈비,"강원특별자치도 춘천시 남산면 김유정로 332, 1층",강원특별자치도 춘천시 남산면 광판리 111-5 ,,기타,2026-05-27
일반음식점,더담은숯불닭갈비,"강원특별자치도 춘천시 남산면 김유정로 334, 1층",강원특별자치도 춘천시 남산면 광판리 111-1 ,,기타,2026-05-27
일반음식점,금옥,"강원특별자치도 춘천시 동면 금옥길 289-27, 1층",강원특별자치도 춘천시 동면 월곡리 274-1 ,033-241-1791,기타,2026-05-27
일반음식점,차이웍,"강원특별자치도 춘천시 동면 만천로143번길 54, 103호",강원특별자치도 춘천시 동면 만천리 575-3 ,,기타,2026-05-27
일반음식점,퇴계집김치말이찜,"강원특별자치도 춘천시 춘주로187번길 20-6, 1층 (퇴계동)",강원특별자치도 춘천시 퇴계동 897 ,,기타,2026-05-27
일반음식점,소풍앤리조트,"강원특별자치도 춘천시 동산면 윗성골길 38-2, 1층",강원특별자치도 춘천시 동산면 봉명리 56-6 , 033-263-0476,기타,2026-05-27
일반음식점,왓더버거춘천후평점,"강원특별자치도 춘천시 후석로326번길 12, 1층 102호 (후평동)",강원특별자치도 춘천시 후평동 79-2 ,,기타,2026-05-27
일반음식점,참참치킨호프춘천본점,"강원특별자치도 춘천시 우석로85번길 19-2, 1층 (석사동)",강원특별자치도 춘천시 석사동 729-2 ,033-263-0155,호프/통닭,2026-05-27
일반음식점,식신마라,"강원특별자치도 춘천시 동면 춘천로449번길 26-6, 1층",강원특별자치도 춘천시 동면 장학리 997-2 ,,중국식,2026-05-27
일반음식점,고은밥상,"강원특별자치도 춘천시 동내면 고은길 53, 1층",강원특별자치도 춘천시 동내면 고은리 351-42 ,,한식,2026-05-27
일반음식점,최고집순대국왕감자탕,"강원특별자치도 춘천시 춘천로 188, 1층 116~120호 (효자동)",강원특별자치도 춘천시 효자동 654-3 ,033-253-1234,기타,2026-05-27
일반음식점,시율,"강원특별자치도 춘천시 후석로 395, 1층 (후평동)",강원특별자치도 춘천시 후평동 710-30 ,,기타,2026-05-27
일반음식점,달떡볶이후평점,"강원특별자치도 춘천시 보안길 64-1, 1층 (후평동)",강원특별자치도 춘천시 후평동 456-10 ,,분식,2026-05-27
일반음식점,선미식당,"강원특별자치도 춘천시 성심로47번길 104, 1층 (후평동)",강원특별자치도 춘천시 후평동 710-3 ,,기타,2026-05-27
일반음식점,동네맥주집,"강원특별자치도 춘천시 행촌로 37-1, 1층 (퇴계동)",강원특별자치도 춘천시 퇴계동 890-2 ,,기타,2026-05-27
일반음식점,수참치,"강원특별자치도 춘천시 우석로79번길 16-26, 1층 (석사동)",강원특별자치도 춘천시 석사동 734-1 ,,기타,2026-05-27
일반음식점,행복한마라탕,"강원특별자치도 춘천시 공지로 108, 1층 (석사동)",강원특별자치도 춘천시 석사동 316-10 ,,기타,2026-05-27
일반음식점,전상철갈비탕집,"강원특별자치도 춘천시 스무숲1길 8-10, 1층 (석사동)",강원특별자치도 춘천시 석사동 909-1 ,,기타,2026-05-27
일반음식점,부추집본가,"강원특별자치도 춘천시 후석로 284, 1층 (후평동)",강원특별자치도 춘천시 후평동 801-1 , 033-255-8703,기타,2026-05-27
일반음식점,네이처푸드테라스,"강원특별자치도 춘천시 남산면 충효로 437, 1층",강원특별자치도 춘천시 남산면 광판리 1193 ,,기타,2026-05-27
일반음식점,천미향,"강원특별자치도 춘천시 사우로 113-15, 1층 (우두동)",강원특별자치도 춘천시 우두동 457-1 ,033-256-9811,중국식,2026-05-27
일반음식점,고기왕김육즙,"강원특별자치도 춘천시 남춘로5번길 16, 1층 (퇴계동)",강원특별자치도 춘천시 퇴계동 1170-6 ,,식육(숯불구이),2026-05-27
일반음식점,해성장어,"강원특별자치도 춘천시 남산면 강촌구곡길 218, 1층",강원특별자치도 춘천시 남산면 강촌리 428-4 , 033-263-0092,기타,2026-05-27
일반음식점,맛보리,"강원특별자치도 춘천시 남춘로5번길 10-1, 1층 (퇴계동)",강원특별자치도 춘천시 퇴계동 1169-2 , 033-242-6981,기타,2026-05-27
일반음식점,빅스타피자춘천우두,"강원특별자치도 춘천시 우두1길 87, 1층 105호 (우두동)",강원특별자치도 춘천시 우두동 1115 ,,기타,2026-05-27
일반음식점,반주,"강원특별자치도 춘천시 영서로 2352-28, 풍물시장 1층 45, 46호 (온의동)",강원특별자치도 춘천시 온의동 29-3 풍물시장 ,,기타,2026-05-27
일반음식점,꾸브라꼬숯불두마리치킨,"강원특별자치도 춘천시 효자로 61, 1층 (효자동)",강원특별자치도 춘천시 효자동 670-8 ,,호프/통닭,2026-05-27
일반음식점,심야화로우두점,"강원특별자치도 춘천시 영서로 2763-1, 1층 (우두동)",강원특별자치도 춘천시 우두동 1052-31 ,,기타,2026-05-27
일반음식점,수작카츠엔드한스델리,"강원특별자치도 춘천시 중앙로67번길 9, 2층 (조양동)",강원특별자치도 춘천시 조양동 144-3 , 033-911-7473,기타,2026-05-27
일반음식점,편편집 춘천삼천점,"강원특별자치도 춘천시 스포츠타운길 432, 2층 204, 205호 (삼천동)",강원특별자치도 춘천시 삼천동 152-1 , 033-242-3888,기타,2026-05-27
일반음식점,냇가가든,"강원특별자치도 춘천시 서면 납실길 17, 1층",강원특별자치도 춘천시 서면 오월리 197-8 ,033-243-9494,기타,2026-05-27
일반음식점,미사옥춘천엔타,"강원특별자치도 춘천시 후석로 120, 2층 213호 (석사동)",강원특별자치도 춘천시 석사동 980 ,,기타,2026-05-27
일반음식점,한양고깃집춘천한숲시티점,"강원특별자치도 춘천시 안마산로 107-1, 1층 101~103호 (퇴계동)",강원특별자치도 춘천시 퇴계동 451-3 , 033-257-6646,식육(숯불구이),2026-05-27
일반음식점,컴포즈커피춘천장학점,"강원특별자치도 춘천시 동면 춘천로449번길 30-1, 1층 102호",강원특별자치도 춘천시 동면 장학리 996 , 033-242-5601,기타,2026-05-27
일반음식점,소확행피자춘천광장점,"강원특별자치도 춘천시 전원안길 11-1, 1층 (교동)",강원특별자치도 춘천시 교동 126-18 ,,기타,2026-05-27
일반음식점,팔호냉삼집거두리점,"강원특별자치도 춘천시 동내면 거두택지길14번길 7, 1층",강원특별자치도 춘천시 동내면 거두리 954-5 ,,기타,2026-05-27
일반음식점,한양마차,"강원특별자치도 춘천시 중앙로 170, 1층 (근화동)",강원특별자치도 춘천시 근화동 722-4 ,,기타,2026-05-27
일반음식점,영계치킨 춘천점,"강원특별자치도 춘천시 효평길 97, 1층 (후평동)",강원특별자치도 춘천시 후평동 692-1 ,,호프/통닭,2026-05-27
일반음식점,반게반게,"강원특별자치도 춘천시 스포츠타운길 442, 1층 (삼천동)",강원특별자치도 춘천시 삼천동 38-1 , 033-261-7000,기타,2026-05-27
일반음식점,골목횟집,"강원특별자치도 춘천시 춘천로 344-1, 1,2층 (후평동)",강원특별자치도 춘천시 후평동 728-2 , 033-252-5592,기타,2026-05-27
일반음식점,무지개맥주,"강원특별자치도 춘천시 우석로79번길 7, 1층 (석사동)",강원특별자치도 춘천시 석사동 744-2 ,,기타,2026-05-27
일반음식점,보라시골,"강원특별자치도 춘천시 서면 샛말길 293, 1층",강원특별자치도 춘천시 서면 당림리 55-2 ,,기타,2026-05-27
일반음식점,더나인식당,"강원특별자치도 춘천시 남산면 서백길 496-10, 1층",강원특별자치도 춘천시 남산면 백양리 108-21 ,,한식,2026-05-27
일반음식점,봄내농원춘천퇴계동본점,"강원특별자치도 춘천시 퇴계로 79, 1층 (퇴계동)",강원특별자치도 춘천시 퇴계동 370-8 투다리 , 033-252-5731,기타,2026-05-27
일반음식점,요쇼쿠춘천점,"강원특별자치도 춘천시 방송길 77, 1층 1118, 1132호 (온의동, 춘천 센트럴타워 푸르지오)",강원특별자치도 춘천시 온의동 601 춘천 센트럴타워 푸르지오 , 033-242-8777,일식,2026-05-27
일반음식점,명륜진사갈비춘천퇴계점,"강원특별자치도 춘천시 안마산로 128, 2층 201~205호 (퇴계동)",강원특별자치도 춘천시 퇴계동 523-23 , 033-241-5500,기타,2026-05-27
일반음식점,예그리나,"강원특별자치도 춘천시 우묵길 30, 1층 (퇴계동)",강원특별자치도 춘천시 퇴계동 1192-7 ,070-7723-7210,기타,2026-05-27
일반음식점,젤리통통,"강원특별자치도 춘천시 후석로 120, 4층 (석사동)",강원특별자치도 춘천시 석사동 980 , 033-263-7942,기타,2026-05-27
일반음식점,제육한상,"강원특별자치도 춘천시 영서로 2865, 1층 (사농동)",강원특별자치도 춘천시 사농동 115-9 , 033-255-7412,기타,2026-05-27
일반음식점,79대포춘천우두점,"강원특별자치도 춘천시 우두5길 36, 더채움 1층 102호 (우두동)",강원특별자치도 춘천시 우두동 1110 ,,기타,2026-05-27
일반음식점,강촌해장국,"강원특별자치도 춘천시 남산면 강촌로 67, 1층",강원특별자치도 춘천시 남산면 강촌리 243-1 ,,기타,2026-05-27
일반음식점,세이(Say),"강원특별자치도 춘천시 후석로66번길 41, 1층 (석사동)",강원특별자치도 춘천시 석사동 309-8 ,,기타,2026-05-27
일반음식점,도그도그,"강원특별자치도 춘천시 우두1길 157, HY프라자 4층 (우두동)",강원특별자치도 춘천시 우두동 1094-1 ,033-251-1253,기타,2026-05-27
일반음식점,베러인타임(better in time),"강원특별자치도 춘천시 벌말길 72, 1층 (석사동)",강원특별자치도 춘천시 석사동 640-10 ,,한식,2026-05-27
일반음식점,본죽엔비빔밥춘천우두택지점,"강원특별자치도 춘천시 우두1길 157, HY프라자 104호 (우두동)",강원특별자치도 춘천시 우두동 1094-1 ,,한식,2026-05-27
일반음식점,생삼겹구루요선점,"강원특별자치도 춘천시 서부대성로43번길 3, 1층 (요선동)",강원특별자치도 춘천시 요선동 145 ,,기타,2026-05-27
일반음식점,미돈,"강원특별자치도 춘천시 행촌로 34, 1층 102호 (퇴계동)",강원특별자치도 춘천시 퇴계동 902-8 ,,기타,2026-05-27
일반음식점,기영이 숯불두마리치킨 춘천퇴계점,"강원특별자치도 춘천시 승지골길16번길 50, 퇴계8단지주공아파트상가 1층 102호 (퇴계동)",강원특별자치도 춘천시 퇴계동 1036-2 퇴계8단지주공아파트상가 ,,호프/통닭,2026-05-27
일반음식점,훈연고기,"강원특별자치도 춘천시 춘천로281번길 1, 1층 (후평동)",강원특별자치도 춘천시 후평동 684-14 ,,기타,2026-05-27
일반음식점,넘버25호텔남춘천점,"강원특별자치도 춘천시 효석로9번길 17, 1층 (효자동)",강원특별자치도 춘천시 효자동 305-46 , 033-257-5555,기타,2026-05-27
일반음식점,라스트춘선춘천점,"강원특별자치도 춘천시 보안길 19, 2층 202호 (후평동)",강원특별자치도 춘천시 후평동 801-5 ,,한식,2026-05-27
일반음식점,진가네왕족발,"강원특별자치도 춘천시 춘천로138번길 29-1, 1층 (운교동)",강원특별자치도 춘천시 운교동 177-6 ,,기타,2026-05-27
일반음식점,포대인대구막창,"강원특별자치도 춘천시 우두6길 5, 105호 (우두동)",강원특별자치도 춘천시 우두동 1117-3 , 033-253-1977,호프/통닭,2026-05-27
일반음식점,왁자지껄뒷고기집,"강원특별자치도 춘천시 후석로 281-1, 1층 (후평동)",강원특별자치도 춘천시 후평동 798-7 ,,식육(숯불구이),2026-05-27
일반음식점,곰소젓갈밥상,"강원특별자치도 춘천시 닥나무길 17, 1층 (효자동)",강원특별자치도 춘천시 효자동 590-48 ,,한식,2026-05-27
일반음식점,토끼굴뮤직타운,"강원특별자치도 춘천시 효자로 146, 4층 (효자동)",강원특별자치도 춘천시 효자동 652-3 ,,기타,2026-05-27
일반음식점,조부자매운순대가춘천점,"강원특별자치도 춘천시 솟발1길 4-75, 103호 (퇴계동)",강원특별자치도 춘천시 퇴계동 471-10 , 033-262-5653,한식,2026-05-27
일반음식점,초원가거두리점,"강원특별자치도 춘천시 동내면 거두택지길 39, 2층",강원특별자치도 춘천시 동내면 거두리 1090-3 , 033-261-8898,중국식,2026-05-27
일반음식점,광장집,"강원특별자치도 춘천시 서부대성로 122, 1층 (운교동)",강원특별자치도 춘천시 운교동 185-5 ,,한식,2026-05-27
일반음식점,명륜진사갈비거두사거리점,"강원특별자치도 춘천시 동내면 춘천순환로 61, 1층",강원특별자치도 춘천시 동내면 거두리 912-1 ,,기타,2026-05-27
일반음식점,냉삼국민학교,"강원특별자치도 춘천시 승지골길13번길 3-4, 1층 (퇴계동)",강원특별자치도 춘천시 퇴계동 1003-5 ,,기타,2026-05-27
일반음식점,펀비어킹춘천한숲시티점,"강원특별자치도 춘천시 안마산로 113, e편한세상 춘천 한숲시티 상가B-1동 2층 201~203호 (퇴계동)",강원특별자치도 춘천시 퇴계동 1240 e편한세상 춘천 한숲시티 ,,기타,2026-05-27
일반음식점,그린닭갈비,"강원특별자치도 춘천시 신동면 풍류1길 30, 1층",강원특별자치도 춘천시 신동면 증리 903-2 , 033-255-5118,기타,2026-05-27
일반음식점,인생건어물공지천점,"강원특별자치도 춘천시 수변공원길 11, 1층 (삼천동)",강원특별자치도 춘천시 삼천동 13-1 ,,기타,2026-05-27
일반음식점,한중관,"강원특별자치도 춘천시 삭주로 134-1, 1층 (후평동)",강원특별자치도 춘천시 후평동 711-24 ,,기타,2026-05-27
일반음식점,그대별처럼,"강원특별자치도 춘천시 남면 충효로 1364, 1,2층",강원특별자치도 춘천시 남면 가정리 887-1 ,,기타,2026-05-27
일반음식점,위찜우두점,"강원특별자치도 춘천시 우두1길 59, 1층 (우두동)",강원특별자치도 춘천시 우두동 1111-7 ,070-7640-3033,기타,2026-05-27
일반음식점,피콜로,"강원특별자치도 춘천시 스무숲2길 6, 1층 (석사동)",강원특별자치도 춘천시 석사동 186-36 ,,기타,2026-05-27
일반음식점,만애칼국수,"강원특별자치도 춘천시 중앙로 126, 1층 전면좌측첫째상가호 (소양로4가)",강원특별자치도 춘천시 소양로4가 109-5 ,,기타,2026-05-27
일반음식점,오늘엔,"강원특별자치도 춘천시 동내면 동내로 343-6, 1~2층",강원특별자치도 춘천시 동내면 고은리 33-18 ,033-244-8210,기타,2026-05-27
일반음식점,명륜진사갈비춘천효자점,"강원특별자치도 춘천시 춘천로 180, 1층 (효자동)",강원특별자치도 춘천시 효자동 655 ,,식육(숯불구이),2026-05-27
일반음식점,주주객잔,"강원특별자치도 춘천시 우묵길 32, 1층 102호 (퇴계동)",강원특별자치도 춘천시 퇴계동 1192-8 ,,기타,2026-05-27
일반음식점,카쿠레가춘천점,"강원특별자치도 춘천시 시청길10번길 4, 1~2층 (조양동)",강원특별자치도 춘천시 조양동 37-1 ,,기타,2026-05-27
일반음식점,치킨포차,"강원특별자치도 춘천시 후만로126번길 31, 상가동 1층 107호 (후평동, 대우아파트)",강원특별자치도 춘천시 후평동 867 대우아파트 ,,기타,2026-05-27
일반음식점,분식집에하숙하는붕어빵,"강원특별자치도 춘천시 삭주로 25, 1층 (교동)",강원특별자치도 춘천시 교동 136-7 ,,기타,2026-05-27
일반음식점,블랑제리331,"강원특별자치도 춘천시 우석로38번길 19-1, 1,2층 (석사동)",강원특별자치도 춘천시 석사동 764-2 , 033-257-2550,기타,2026-05-27
일반음식점,흥주선비국밥,"강원특별자치도 춘천시 동면 만천로 67, 1층",강원특별자치도 춘천시 동면 만천리 617-2 ,033-251-1205,중국식,2026-05-27
일반음식점,백돈춘천점,"강원특별자치도 춘천시 남춘로26번길 16, 104호 (퇴계동)",강원특별자치도 춘천시 퇴계동 1080 ,,일식,2026-05-27
일반음식점,일공공샤브앤드편백찜춘천점,"강원특별자치도 춘천시 후석로 120, 2층 214호 (석사동)",강원특별자치도 춘천시 석사동 980 ,,기타,2026-05-27
일반음식점,샐러바웃샐러드앤드포케후평점,"강원특별자치도 춘천시 후석로 346, 1층 (후평동)",강원특별자치도 춘천시 후평동 703-4 , 033-910-8285,기타,2026-05-27
일반음식점,돼지놀이터,"강원특별자치도 춘천시 서면 박사로 1194, 1~2층",강원특별자치도 춘천시 서면 신매리 123 ,,한식,2026-05-27
일반음식점,에딧플레이버,"강원특별자치도 춘천시 우묵길52번길 20, 1층 (퇴계동)",강원특별자치도 춘천시 퇴계동 1192-1 ,,기타,2026-05-27
일반음식점,하남돼지집춘천퇴계점,"강원특별자치도 춘천시 김유정로 1893, 1층 (퇴계동)",강원특별자치도 춘천시 퇴계동 182 ,,식육(숯불구이),2026-05-27
일반음식점,더(The)711,"강원특별자치도 춘천시 공지로 452-8, 1층 (근화동)",강원특별자치도 춘천시 근화동 711 ,,호프/통닭,2026-05-27
일반음식점,소근소근사랑방,"강원특별자치도 춘천시 소양로171번길 11, 1층 (소양로2가)",강원특별자치도 춘천시 소양로2가 179-28 ,,기타,2026-05-27
일반음식점,얌샘김밥춘천하이테크타워점,"강원특별자치도 춘천시 후석로420번길 7, 춘천하이테크타워 A동 1층 105, 106호 (후평동)",강원특별자치도 춘천시 후평동 558-1 ,033-256-0317,한식,2026-05-27
일반음식점,학곡다슬기장칼국수,"강원특별자치도 춘천시 동내면 거두택지길26번길 32-1, 1층",강원특별자치도 춘천시 동내면 거두리 952-13 ,033-263-8988,한식,2026-05-27
일반음식점,이모네칼국수,"강원특별자치도 춘천시 스무숲1길 4-18, 1층 (석사동)",강원특별자치도 춘천시 석사동 911-1 ,033-242-5697,한식,2026-05-27
일반음식점,옛날시골밥상,"강원특별자치도 춘천시 후만로116번길 8, 1층 (후평동)",강원특별자치도 춘천시 후평동 869-4 ,,한식,2026-05-27
일반음식점,블루몽크,"강원특별자치도 춘천시 서부대성로43번길 21, 2층 (봉의동)",강원특별자치도 춘천시 봉의동 22-2 ,,기타,2026-05-27
일반음식점,샵샵,"강원특별자치도 춘천시 중앙로67번길 18, 3동 1층 3102호 (죽림동, 브라운가)",강원특별자치도 춘천시 죽림동 189 브라운가 ,,기타,2026-05-27
일반음식점,몬스터오리,"강원특별자치도 춘천시 약사고개길 13, 제일백화점,14동 4,5호, 15동 10호 (죽림동)",강원특별자치도 춘천시 죽림동 32 제일백화점 ,,기타,2026-05-27
일반음식점,쭈꾸미638,"강원특별자치도 춘천시 동내면 순환대로 636, 2동 1층",강원특별자치도 춘천시 동내면 학곡리 5-28 , 033-263-0413,기타,2026-05-27
일반음식점,서윤식당,"강원특별자치도 춘천시 춘천로 271, 1층 (후평동)",강원특별자치도 춘천시 후평동 684-4 ,,한식,2026-05-27
일반음식점,느린마을양조장 남춘천역점,"강원특별자치도 춘천시 춘천로44번길 4, 1층 (퇴계동)",강원특별자치도 춘천시 퇴계동 1135 ,,한식,2026-05-27
일반음식점,러스틱문(rusticmoon),"강원특별자치도 춘천시 남면 충효로 915, 가,나동",강원특별자치도 춘천시 남면 발산리 229-1 ,,기타,2026-05-27
일반음식점,홍콩반점0410강원대점,"강원특별자치도 춘천시 서부대성로 229-1, 2층 (효자동)",강원특별자치도 춘천시 효자동 628-5 ,,한식,2026-05-27
일반음식점,춘천통큰포차,"강원특별자치도 춘천시 승지골길13번길 7-4, 1층 (퇴계동)",강원특별자치도 춘천시 퇴계동 1001-5 ,033-262-8253,기타,2026-05-27
일반음식점,다정다맛,"강원특별자치도 춘천시 스포츠타운길 437, 1층 (삼천동)",강원특별자치도 춘천시 삼천동 37-47 ,,한식,2026-05-27
일반음식점,양지다방,"강원특별자치도 춘천시 후석로45번길 10, 1층 (석사동)",강원특별자치도 춘천시 석사동 651-13 ,,기타,2026-05-27
일반음식점,카페줌,"강원특별자치도 춘천시 영서로 2881, B동 1, 2층 (사농동)",강원특별자치도 춘천시 사농동 434-14 ,,기타,2026-05-27
일반음식점,고우춘천점,"강원특별자치도 춘천시 금강로 126, 1층 (운교동)",강원특별자치도 춘천시 운교동 177 ,033-252-1110,일식,2026-05-27
일반음식점,점순이호떡앤분식까페,"강원특별자치도 춘천시 지석로 74-11, 퇴계시장형상가 1층 D18호 (퇴계동)",강원특별자치도 춘천시 퇴계동 1018 ,033-262-0519,분식,2026-05-27
일반음식점,고유,"강원특별자치도 춘천시 동면 춘천순환로 383, 1층",강원특별자치도 춘천시 동면 만천리 544-2 , 033-255-1253,기타,2026-05-27
일반음식점,제갈덮밥,"강원특별자치도 춘천시 후석로393번길 33, 왼쪽상가 (후평동)",강원특별자치도 춘천시 후평동 848-2 ,,한식,2026-05-27
일반음식점,들꽃,"강원특별자치도 춘천시 효석로9번길 9, 2층 (효자동)",강원특별자치도 춘천시 효자동 302-57 ,,기타,2026-05-27
일반음식점,뚝배기양평해장국 춘천효자점,"강원특별자치도 춘천시 공지로 254, 1층 (효자동)",강원특별자치도 춘천시 효자동 324 ,,기타,2026-05-27
일반음식점,블루 핫,"강원특별자치도 춘천시 신북읍 배후령길 4, 다동 1층",강원특별자치도 춘천시 신북읍 천전리 93-13 ,033-254-3914,분식,2026-05-27
일반음식점,더조은명가손만두우두점,"강원특별자치도 춘천시 우두1길 100, 116동 115호 (우두동)",강원특별자치도 춘천시 우두동 1089 ,,기타,2026-05-27
일반음식점,황금코다리춘천점,"강원특별자치도 춘천시 동면 춘천순환로 709, 2동 1층",강원특별자치도 춘천시 동면 장학리 786-112 ,,기타,2026-05-27
일반음식점,우정가,"강원특별자치도 춘천시 삭주로 94, 동보빌리지 2층 5호 (후평동)",강원특별자치도 춘천시 후평동 857 동보빌리지 ,,기타,2026-05-27
일반음식점,골목손팥칼국수,"강원특별자치도 춘천시 수풍골길13번길 11-1, 1층 (후평동)",강원특별자치도 춘천시 후평동 95-17 ,033-253-3469,한식,2026-05-27
일반음식점,딩고치킨,"강원특별자치도 춘천시 스무숲1길 36-10, 1층 101호 (석사동)",강원특별자치도 춘천시 석사동 913-8 ,,호프/통닭,2026-05-27
일반음식점,기영이숯불두마리치킨춘천후평점,"강원특별자치도 춘천시 백령로 215, 상가2동 1층 101호 (후평동, 춘천일성트루엘더퍼스트아파트)",강원특별자치도 춘천시 후평동 910 춘천일성트루엘더퍼스트아파트 ,033-253-3370,호프/통닭,2026-05-27
일반음식점,또봉이통닭거두점,"강원특별자치도 춘천시 동내면 거두택지길4번길 11-20, 1층",강원특별자치도 춘천시 동내면 거두리 952-7 ,033-261-1123,호프/통닭,2026-05-27
일반음식점,달콤한삼겹살온의점,"강원특별자치도 춘천시 스포츠타운길 496, 지하1층 B101,102호 (온의동)",강원특별자치도 춘천시 온의동 82-12 ,033-256-6988,한식,2026-05-27
일반음식점,모두의부엌 춘천,"강원특별자치도 춘천시 동부시장길 8, 77, 78호 (운교동, 동부시장현대아파트)",강원특별자치도 춘천시 운교동 183 동부시장현대아파트 ,,한식,2026-05-27
일반음식점,휴게소춘천점,"강원특별자치도 춘천시 서부대성로205번길 4, 1층 (효자동)",강원특별자치도 춘천시 효자동 618-2 ,,기타,2026-05-27
일반음식점,춘천파스타필라프양식더키친,"강원특별자치도 춘천시 안마산로 110, 지하1층 (퇴계동)",강원특별자치도 춘천시 퇴계동 529-1 , 033-244-6611,경양식,2026-05-27
일반음식점,나능이능이버섯백숙우두점,"강원특별자치도 춘천시 우두로 147, 1층 (우두동)",강원특별자치도 춘천시 우두동 885 ,033-252-0909,탕류(보신용),2026-05-27
일반음식점,화담,"강원특별자치도 춘천시 스포츠타운길 432, 1층 106,107호 (삼천동)",강원특별자치도 춘천시 삼천동 152-1 ,033-255-8592,식육(숯불구이),2026-05-27
일반음식점,씨엘로,"강원특별자치도 춘천시 동면 순환대로 1156-20, 1동 1층",강원특별자치도 춘천시 동면 만천리 326-33 ,,경양식,2026-05-27
일반음식점,화담,"강원특별자치도 춘천시 스무숲1길 32-14, 1층 (석사동)",강원특별자치도 춘천시 석사동 911-8 ,,기타,2026-05-27
일반음식점,온담,"강원특별자치도 춘천시 동면 만천로 118, 1층",강원특별자치도 춘천시 동면 만천리 871-38 ,033-254-9898,한식,2026-05-27
일반음식점,황금코다리춘천삼천점,"강원특별자치도 춘천시 스포츠타운길 432, 1층 103,4,5호 (삼천동)",강원특별자치도 춘천시 삼천동 152-1 ,,한식,2026-05-27
일반음식점,교촌치킨석사점,"강원특별자치도 춘천시 애막골길11번길 17, 1층 (석사동)",강원특별자치도 춘천시 석사동 741-4 ,,한식,2026-05-27
일반음식점,불란서홍차,"강원특별자치도 춘천시 두하길 8, 1층 (효자동)",강원특별자치도 춘천시 효자동 614-2 ,033-256-2637,기타,2026-05-27
일반음식점,수경수제만두,"강원특별자치도 춘천시 춘천로17번길 31, 더스위트캐슬 105호 (온의동)",강원특별자치도 춘천시 온의동 587-3 ,,분식,2026-05-27
일반음식점,초원가남춘천역점,"강원특별자치도 춘천시 효자로 9, 2층 (퇴계동)",강원특별자치도 춘천시 퇴계동 1152-1 ,033-253-8892,중국식,2026-05-27
일반음식점,광장칼국수,"강원특별자치도 춘천시 스포츠타운길 320, 1층 (삼천동)",강원특별자치도 춘천시 삼천동 425-5 ,,기타,2026-05-27
일반음식점,배럴하우스(BARREL HOUSE),"강원특별자치도 춘천시 우묵길70번길 7, 1층 (퇴계동)",강원특별자치도 춘천시 퇴계동 1159-2 ,,호프/통닭,2026-05-27
일반음식점,레오의숲,"강원특별자치도 춘천시 서면 당숲안길 139-1, 주1동,부1동",강원특별자치도 춘천시 서면 당림리 423-7 ,033-818-8800,경양식,2026-05-27
일반음식점,을찌로국물떡볶이춘천점,"강원특별자치도 춘천시 공지로 108, 1층 102호 (석사동)",강원특별자치도 춘천시 석사동 316-10 ,,경양식,2026-05-27
일반음식점,고바우통닭 춘천우두점,강원특별자치도 춘천시 충열로 1-40 (우두동),강원특별자치도 춘천시 우두동 702-12 ,033-253-3392,호프/통닭,2026-05-27
일반음식점,두찜 춘천우두점,강원특별자치도 춘천시 충열로 1-40 (우두동),강원특별자치도 춘천시 우두동 702-12 ,033-252-2221,한식,2026-05-27
일반음식점,옛날경성순대국춘천점,"강원특별자치도 춘천시 방송길 77, 상가동 1층 1122,1127호 (온의동, 춘천 센트럴타워 푸르지오)",강원특별자치도 춘천시 온의동 601 춘천 센트럴타워 푸르지오 , 033-255-9731,한식,2026-05-27
일반음식점,오소냉삼,"강원특별자치도 춘천시 춘주로179번길 6-12, 1층 (퇴계동)",강원특별자치도 춘천시 퇴계동 908-9 ,,기타,2026-05-27
일반음식점,더조은명가손만두퇴계점,"강원특별자치도 춘천시 안마산로 213, 1층 120호 (퇴계동)",강원특별자치도 춘천시 퇴계동 79 , 033-261-2626,기타,2026-05-27
일반음식점,오케이(OK)카페,"강원특별자치도 춘천시 후만로 81, 지하1층 (후평동)",강원특별자치도 춘천시 후평동 801-11 ,,기타,2026-05-27
일반음식점,더(The)다정한밥상,"강원특별자치도 춘천시 동내면 순환대로 990, 1, 2층",강원특별자치도 춘천시 동내면 거두리 417-5 ,,한식,2026-05-27
일반음식점,조선땡초우동춘천점,"강원특별자치도 춘천시 중앙로 지하 48, 지하1층 다열13호 (요선동)",강원특별자치도 춘천시 요선동 19 다13 ,,기타,2026-05-27
일반음식점,예원일식,"강원특별자치도 춘천시 동면 춘천순환로 497, 제2동 1층",강원특별자치도 춘천시 동면 만천리 703-2 , 033-251-1880,한식,2026-05-27
일반음식점,착한중식야식,"강원특별자치도 춘천시 소양고개길 29, 한신휴플러스아파트상가 1층 102호 (요선동)",강원특별자치도 춘천시 요선동 191 한신휴플러스아파트상가 ,,중국식,2026-05-27
일반음식점,황금밥상,"강원특별자치도 춘천시 효명길 3, 1층 (효자동)",강원특별자치도 춘천시 효자동 675-1 ,,기타,2026-05-27
일반음식점,골프존파크근화백마점,"강원특별자치도 춘천시 공지로 442-28, 1층 (근화동)",강원특별자치도 춘천시 근화동 710-1 , 033-253-1000,경양식,2026-05-27
일반음식점,산마루,"강원특별자치도 춘천시 후석로393번길 31, 1층 (후평동)",강원특별자치도 춘천시 후평동 848-4 ,,기타,2026-05-27
일반음식점,미소야춘천석사점,"강원특별자치도 춘천시 퇴계농공로 22, 1층 101호 (석사동)",강원특별자치도 춘천시 석사동 880-4 , 033-264-9393,기타,2026-05-27
일반음식점,오가네식당,"강원특별자치도 춘천시 동내면 고은길 3, 1층",강원특별자치도 춘천시 동내면 고은리 559-20 , 033-263-1259,한식,2026-05-27
일반음식점,이팝펍스크린,"강원특별자치도 춘천시 동내면 거두길 125-23, 1층",강원특별자치도 춘천시 동내면 거두리 617-6 ,,한식,2026-05-27
일반음식점,동내맥주,"강원특별자치도 춘천시 동내면 춘천순환로72번길 39, 1층",강원특별자치도 춘천시 동내면 거두리 958-4 ,,호프/통닭,2026-05-27
일반음식점,메이샤1990,"강원특별자치도 춘천시 춘천로151번길 19, 1층 (운교동)",강원특별자치도 춘천시 운교동 170-3 ,,기타,2026-05-27
일반음식점,돼지한마리우두점,"강원특별자치도 춘천시 사우3길 33-14, 1층 (사농동)",강원특별자치도 춘천시 사농동 60-5 , 033-255-6025,기타,2026-05-27
일반음식점,소소한밥상,"강원특별자치도 춘천시 중앙로 138, 지하1층 (소양로4가)",강원특별자치도 춘천시 소양로4가 115-9 ,,뷔페식,2026-05-27
일반음식점,호반중식뷔폐,"강원특별자치도 춘천시 공지로 605-6, 1층 (근화동)",강원특별자치도 춘천시 근화동 160-2 ,,중국식,2026-05-27
일반음식점,하늘흑염소,"강원특별자치도 춘천시 공지로 216, 가동 1층 (효자동)",강원특별자치도 춘천시 효자동 223-1 , 033-261-1210,기타,2026-05-27
일반음식점,치바,"강원특별자치도 춘천시 우두1길 71, 1층 (우두동)",강원특별자치도 춘천시 우두동 1113-7 ,,기타,2026-05-27
일반음식점,오이트에스프레소바,"강원특별자치도 춘천시 서부대성로 69, 1, 2층 (옥천동)",강원특별자치도 춘천시 옥천동 38-1 ,,기타,2026-05-27
일반음식점,동내반점,"강원특별자치도 춘천시 사북면 화악지암길 494, 1층",강원특별자치도 춘천시 사북면 지암리 250-4 , 033-255-2550,중국식,2026-05-27
일반음식점,상상오리춘천점,"강원특별자치도 춘천시 후석로46번길 8, 1층 (석사동)",강원특별자치도 춘천시 석사동 663 ,,한식,2026-05-27
일반음식점,춘천닭갈비김밥,"강원특별자치도 춘천시 옛경춘로 803, 1동 1층 (삼천동)",강원특별자치도 춘천시 삼천동 37-30 ,,한식,2026-05-27
일반음식점,에스키샤하르(ESKISHAHAR),"강원특별자치도 춘천시 서부대성로206번길 15, 1층 (효자동)",강원특별자치도 춘천시 효자동 768 ,,"외국음식전문점(인도,태국등)",2026-05-27
일반음식점,올데이브런치,"강원특별자치도 춘천시 동면 만천로 28-84, 1층",강원특별자치도 춘천시 동면 만천리 437-1 ,,기타,2026-05-27
일반음식점,달떡볶이퇴계점,"강원특별자치도 춘천시 국사봉길 12, 1층 10호 (퇴계동)",강원특별자치도 춘천시 퇴계동 423-6 ,,분식,2026-05-27
일반음식점,솥담순두부춘천만천점,"강원특별자치도 춘천시 동면 만천로 55, 1층",강원특별자치도 춘천시 동면 만천리 607 ,,한식,2026-05-27
일반음식점,프랭크버거우두택지점,"강원특별자치도 춘천시 우두1길 101, 1층 113호 (우두동)",강원특별자치도 춘천시 우두동 1118-1 ,,기타,2026-05-27
일반음식점,강촌찐해물칼국수,"강원특별자치도 춘천시 남산면 강촌구곡길 46, 1층",강원특별자치도 춘천시 남산면 강촌리 323-1 ,,식육(숯불구이),2026-05-27
일반음식점,친구집,"강원특별자치도 춘천시 후석로393번길 28, 1층 (후평동)",강원특별자치도 춘천시 후평동 842-14 , 033-255-1282,한식,2026-05-27
일반음식점,거두팔팔순대국,"강원특별자치도 춘천시 동내면 거두택지길 56, 1층",강원특별자치도 춘천시 동내면 거두리 1121-7 ,,기타,2026-05-27
일반음식점,송탄부대찌개,"강원특별자치도 춘천시 동면 춘천순환로 841, 1층",강원특별자치도 춘천시 동면 장학리 614-8 ,,한식,2026-05-27
일반음식점,톰커피바,"강원특별자치도 춘천시 소양고개길 50-7, 1층 (요선동)",강원특별자치도 춘천시 요선동 13-6 ,,기타,2026-05-27
일반음식점,장대박애막골점,"강원특별자치도 춘천시 애막골길11번길 8, 1층 (석사동)",강원특별자치도 춘천시 석사동 747-1 ,,식육(숯불구이),2026-05-27
일반음식점,윌골프존&프렌즈스크린,"강원특별자치도 춘천시 김유정로 1852-21, 3층 (퇴계동)",강원특별자치도 춘천시 퇴계동 111-8 , 033-262-7559,기타,2026-05-27
일반음식점,명륜진사갈비춘천온의점,"강원특별자치도 춘천시 스포츠타운길 494, 1층 101,102호 (온의동)",강원특별자치도 춘천시 온의동 82-3 , 033-244-8295,식육(숯불구이),2026-05-27
일반음식점,나라국수꼬마김밥,"강원특별자치도 춘천시 영서로 2352-32, 풍물시장 60,61호 (온의동)",강원특별자치도 춘천시 온의동 27-2 풍물시장 ,,분식,2026-05-27
일반음식점,큰샛터막국수,"강원특별자치도 춘천시 동내면 영서로 1745-14, 1층",강원특별자치도 춘천시 동내면 학곡리 263-6 , 033-262-4733,한식,2026-05-27
일반음식점,미순이네제과점,"강원특별자치도 춘천시 공지로441번길 9, 1층 (근화동)",강원특별자치도 춘천시 근화동 288-7 , 033-257-0070,기타,2026-05-27
일반음식점,선산곱창,"강원특별자치도 춘천시 충열로16번길 21-16, 1층 (우두동)",강원특별자치도 춘천시 우두동 1061-6 ,,식육(숯불구이),2026-05-27
일반음식점,옥희네메밀부침,"강원특별자치도 춘천시 명동길29번길 10, 1층 (죽림동)",강원특별자치도 춘천시 죽림동 11-21 ,,한식,2026-05-27
일반음식점,백다시육,"강원특별자치도 춘천시 신동면 김유정로 1215-4, 1층",강원특별자치도 춘천시 신동면 증리 100-6 ,,기타,2026-05-27
일반음식점,도우,"강원특별자치도 춘천시 성심로47번길 75, 1층 (후평동)",강원특별자치도 춘천시 후평동 705-4 ,,기타,2026-05-27
일반음식점,아빠가떡뽑는집,"강원특별자치도 춘천시 모수물길 64-2, 1층 (소양로2가)",강원특별자치도 춘천시 소양로2가 1-64 ,,분식,2026-05-27
일반음식점,빈스키친,"강원특별자치도 춘천시 충혼길24번길 18, 1층 (온의동)",강원특별자치도 춘천시 온의동 517-6 ,,기타,2026-05-27
일반음식점,장학삼겹살,"강원특별자치도 춘천시 동면 춘천로449번길 24-6, 1층",강원특별자치도 춘천시 동면 장학리 998-2 ,,기타,2026-05-27
일반음식점,불스커피로스터스,"강원특별자치도 춘천시 우두5길 18, 1층 (우두동)",강원특별자치도 춘천시 우두동 1114-8 ,,기타,2026-05-27
일반음식점,크레이지빙수춘천당충전핫플점,"강원특별자치도 춘천시 남춘로 23, 1층 101호 (퇴계동)",강원특별자치도 춘천시 퇴계동 344-23 ,,기타,2026-05-27
일반음식점,소램360양식당,"강원특별자치도 춘천시 동면 금촌로 397-20, 1층",강원특별자치도 춘천시 동면 만천리 259-30 ,,기타,2026-05-27
일반음식점,감자밭카페,"강원특별자치도 춘천시 신북읍 신샘밭로 674, ,676-1 1,2층","강원특별자치도 춘천시 신북읍 천전리 90-1,37 ",1566-3756-,기타,2026-05-27
일반음식점,인생건어물맥주춘천퇴계점,"강원특별자치도 춘천시 김유정로 1891, 1층 (퇴계동)",강원특별자치도 춘천시 퇴계동 183-1 ,,기타,2026-05-27
일반음식점,핵밥춘천명동점,"강원특별자치도 춘천시 중앙로67번길 18, 6동 1층 6101호 (죽림동, 브라운가)",강원특별자치도 춘천시 죽림동 189 브라운가 , 033-818-0818,기타,2026-05-27
일반음식점,밍구네해물포차,"강원특별자치도 춘천시 영서로 2250-8, 1층 (퇴계동)",강원특별자치도 춘천시 퇴계동 637-21 ,,기타,2026-05-27
일반음식점,스넬커피로스터스,"강원특별자치도 춘천시 아침길 17-12, 1층 (조양동)",강원특별자치도 춘천시 조양동 6-179 ,,기타,2026-05-27
일반음식점,삿포로우동집,"강원특별자치도 춘천시 동면 춘천로449번길 26-1, 1층",강원특별자치도 춘천시 동면 장학리 997-3 ,,일식,2026-05-27
일반음식점,병천청년순대국(춘천남면점),"강원특별자치도 춘천시 남면 한덕발산길 17, 1층",강원특별자치도 춘천시 남면 한덕리 604-1 ,,호프/통닭,2026-05-27
일반음식점,온고갤러리카페,"강원특별자치도 춘천시 남산면 한치로 91, 1층",강원특별자치도 춘천시 남산면 창촌리 57-3 ,,기타,2026-05-27
일반음식점,카페줌,"강원특별자치도 춘천시 서부대성로44번길 18-2, 1층 (요선동)",강원특별자치도 춘천시 요선동 13-7 ,,기타,2026-05-27
일반음식점,토리아에즈춘천후평점,"강원특별자치도 춘천시 후석로 294, 1층 103호 (후평동)",강원특별자치도 춘천시 후평동 795-1 , 033-242-0792,일식,2026-05-27
일반음식점,미리내닭갈비,"강원특별자치도 춘천시 충열로 231, 1층 (우두동)",강원특별자치도 춘천시 우두동 885-5 ,,식육(숯불구이),2026-05-27
일반음식점,전가네뼈칼국수,"강원특별자치도 춘천시 우석로67번길 11, 1층 (석사동)",강원특별자치도 춘천시 석사동 747-3 ,,한식,2026-05-27
일반음식점,필라프에빠지다춘천한림대점,"강원특별자치도 춘천시 삭주로 100, 1층 103호 (후평동)",강원특별자치도 춘천시 후평동 855-5 ,,경양식,2026-05-27
일반음식점,옥천족발,"강원특별자치도 춘천시 춘주로 176-1, 1층 (퇴계동)",강원특별자치도 춘천시 퇴계동 426-23 , 033-244-8885,한식,2026-05-27
일반음식점,폭풍의 언덕,"강원특별자치도 춘천시 서부대성로 223-3, 2층 (효자동)",강원특별자치도 춘천시 효자동 626-9 ,,기타,2026-05-27
일반음식점,메타라운지,"강원특별자치도 춘천시 남산면 남이섬길 1, 남이섬 2층",강원특별자치도 춘천시 남산면 방하리 197-1 번지 외 1필지 , 031-581-5118,기타,2026-05-27
일반음식점,이차로,"강원특별자치도 춘천시 신북읍 상천3길 20, 1층",강원특별자치도 춘천시 신북읍 천전리 212-63 ,,기타,2026-05-27
일반음식점,1단지김밥,"강원특별자치도 춘천시 춘천로310번길 24, 1층 (후평동)",강원특별자치도 춘천시 후평동 691-3 ,,분식,2026-05-27
일반음식점,하이볼술집수컷웅춘천강원대점,"강원특별자치도 춘천시 우석로79번길 7-3, 1층 (석사동)",강원특별자치도 춘천시 석사동 745-1 ,,기타,2026-05-27
일반음식점,국민순대국춘천점,"강원특별자치도 춘천시 효석로9번길 18, 1층 101호 (효자동)",강원특별자치도 춘천시 효자동 303-34 ,,한식,2026-05-27
일반음식점,구주춘천퇴계점,"강원특별자치도 춘천시 우묵길78번길 7, 1층 맨우측상가호 (퇴계동)",강원특별자치도 춘천시 퇴계동 1137-3 ,,정종/대포집/소주방,2026-05-27
일반음식점,포항집,"강원특별자치도 춘천시 남춘로36번길 52-5, 1층 (퇴계동)",강원특별자치도 춘천시 퇴계동 952-3 ,,한식,2026-05-27
일반음식점,불닭발땡초동대문엽기떡볶이춘천후평점,"강원특별자치도 춘천시 춘천로 305, 1층 좌측상가호 (후평동)",강원특별자치도 춘천시 후평동 693-11 , 033-254-8592,분식,2026-05-27
일반음식점,언니네뒷고기,"강원특별자치도 춘천시 보안길 71, 1층 (후평동)",강원특별자치도 춘천시 후평동 702-13 ,,기타,2026-05-27
일반음식점,천하치킨,"강원특별자치도 춘천시 서부대성로 12, 1층 128호 (소양로2가, 신동아아파트)",강원특별자치도 춘천시 소양로2가 172-1 신동아아파트 ,,기타,2026-05-27
일반음식점,명가막창춘천후평점,"강원특별자치도 춘천시 후석로 266, 1층 중간상가호 (후평동)",강원특별자치도 춘천시 후평동 836-14 ,,정종/대포집/소주방,2026-05-27
일반음식점,깻잎두마리치킨,"강원특별자치도 춘천시 삭주로193번길 1, 1층 (후평동)",강원특별자치도 춘천시 후평동 742-9 ,,기타,2026-05-27
일반음식점,강가,"강원특별자치도 춘천시 영서로2753번길 18, 1층 (우두동)",강원특별자치도 춘천시 우두동 1056-4 ,,기타,2026-05-27
일반음식점,샌드소양,"강원특별자치도 춘천시 번개시장길 32, 110호 (소양로1가)",강원특별자치도 춘천시 소양로1가 92-26 ,,기타,2026-05-27
일반음식점,우리동네횟집,"강원특별자치도 춘천시 삭주로 195, 1-2층 (후평동)",강원특별자치도 춘천시 후평동 741-6 , 033-256-5993,횟집,2026-05-27
일반음식점,단편,"강원특별자치도 춘천시 백령로 1, 1층 (효자동)",강원특별자치도 춘천시 효자동 315-7 ,,기타,2026-05-27
일반음식점,피자나라치킨공주춘천우두점,"강원특별자치도 춘천시 우두5길 36, 1층 106호 (우두동)",강원특별자치도 춘천시 우두동 1110 ,,기타,2026-05-27
일반음식점,두거리우신탕춘천점,"강원특별자치도 춘천시 공지로 157-1, 1층 (석사동)",강원특별자치도 춘천시 석사동 495-3 ,,한식,2026-05-27
일반음식점,산천리짜장&치킨,"강원특별자치도 춘천시 신북읍 구리고개길 5, 2동 1층 101호",강원특별자치도 춘천시 신북읍 산천리 367 , 033-263-2229,호프/통닭,2026-05-27
일반음식점,한상가득박사로점,"강원특별자치도 춘천시 서면 박사로 929, 2층",강원특별자치도 춘천시 서면 금산리 999-1 ,,기타,2026-05-27
일반음식점,카페로퍼,"강원특별자치도 춘천시 세실로208번길 8-21, 1층 왼쪽상가호 (후평동)",강원특별자치도 춘천시 후평동 875-7 ,,기타,2026-05-27
일반음식점,알마,"강원특별자치도 춘천시 우두5길 2, 1층 (우두동)",강원특별자치도 춘천시 우두동 1114 ,,경양식,2026-05-27
일반음식점,토스트뱅크,"강원특별자치도 춘천시 중앙로 32, 1층 105호 (요선동)",강원특별자치도 춘천시 요선동 9-3 ,,기타,2026-05-27
일반음식점,잔잔디식당,강원특별자치도 춘천시 중앙로 60 (중앙로2가),강원특별자치도 춘천시 중앙로2가 92 ,,기타,2026-05-27
일반음식점,피에스타펜션,"강원특별자치도 춘천시 남산면 서백길 496-20, 1층",강원특별자치도 춘천시 남산면 백양리 108-15 ,,기타,2026-05-27
일반음식점,뀨,"강원특별자치도 춘천시 춘천로 212-1, 1층 가운데상가호 (효자동)",강원특별자치도 춘천시 효자동 742-5 ,,기타,2026-05-27
일반음식점,더조은명가손만두온의점,"강원특별자치도 춘천시 방송길 77, 1층 1119,1131호 (온의동, 춘천 센트럴타워 푸르지오)",강원특별자치도 춘천시 온의동 601 춘천 센트럴타워 푸르지오 ,,분식,2026-05-27
일반음식점,엄마의부엌,"강원특별자치도 춘천시 중앙로 166, 1층 103호 (근화동)",강원특별자치도 춘천시 근화동 719-2 ,,한식,2026-05-27
일반음식점,이홍정코다리,"강원특별자치도 춘천시 스무숲2길 10, 지하1층 (석사동)",강원특별자치도 춘천시 석사동 186-44 ,,한식,2026-05-27
일반음식점,온기력장어,"강원특별자치도 춘천시 신동면 김유정로 1622, 1층",강원특별자치도 춘천시 신동면 증리 715-13 ,,한식,2026-05-27
일반음식점,비어하우스,"강원특별자치도 춘천시 후석로46번길 7, 1층 우측상가호 (석사동)",강원특별자치도 춘천시 석사동 666-14 ,,기타,2026-05-27
일반음식점,해물화짬뽕,"강원특별자치도 춘천시 춘천로 287, 1층 (후평동)",강원특별자치도 춘천시 후평동 686-2 , 033-242-6513,중국식,2026-05-27
일반음식점,카페롭(LOB),"강원특별자치도 춘천시 남면 소주고개로 181-14, 1,2층",강원특별자치도 춘천시 남면 후동리 266-14 , 033-261-7770,기타,2026-05-27
일반음식점,동대문곱창,"강원특별자치도 춘천시 춘천로296번길 15, 1층 좌측상가호 (후평동)",강원특별자치도 춘천시 후평동 690-2 ,,식육(숯불구이),2026-05-27
일반음식점,하에르화랑,"강원특별자치도 춘천시 동내면 거두택지길4번길 11-15, 1층",강원특별자치도 춘천시 동내면 거두리 950-9 ,,일식,2026-05-27
일반음식점,우두마차,"강원특별자치도 춘천시 충열로 20, 1층 102호 (우두동)",강원특별자치도 춘천시 우두동 1065-4 ,,분식,2026-05-27
일반음식점,최가네해장국본점,"강원특별자치도 춘천시 영서로 2668-16, 1층 (소양로1가)",강원특별자치도 춘천시 소양로1가 101-15 ,,기타,2026-05-27
일반음식점,우두1번지,"강원특별자치도 춘천시 우두1길 29, 1층 101,102호 (우두동)",강원특별자치도 춘천시 우두동 1096-2 ,,정종/대포집/소주방,2026-05-27
일반음식점,일신온열찜질카페,"강원특별자치도 춘천시 영서로 2793, 2층 (우두동, 두미르마을)",강원특별자치도 춘천시 우두동 742-1 두미르마을 ,,기타,2026-05-27
일반음식점,수환닭발,"강원특별자치도 춘천시 국사봉길 12, 1층 8호 (퇴계동)",강원특별자치도 춘천시 퇴계동 423-6 ,,기타,2026-05-27
일반음식점,덕수파스타춘천퇴계점,강원특별자치도 춘천시 안마산로 112-5 (퇴계동),강원특별자치도 춘천시 퇴계동 529-34 ,,경양식,2026-05-27
일반음식점,아재돈까스우두점,"강원특별자치도 춘천시 충열로67번길 11, 1층 (우두동)",강원특별자치도 춘천시 우두동 709-7 , 033-242-3370,경양식,2026-05-27
일반음식점,지중해,"강원특별자치도 춘천시 동면 가산로 93, 1층",강원특별자치도 춘천시 동면 지내리 236-4 ,,중국식,2026-05-27
일반음식점,콘파티,"강원특별자치도 춘천시 춘천로310번길 26, 1층 (후평동)",강원특별자치도 춘천시 후평동 688-4 ,,기타,2026-05-27
일반음식점,종가숯불닭갈비,"강원특별자치도 춘천시 충혼길8번길 2, 2동 1층 우측상가호 (퇴계동)",강원특별자치도 춘천시 퇴계동 627-4 ,,식육(숯불구이),2026-05-27
일반음식점,우이락춘천퇴계점,"강원특별자치도 춘천시 효자로 10, 1층 (퇴계동)",강원특별자치도 춘천시 퇴계동 1151-2 ,,한식,2026-05-27
일반음식점,태평소우두점,"강원특별자치도 춘천시 마장길 71-8, 1층 (사농동)",강원특별자치도 춘천시 사농동 52-1 ,0332-4236-54,기타,2026-05-27
일반음식점,일월육일춘천공지천점,"강원특별자치도 춘천시 수변공원길 11, 3동 1층 104호 (삼천동)",강원특별자치도 춘천시 삼천동 13-1 ,,기타,2026-05-27
일반음식점,아워아워(OUR HOUR),"강원특별자치도 춘천시 남춘로36번길 73, 2층 (퇴계동)",강원특별자치도 춘천시 퇴계동 968-9 ,,경양식,2026-05-27
일반음식점,봉평고향막국수춘천점,"강원특별자치도 춘천시 동면 소양강로 266, 1층",강원특별자치도 춘천시 동면 장학리 648-3 ,,중국식,2026-05-27
일반음식점,신촌리김치찌개,"강원특별자치도 춘천시 동내면 동내로 187, 1층",강원특별자치도 춘천시 동내면 신촌리 333-3 ,,한식,2026-05-27
일반음식점,구도로통닭 춘천스무숲점,"강원특별자치도 춘천시 스무숲1길 69, 1층 (석사동)",강원특별자치도 춘천시 석사동 927-2 ,,호프/통닭,2026-05-27
일반음식점,한여름밤,"강원특별자치도 춘천시 남산면 보매기1길 62-12, 1층",강원특별자치도 춘천시 남산면 창촌리 86-3 ,,기타,2026-05-27
일반음식점,태원식당,"강원특별자치도 춘천시 칠전서길 5-14, 1층 (칠전동)",강원특별자치도 춘천시 칠전동 626-5 ,,한식,2026-05-27
일반음식점,모모,"강원특별자치도 춘천시 후석로45번길 35, 1층 좌측상가호 (석사동)",강원특별자치도 춘천시 석사동 708-6 ,,경양식,2026-05-27
일반음식점,만천리가보자토종순대국밥,"강원특별자치도 춘천시 동광길 7, 1층 (후평동)",강원특별자치도 춘천시 후평동 745-9 ,033-255-6200,한식,2026-05-27
일반음식점,꾸아춘천점,"강원특별자치도 춘천시 옥천길 1, 1층 (중앙로1가)",강원특별자치도 춘천시 중앙로1가 90-2 ,,"외국음식전문점(인도,태국등)",2026-05-27
일반음식점,캐슬바,"강원특별자치도 춘천시 스무숲1길 36-9, 1층 (석사동)",강원특별자치도 춘천시 석사동 915-5 ,,정종/대포집/소주방,2026-05-27
일반음식점,현대메밀,"강원특별자치도 춘천시 남춘로5번길 29-1, 1층 (퇴계동)",강원특별자치도 춘천시 퇴계동 619-12 ,,기타,2026-05-27
일반음식점,명륜진사갈비후평점,"강원특별자치도 춘천시 후석로228번길 3, 1층 (후평동)",강원특별자치도 춘천시 후평동 891-10 ,,기타,2026-05-27
일반음식점,정성카츠춘천효자점,"강원특별자치도 춘천시 서부대성로 222, 1층 (효자동)",강원특별자치도 춘천시 효자동 627-5 ,,기타,2026-05-27
일반음식점,우리집,"강원특별자치도 춘천시 스무숲1길 4-13, 1층 (석사동)",강원특별자치도 춘천시 석사동 909-9 ,,기타,2026-05-27
일반음식점,강촌사골칼국수,"강원특별자치도 춘천시 남산면 강촌로 60, 1층",강원특별자치도 춘천시 남산면 강촌리 227-54 ,,한식,2026-05-27
일반음식점,수한우정육식당,"강원특별자치도 춘천시 우두1길 49, 1층 (우두동)",강원특별자치도 춘천시 우두동 1105-3 ,,식육(숯불구이),2026-05-27
일반음식점,마당육전막국수,"강원특별자치도 춘천시 남산면 햇골길 1-22, 1층",강원특별자치도 춘천시 남산면 서천리 470-2 ,,한식,2026-05-27
일반음식점,봄내포장마차,"강원특별자치도 춘천시 효자로 3, 1층 (퇴계동)",강원특별자치도 춘천시 퇴계동 1163-2 ,,기타,2026-05-27
일반음식점,화돈가든,"강원특별자치도 춘천시 우묵길78번길 11, 1층 (퇴계동)",강원특별자치도 춘천시 퇴계동 1137-4 ,,기타,2026-05-27
일반음식점,바우네나주곰탕춘천퇴계점,"강원특별자치도 춘천시 우묵길56번길 20, 1동 1층 (퇴계동)",강원특별자치도 춘천시 퇴계동 1191-1 ,,기타,2026-05-27
일반음식점,대관령만두,"강원특별자치도 춘천시 춘천로185번길 12-1, 1층 (운교동)",강원특별자치도 춘천시 운교동 187-2 , 033-241-4555,기타,2026-05-27
일반음식점,돼지꿈,"강원특별자치도 춘천시 신흥길 13, 1층 (우두동)",강원특별자치도 춘천시 우두동 1053-3 , 033-254-9993,기타,2026-05-27
일반음식점,신세계닭갈비,"강원특별자치도 춘천시 영서로2452번길 9, 1층 (근화동)",강원특별자치도 춘천시 근화동 744-7 ,,식육(숯불구이),2026-05-27
일반음식점,갓생맥주춘천후평점,"강원특별자치도 춘천시 보안길 77, 1층 가운데상가호 (후평동)",강원특별자치도 춘천시 후평동 702-7 ,,중국식,2026-05-27
일반음식점,다옴,"강원특별자치도 춘천시 공지로 111, 상가동 1층 108호 (석사동, 석사신우아파트)",강원특별자치도 춘천시 석사동 682-1 석사신우아파트 , 033-261-2006,한식,2026-05-27
일반음식점,자가제빵선명희피자춘천효자점,"강원특별자치도 춘천시 서부대성로 222-1, 1층 오른쪽상가호 (효자동)",강원특별자치도 춘천시 효자동 627-6 , 033-818-8801,기타,2026-05-27
일반음식점,해물도,"강원특별자치도 춘천시 스무숲3길 26, 1층 (석사동)",강원특별자치도 춘천시 석사동 958-1 ,,기타,2026-05-27
일반음식점,페리토(perrito),"강원특별자치도 춘천시 동내면 금촌로 179, 1층",강원특별자치도 춘천시 동내면 거두리 301-1 ,,기타,2026-05-27
일반음식점,노상치킨앤포차,"강원특별자치도 춘천시 삭주로 106, 1층 102호 (후평동)",강원특별자치도 춘천시 후평동 854-4 ,,한식,2026-05-27
일반음식점,버니하우스,"강원특별자치도 춘천시 서부대성로239번길 47-14, 1층 (후평동)",강원특별자치도 춘천시 후평동 67-60 ,,기타,2026-05-27
일반음식점,(뉴)진수성찬,"강원특별자치도 춘천시 공지로 450, 1층 우측상가호 (근화동)",강원특별자치도 춘천시 근화동 711-3 ,,한식,2026-05-27
일반음식점,콩쥐네식탁,"강원특별자치도 춘천시 새롬공원길 27, 1층 (석사동)",강원특별자치도 춘천시 석사동 830-1 ,,한식,2026-05-27
일반음식점,오삼겹,"강원특별자치도 춘천시 공지로451번길 8, 1층 (근화동)",강원특별자치도 춘천시 근화동 283-2 ,,식육(숯불구이),2026-05-27
일반음식점,비비큐(BBQ)춘천조양점,"강원특별자치도 춘천시 시청길12번길 14, 1층 (조양동)",강원특별자치도 춘천시 조양동 47-2 ,,기타,2026-05-27
일반음식점,춘천장스무숲본점,"강원특별자치도 춘천시 스무숲1길 40, 1층 (석사동)",강원특별자치도 춘천시 석사동 919-1 ,,한식,2026-05-27
일반음식점,더든든한밥상,"강원특별자치도 춘천시 공지로 349, 1층 (효자동)",강원특별자치도 춘천시 효자동 685-8 ,,한식,2026-05-27
일반음식점,명륜진사갈비 춘천우두점,강원특별자치도 춘천시 사우로 72-11 (우두동),강원특별자치도 춘천시 우두동 639-12 ,,식육(숯불구이),2026-05-27
일반음식점,마라천향미마라탕,"강원특별자치도 춘천시 중앙로67번길 18, 4동 2층 4206호 (죽림동, 브라운가)",강원특별자치도 춘천시 죽림동 189 브라운가 , 033-251-5855,기타,2026-05-27
일반음식점,후평포차,"강원특별자치도 춘천시 춘천로 340, B동 1층 (후평동)",강원특별자치도 춘천시 후평동 728-6 ,,기타,2026-05-27
일반음식점,고반식당춘천우두점,"강원특별자치도 춘천시 충열로91번길 77, 1층 (우두동)",강원특별자치도 춘천시 우두동 640-8 ,,식육(숯불구이),2026-05-27
일반음식점,누구나홀딱반한닭춘천우두점,"강원특별자치도 춘천시 우두6길 21, B동 1층 (우두동)",강원특별자치도 춘천시 우두동 1117-1 , 033-252-7770,호프/통닭,2026-05-27
일반음식점,흔적,"강원특별자치도 춘천시 중앙로77번길 41, 2층 (운교동)",강원특별자치도 춘천시 운교동 79-62 ,,한식,2026-05-27
일반음식점,샵카페,"강원특별자치도 춘천시 금강로 82, 2층 (운교동)",강원특별자치도 춘천시 운교동 171 ,,기타,2026-05-27
일반음식점,이자와춘천후평점,"강원특별자치도 춘천시 후석로 299-1, 1층 전면상가호 (후평동)",강원특별자치도 춘천시 후평동 793-2 ,,일식,2026-05-27
일반음식점,망향비빔국수남춘천점,"강원특별자치도 춘천시 안마산로 128, 1층 106호 (퇴계동)",강원특별자치도 춘천시 퇴계동 523-23 ,,한식,2026-05-27
일반음식점,몽둥이김밥앤토스트,"강원특별자치도 춘천시 동내면 영서로 1794, 2층",강원특별자치도 춘천시 동내면 학곡리 592 ,,분식,2026-05-27
일반음식점,굿모닝푸드,강원특별자치도 춘천시 삭주로 215-1 (후평동),강원특별자치도 춘천시 후평동 740-16 ,,한식,2026-05-27
일반음식점,위드제이에스1,"강원특별자치도 춘천시 우석로 32, 1층 101,102호 (석사동)",강원특별자치도 춘천시 석사동 98 ,,기타,2026-05-27
일반음식점,엄마식탁,"강원특별자치도 춘천시 퇴계로 201-1, 1층 (석사동)",강원특별자치도 춘천시 석사동 796-17 ,,한식,2026-05-27
일반음식점,라이키,"강원특별자치도 춘천시 삭주로 33, 1층 (교동)",강원특별자치도 춘천시 교동 136-12 ,,기타,2026-05-27
일반음식점,듀플로푸드카트(Duplo Food Cart),,강원특별자치도 춘천시 중도동 560 ,,기타,2026-05-27
일반음식점,꾸브라꼬숯불치킨,"강원특별자치도 춘천시 후석로 265, 1층 (후평동)",강원특별자치도 춘천시 후평동 838-9 ,,호프/통닭,2026-05-27
일반음식점,마마루스,"강원특별자치도 춘천시 동내면 거두길 276-19, 1층",강원특별자치도 춘천시 동내면 거두리 281 ,,식육(숯불구이),2026-05-27
일반음식점,공원미가,"강원특별자치도 춘천시 석사길5번길 19, 1층 (석사동)",강원특별자치도 춘천시 석사동 660 ,,한식,2026-05-27
일반음식점,수정초,"강원특별자치도 춘천시 충열로16번길 21-6, 1층 (우두동)",강원특별자치도 춘천시 우두동 1061-1 ,,한식,2026-05-27
일반음식점,까멜리아,"강원특별자치도 춘천시 보안길 36, 상가2동 101호 (후평동, 우미린뉴시티)",강원특별자치도 춘천시 후평동 912 우미린뉴시티 ,,기타,2026-05-27
일반음식점,하루가와스시,"강원특별자치도 춘천시 성심로47번길 93-4, 1층 (후평동)",강원특별자치도 춘천시 후평동 711-16 ,,일식,2026-05-27
일반음식점,만천리상회,"강원특별자치도 춘천시 동면 금베이길 50, 1층",강원특별자치도 춘천시 동면 만천리 191 ,,한식,2026-05-27
일반음식점,큰맘할매순대국춘천후평점,"강원특별자치도 춘천시 후만로 69, 1층 (후평동)",강원특별자치도 춘천시 후평동 798-14 ,,한식,2026-05-27
일반음식점,스시니쿠,"강원특별자치도 춘천시 명동길 28, 1층 (중앙로2가)",강원특별자치도 춘천시 중앙로2가 40 ,033-251-6888,일식,2026-05-27
일반음식점,삼색칼국수,"강원특별자치도 춘천시 벌말길 65-1, 1층 (석사동)",강원특별자치도 춘천시 석사동 644-4 ,,한식,2026-05-27
일반음식점,핸드썸메이드커피로스터스,"강원특별자치도 춘천시 새청말길 23, 103호 (우두동)",강원특별자치도 춘천시 우두동 381-2 ,033-255-7555,기타,2026-05-27
일반음식점,샘필드,"강원특별자치도 춘천시 신북읍 신샘밭로 646, 1,2층",강원특별자치도 춘천시 신북읍 천전리 118-24 ,,기타,2026-05-27
일반음식점,요선동국수옹심이,"강원특별자치도 춘천시 서부대성로44번길 22-1, 1층 좌측상가호 (요선동)",강원특별자치도 춘천시 요선동 13-15 ,,분식,2026-05-27
일반음식점,모미리막국수,"강원특별자치도 춘천시 만천로233번길 14, 1층 (후평동)",강원특별자치도 춘천시 후평동 752-6 ,,한식,2026-05-27
일반음식점,보드람치킨,"강원특별자치도 춘천시 지석로 85, 1층 112호 (석사동)",강원특별자치도 춘천시 석사동 888-4 ,,호프/통닭,2026-05-27
일반음식점,그랑프리식당,"강원특별자치도 춘천시 행촌로 27, 3층 (퇴계동)",강원특별자치도 춘천시 퇴계동 891-2 ,,기타,2026-05-27
일반음식점,춘천찐숯불닭갈비,"강원특별자치도 춘천시 행촌로32번길 5-26, 1층 102호 (퇴계동)",강원특별자치도 춘천시 퇴계동 905-10 ,,식육(숯불구이),2026-05-27
일반음식점,옥토넛키즈카페춘천점,"강원특별자치도 춘천시 춘주로 55, 3층 312,313호 (온의동)",강원특별자치도 춘천시 온의동 109 ,,키즈카페,2026-05-27
일반음식점,조선점쟁이강신무점술카페,"강원특별자치도 춘천시 후석로 63, 1층 (석사동)",강원특별자치도 춘천시 석사동 641-5 ,,기타,2026-05-27
일반음식점,봄봄한식부폐,"강원특별자치도 춘천시 공단로 70, 1층 102호 (후평동)",강원특별자치도 춘천시 후평동 224-2 , 033-244-9993,한식,2026-05-27
일반음식점,삼천동코다리찜,"강원특별자치도 춘천시 스포츠타운길 398, 1층 (삼천동)",강원특별자치도 춘천시 삼천동 190 ,,한식,2026-05-27
일반음식점,이랏샤이밤새,"강원특별자치도 춘천시 백령로138번길 36, 지하1층 (효자동)",강원특별자치도 춘천시 효자동 628-16 ,,기타,2026-05-27
일반음식점,한옥(cucina),"강원특별자치도 춘천시 약사고개길49번길 13, 1층 (약사동)",강원특별자치도 춘천시 약사동 17-13 ,,경양식,2026-05-27
일반음식점,팔구푸드,"강원특별자치도 춘천시 성심로 49, 2층 (효자동)",강원특별자치도 춘천시 효자동 756 ,,한식,2026-05-27
일반음식점,하루키를읽으면술집에,"강원특별자치도 춘천시 스무숲1길 8-6, 1층 (석사동)",강원특별자치도 춘천시 석사동 909-3 ,,한식,2026-05-27
일반음식점,카페96,"강원특별자치도 춘천시 공지로 96, 1층 101호 (석사동)",강원특별자치도 춘천시 석사동 292-6 ,,기타,2026-05-27
일반음식점,오시드래요,"강원특별자치도 춘천시 공지로242번길 25, 1층 (효자동)",강원특별자치도 춘천시 효자동 320-12 ,,한식,2026-05-27
일반음식점,은쿡,"강원특별자치도 춘천시 벌말길 47, 1층 (석사동)",강원특별자치도 춘천시 석사동 651-10 , 033-264-5355,한식,2026-05-27
일반음식점,개미다실,"강원특별자치도 춘천시 중앙로 161, 2층 (근화동)",강원특별자치도 춘천시 근화동 709-3 ,,기타,2026-05-27
일반음식점,주류상회비춘천점,"강원특별자치도 춘천시 방송길 77, 1층 1101호 (온의동, 춘천 센트럴타워 푸르지오)",강원특별자치도 춘천시 온의동 601 춘천 센트럴타워 푸르지오 ,,기타,2026-05-27
일반음식점,오늘도한잔,"강원특별자치도 춘천시 아침길 18, 1층 2호 (조양동)",강원특별자치도 춘천시 조양동 6-60 ,,정종/대포집/소주방,2026-05-27
일반음식점,수옛날통닭,"강원특별자치도 춘천시 안마산로 107-1, 1층 104호 (퇴계동)",강원특별자치도 춘천시 퇴계동 451-3 ,,호프/통닭,2026-05-27
일반음식점,가일닭강정&치킨,"강원특별자치도 춘천시 벌말길 95, 1층 (석사동)",강원특별자치도 춘천시 석사동 700 , 033-253-8905,호프/통닭,2026-05-27
일반음식점,별난만두&봉평막국수,"강원특별자치도 춘천시 서부대성로 253, 1층 (효자동)",강원특별자치도 춘천시 효자동 633-13 , 033-244-7188,분식,2026-05-27
일반음식점,히말라야인도요리,"강원특별자치도 춘천시 금강로 42, 2층 (중앙로2가)",강원특별자치도 춘천시 중앙로2가 115 , 033-241-3058,"외국음식전문점(인도,태국등)",2026-05-27
일반음식점,황금돼지분식,"강원특별자치도 춘천시 공지로 149-1, 1층 (석사동)",강원특별자치도 춘천시 석사동 677 ,,분식,2026-05-27
일반음식점,안나수제비,"강원특별자치도 춘천시 충혼길 50, 1층 (온의동)",강원특별자치도 춘천시 온의동 541-5 ,,한식,2026-05-27
일반음식점,피그램,"강원특별자치도 춘천시 우석로79번길 20, 1층 (석사동)",강원특별자치도 춘천시 석사동 736-12 ,,식육(숯불구이),2026-05-27
일반음식점,계절국수,"강원특별자치도 춘천시 춘천로296번길 9, 1층 (후평동)",강원특별자치도 춘천시 후평동 691-2 ,,한식,2026-05-27
일반음식점,맑은농가셀프식당,"강원특별자치도 춘천시 동내면 학곡서3길 4, 1층 좌측상가호",강원특별자치도 춘천시 동내면 학곡리 319-2 ,,식육(숯불구이),2026-05-27
일반음식점,일품양평해장국,"강원특별자치도 춘천시 안마산로 128, 1층 108호 (퇴계동)",강원특별자치도 춘천시 퇴계동 523-23 ,,한식,2026-05-27
일반음식점,고기듬뿍국물두루치기,"강원특별자치도 춘천시 서부대성로 207-1, 1층 우측상가호 (효자동)",강원특별자치도 춘천시 효자동 618-5 ,,한식,2026-05-27
일반음식점,신촌짬뽕,"강원특별자치도 춘천시 동내면 향군길 11, 1층 우측호",강원특별자치도 춘천시 동내면 신촌리 395-5 ,,중국식,2026-05-27
일반음식점,낭만국시별관,"강원특별자치도 춘천시 명동길 30-2, 1층 (중앙로2가)",강원특별자치도 춘천시 중앙로2가 42-7 ,,한식,2026-05-27
일반음식점,황토집소머리곰탕,"강원특별자치도 춘천시 동내면 원창고개길 109, 1층",강원특별자치도 춘천시 동내면 학곡리 104-3 ,,한식,2026-05-27
일반음식점,퇴계맥주,"강원특별자치도 춘천시 안마산로 169-6, 101호 (퇴계동)",강원특별자치도 춘천시 퇴계동 152-26 ,,호프/통닭,2026-05-27
일반음식점,파인트리,"강원특별자치도 춘천시 소양로 16, 1층 (근화동)",강원특별자치도 춘천시 근화동 734 ,,기타,2026-05-27
일반음식점,너울숲,"강원특별자치도 춘천시 동부시장길 8, 84호 (운교동, 동부시장현대아파트)",강원특별자치도 춘천시 운교동 183 동부시장현대아파트 ,,한식,2026-05-27
일반음식점,도도리감자국,"강원특별자치도 춘천시 동면 춘천로449번길 15-1, 1층",강원특별자치도 춘천시 동면 장학리 1001-1 ,,한식,2026-05-27
일반음식점,전주장작불곰탕춘천1호점,"강원특별자치도 춘천시 신북읍 영서로 3258, 1층",강원특별자치도 춘천시 신북읍 용산리 257-11 ,,한식,2026-05-27
일반음식점,봄테이블(춘천점),"강원특별자치도 춘천시 공지로 322, 1층 우측상가호 (효자동)",강원특별자치도 춘천시 효자동 700-5 ,,분식,2026-05-27
일반음식점,노랑통닭우두점,"강원특별자치도 춘천시 우두1길 140, 210동 110호 (우두동, 춘천우두 EG the1 2차)",강원특별자치도 춘천시 우두동 1087 춘천우두 EG the1 2차 , 033-243-9229,호프/통닭,2026-05-27
일반음식점,진진칼국수,"강원특별자치도 춘천시 동내면 거두택지길 39, 1층 105호",강원특별자치도 춘천시 동내면 거두리 1090-3 ,,한식,2026-05-27
일반음식점,오월학교새둥지,"강원특별자치도 춘천시 약사고개길50번길 10-1, 1층 (약사동)",강원특별자치도 춘천시 약사동 94-5 ,,한식,2026-05-27
일반음식점,갯벌의조개춘천장학점,"강원특별자치도 춘천시 동면 춘천로449번길 30-2, 101,102호",강원특별자치도 춘천시 동면 장학리 995 ,033-254-5517,한식,2026-05-27
일반음식점,온의주택,"강원특별자치도 춘천시 춘주로92번길 10, 1층 좌측상가호 (온의동)",강원특별자치도 춘천시 온의동 538-3 ,,한식,2026-05-27
일반음식점,청화,"강원특별자치도 춘천시 동내면 외솔길19번길 49-14, 1층",강원특별자치도 춘천시 동내면 거두리 1020-6 ,,한식,2026-05-27
일반음식점,은이네,"강원특별자치도 춘천시 백령로 212, 1층 102호 (후평동)",강원특별자치도 춘천시 후평동 67-11 ,,분식,2026-05-27
일반음식점,자옥이네,"강원특별자치도 춘천시 소양로 184-1, 1층 1호 (소양로1가)",강원특별자치도 춘천시 소양로1가 95-10 ,,한식,2026-05-27
일반음식점,돈오락쪽갈비춘천점,"강원특별자치도 춘천시 공지로 272, 1층 101호 (효자동)",강원특별자치도 춘천시 효자동 310-2 , 033-263-6308,한식,2026-05-27
일반음식점,진주식당,"강원특별자치도 춘천시 사우벌길 107, 2동 1층 (우두동)",강원특별자치도 춘천시 우두동 791-4 ,,한식,2026-05-27
일반음식점,어화담92,"강원특별자치도 춘천시 동내면 거두택지길 93-3, 1층",강원특별자치도 춘천시 동내면 거두리 1111-5 , 033-262-7375,한식,2026-05-27
일반음식점,거제해녀집,"강원특별자치도 춘천시 신흥길 11, 1층 (우두동)",강원특별자치도 춘천시 우두동 1053-4 ,,기타,2026-05-27
일반음식점,스텔라떡볶이강원춘천퇴계온의점,"강원특별자치도 춘천시 퇴계로 240, 1층 102호 (석사동)",강원특별자치도 춘천시 석사동 822-2 ,,분식,2026-05-27
일반음식점,아담만두춘천석사점,"강원특별자치도 춘천시 지석로 75, 1층 111호 (석사동)",강원특별자치도 춘천시 석사동 880-5 ,,분식,2026-05-27
일반음식점,다맛골,"강원특별자치도 춘천시 옛경춘로 549, 1층 (칠전동)",강원특별자치도 춘천시 칠전동 495-2 ,,한식,2026-05-27
일반음식점,풍경1961,"강원특별자치도 춘천시 방송길7번길 10, 1층 (중앙로3가)",강원특별자치도 춘천시 중앙로3가 78-9 ,,기타,2026-05-27
일반음식점,백년장칼국수,"강원특별자치도 춘천시 동면 만천로143번길 48, 1층 102호",강원특별자치도 춘천시 동면 만천리 896-4 ,,한식,2026-05-27
일반음식점,홀인원,"강원특별자치도 춘천시 옛경춘로 549, 지하1층 (칠전동)",강원특별자치도 춘천시 칠전동 495-2 ,,기타,2026-05-27
일반음식점,여울,"강원특별자치도 춘천시 벌말길 62, 1층 (석사동)",강원특별자치도 춘천시 석사동 641-7 ,,횟집,2026-05-27
일반음식점,바다상회,"강원특별자치도 춘천시 동내면 춘천순환로72번길 34-9, 1층",강원특별자치도 춘천시 동내면 거두리 948-4 ,,일식,2026-05-27
일반음식점,명륜춘천소양로점,"강원특별자치도 춘천시 소양로 124, 1층 (소양로2가)",강원특별자치도 춘천시 소양로2가 156-10 ,,식육(숯불구이),2026-05-27
일반음식점,고기반김치반김치찜,"강원특별자치도 춘천시 효자로 93-1, 1층 (효자동)",강원특별자치도 춘천시 효자동 663-7 , 033-253-2535,한식,2026-05-27
일반음식점,한우야,"강원특별자치도 춘천시 안마산로 213, 1층 125호 (퇴계동)",강원특별자치도 춘천시 퇴계동 79 , 033-261-9222,식육(숯불구이),2026-05-27
일반음식점,정원달빛,"강원특별자치도 춘천시 동내면 거두택지길 53, 1층 101호",강원특별자치도 춘천시 동내면 거두리 1096-1 ,,기타,2026-05-27
일반음식점,담가화로구이춘천퇴계점,"강원특별자치도 춘천시 퇴계로93번길 4-6, 1층 (퇴계동)",강원특별자치도 춘천시 퇴계동 1095 ,,식육(숯불구이),2026-05-27
일반음식점,기영이 숯불두마리치킨 춘천소양점,"강원특별자치도 춘천시 소양로 190, 춘천역스마트하우스오피스텔 1층 111호 (소양로1가)",강원특별자치도 춘천시 소양로1가 94-6 춘천역스마트하우스오피스텔 , 033-252-0710,호프/통닭,2026-05-27
일반음식점,여기빵집,"강원특별자치도 춘천시 남춘로26번길 16, 1층 101(우측)호 (퇴계동)",강원특별자치도 춘천시 퇴계동 1080 ,,기타,2026-05-27
일반음식점,불굴의차여사감자탕,"강원특별자치도 춘천시 동내면 춘천순환로 132, 좌측호",강원특별자치도 춘천시 동내면 거두리 1105-1 ,,한식,2026-05-27
일반음식점,버치앤브레드,"강원특별자치도 춘천시 동내면 순환대로 630, 1층",강원특별자치도 춘천시 동내면 학곡리 5-63 , 033-264-3012,기타,2026-05-27
일반음식점,미분당춘천점,"강원특별자치도 춘천시 중앙로 32, 1층 103호 (요선동)",강원특별자치도 춘천시 요선동 9-3 ,,기타,2026-05-27
일반음식점,유천냉면우두점,"강원특별자치도 춘천시 사우3길 33-14, 1층 (사농동)",강원특별자치도 춘천시 사농동 60-5 , 033-255-6025,한식,2026-05-27
일반음식점,아람푸드,"강원특별자치도 춘천시 칠전서2길 4, 1층 (칠전동)",강원특별자치도 춘천시 칠전동 588-5 ,,기타,2026-05-27
일반음식점,춘천장칼국수,"강원특별자치도 춘천시 신동면 정족길 180, 1층",강원특별자치도 춘천시 신동면 정족리 606 ,,한식,2026-05-27
일반음식점,스시욱,"강원특별자치도 춘천시 퇴계농공로 22, 1층 103호 (석사동)",강원특별자치도 춘천시 석사동 880-4 ,,일식,2026-05-27
일반음식점,인생아구찜춘천점,"강원특별자치도 춘천시 백령로 215, 상가2동 106호 (후평동, 춘천일성트루엘더퍼스트아파트)",강원특별자치도 춘천시 후평동 910 춘천일성트루엘더퍼스트아파트 ,,한식,2026-05-27
일반음식점,도나커피,"강원특별자치도 춘천시 칠전동길 5, 1층 (칠전동)",강원특별자치도 춘천시 칠전동 639-7 ,,기타,2026-05-27
일반음식점,마방,"강원특별자치도 춘천시 중앙로27번길 9-3, 1층 (옥천동)",강원특별자치도 춘천시 옥천동 42-8 ,,한식,2026-05-27
일반음식점,만원푸드,"강원특별자치도 춘천시 소양로 214-1, 1층 (소양로1가)",강원특별자치도 춘천시 소양로1가 93-13 ,033-255-6002,분식,2026-05-27
일반음식점,칠전밥집,"강원특별자치도 춘천시 칠전서길 15-1, 1층 (칠전동)",강원특별자치도 춘천시 칠전동 622-1 ,,한식,2026-05-27
일반음식점,서대문김치찜&김치찌개춘천점,"강원특별자치도 춘천시 서부대성로 201, 1층 (효자동)",강원특별자치도 춘천시 효자동 615-1 ,,한식,2026-05-27
일반음식점,정케어푸드,"강원특별자치도 춘천시 퇴계로146번길 8-6, 1층 (퇴계동)",강원특별자치도 춘천시 퇴계동 975-8 ,,한식,2026-05-27
일반음식점,프렌즈스크린퀸텀애막골점,"강원특별자치도 춘천시 우석로 32, 4층 410호 (석사동)",강원특별자치도 춘천시 석사동 98-2 ,,기타,2026-05-27
일반음식점,크라크라농어촌민박,"강원특별자치도 춘천시 서면 율장길 266, 5동",강원특별자치도 춘천시 서면 안보리 349 ,033-263-5322,한식,2026-05-27
일반음식점,유리네돌판생삼겹,"강원특별자치도 춘천시 충혼길8번길 5, 1층 (퇴계동)",강원특별자치도 춘천시 퇴계동 873-2 ,033-252-2229,식육(숯불구이),2026-05-27
일반음식점,일선갈비,"강원특별자치도 춘천시 애막골길7번길 31, 1층 (석사동)",강원특별자치도 춘천시 석사동 737-4 ,,식육(숯불구이),2026-05-27
일반음식점,보울릭포케&아사이볼,"강원특별자치도 춘천시 방송길 77, 상가동 1층 1302호 (온의동, 춘천 센트럴타워 푸르지오)",강원특별자치도 춘천시 온의동 601 춘천 센트럴타워 푸르지오 ,,기타,2026-05-27
일반음식점,동춘당샤브샤브칼국수강촌IC점,"강원특별자치도 춘천시 남면 소주고개로 17-11, 1동 1층",강원특별자치도 춘천시 남면 발산리 254-1 ,033-263-7771,한식,2026-05-27
일반음식점,레드닥스후평점,"강원특별자치도 춘천시 동광길 12, 1층 (후평동)",강원특별자치도 춘천시 후평동 747-10 ,,호프/통닭,2026-05-27
일반음식점,미가동치미막국수,"강원특별자치도 춘천시 돌담길 7, 1층 (효자동)",강원특별자치도 춘천시 효자동 155-3 ,,한식,2026-05-27
일반음식점,골목횟집,"강원특별자치도 춘천시 우두3길 13, 1층 (우두동)",강원특별자치도 춘천시 우두동 1097-3 , 033-251-5593,횟집,2026-05-27
일반음식점,1995아이씨푸드(IC푸드),"강원특별자치도 춘천시 서부대성로44번길 5-2, 1층 (요선동)",강원특별자치도 춘천시 요선동 8-54 ,,분식,2026-05-27
일반음식점,비엔아이미니바(B&I미니바),"강원특별자치도 춘천시 소양강로 10, 2층 203호 (후평동)",강원특별자치도 춘천시 후평동 623-4 , 033-242-2557,기타,2026-05-27
일반음식점,생삼겹구루온의점,"강원특별자치도 춘천시 방송길 70, 117동 112(우측)호 (온의동, 온의 롯데캐슬 스카이클래스)",강원특별자치도 춘천시 온의동 590 온의 롯데캐슬 스카이클래스 ,,기타,2026-05-27
일반음식점,이안테케이터링,"강원특별자치도 춘천시 영서로 2153, 1층 104호 (퇴계동)",강원특별자치도 춘천시 퇴계동 418-6 ,,뷔페식,2026-05-27
일반음식점,춘천장어직판장,"강원특별자치도 춘천시 동면 춘천순환로 432, 1층",강원특별자치도 춘천시 동면 만천리 420 ,,기타,2026-05-27
일반음식점,방가네소고기국밥춘천퇴계점,"강원특별자치도 춘천시 춘주로187번길 9, 1층 (퇴계동)",강원특별자치도 춘천시 퇴계동 907 ,,한식,2026-05-27
일반음식점,꽃님이분식,"강원특별자치도 춘천시 백령로 188, 1층 2호 (후평동)",강원특별자치도 춘천시 후평동 67-54 ,033-255-1210,분식,2026-05-27
일반음식점,남도식김치찜&김치찌개,"강원특별자치도 춘천시 후석로 68-1, 1층 (석사동)",강원특별자치도 춘천시 석사동 433-3 ,,한식,2026-05-27
일반음식점,춘천행복수산,"강원특별자치도 춘천시 서부대성로 206, 1층 (효자동)",강원특별자치도 춘천시 효자동 617-4 ,,횟집,2026-05-27
일반음식점,강연우동태찌개춘천점,"강원특별자치도 춘천시 우두5길 36, 1층 108,109호 (우두동)",강원특별자치도 춘천시 우두동 1110 ,,한식,2026-05-27
일반음식점,카페라피스(cafe_Lapis),"강원특별자치도 춘천시 애막골길20번길 9-1, 1층 상가 (석사동)",강원특별자치도 춘천시 석사동 756-12 ,,기타,2026-05-27
일반음식점,함지박이벤트,"강원특별자치도 춘천시 동내면 거두길 106-2, 1층 101호",강원특별자치도 춘천시 동내면 거두리 591-2 ,,뷔페식,2026-05-27
일반음식점,사거리횟집퇴계점,"강원특별자치도 춘천시 행촌로 39, 1층 (퇴계동)",강원특별자치도 춘천시 퇴계동 890-1 ,,횟집,2026-05-27
일반음식점,커피베레카(Kaffa Bereka),"강원특별자치도 춘천시 애막골길3번길 18, 1층 (석사동)",강원특별자치도 춘천시 석사동 740-18 ,,기타,2026-05-27
일반음식점,본죽앤비빔밥춘천엔타점,"강원특별자치도 춘천시 후석로 120, 1층 107-1호 (석사동)",강원특별자치도 춘천시 석사동 980 ,,한식,2026-05-27
일반음식점,스텔라떡볶이강원춘천강대후평점,"강원특별자치도 춘천시 백령로 215, 상가3동 1층 104호 (후평동, 춘천일성트루엘더퍼스트아파트)",강원특별자치도 춘천시 후평동 910 춘천일성트루엘더퍼스트아파트 ,,분식,2026-05-27
일반음식점,온스트릿(onstreet),"강원특별자치도 춘천시 퇴계로93번길 8, 1층 105호 (퇴계동)",강원특별자치도 춘천시 퇴계동 1085 ,033-261-3185,횟집,2026-05-27
일반음식점,화천두부집,"강원특별자치도 춘천시 우석로85번길 19-6, 1층 (석사동)",강원특별자치도 춘천시 석사동 729-4 ,,한식,2026-05-27
일반음식점,애플꼬마김밥춘천점,"강원특별자치도 춘천시 후석로 296, 1층 (후평동)",강원특별자치도 춘천시 후평동 794-6 ,033-241-5085,분식,2026-05-27
일반음식점,장학리굽자네밥집,"강원특별자치도 춘천시 동면 춘천로 447, 1층 101호",강원특별자치도 춘천시 동면 장학리 1008 ,033-244-5244,한식,2026-05-27
일반음식점,봄봄한식부페,"강원특별자치도 춘천시 만천로205번길 5, 1층 (후평동)",강원특별자치도 춘천시 후평동 738-3 ,,한식,2026-05-27
일반음식점,어컵오브티(a cup of Tea),"강원특별자치도 춘천시 백령로 33-1, 1층 (효자동)",강원특별자치도 춘천시 효자동 176-46 ,,기타,2026-05-27
일반음식점,온숯카츠,"강원특별자치도 춘천시 백령로138번길 9, 1층 (효자동)",강원특별자치도 춘천시 효자동 625-4 ,,일식,2026-05-27
일반음식점,푸릉,"강원특별자치도 춘천시 삭주로80번길 14-6, 1층 (교동)",강원특별자치도 춘천시 교동 156-8 ,,한식,2026-05-27
일반음식점,호원가든닭갈비,"강원특별자치도 춘천시 남산면 북한강변길 344, 1,2층",강원특별자치도 춘천시 남산면 서천리 28-25 ,,식육(숯불구이),2026-05-27
일반음식점,연2호점,"강원특별자치도 춘천시 동면 가산로 15, 1층",강원특별자치도 춘천시 동면 지내리 124-4 ,033-242-1241,중국식,2026-05-27
일반음식점,만점,"강원특별자치도 춘천시 퇴계로93번길 20-29, 1층 (퇴계동)",강원특별자치도 춘천시 퇴계동 395-28 ,,한식,2026-05-27
일반음식점,봉의소뼈해장국,"강원특별자치도 춘천시 후석로 367-1, 1층 (후평동)",강원특별자치도 춘천시 후평동 704-10 ,033-252-5055,한식,2026-05-27
일반음식점,향온테라스,"강원특별자치도 춘천시 사북면 솔바우길 142-17, 1층",강원특별자치도 춘천시 사북면 송암리 509-12 ,,기타,2026-05-27
일반음식점,골드차이나,"강원특별자치도 춘천시 퇴계로145번길 3-4, 1층 (퇴계동)",강원특별자치도 춘천시 퇴계동 961-8 ,,중국식,2026-05-27
일반음식점,낭만국시별관2호점,"강원특별자치도 춘천시 명동길29번길 2-1, 1층 (죽림동)",강원특별자치도 춘천시 죽림동 11-118 ,,분식,2026-05-27
일반음식점,울산생아구찜,"강원특별자치도 춘천시 스무숲4길 14, 1층 (석사동)",강원특별자치도 춘천시 석사동 951-3 ,,한식,2026-05-27
일반음식점,카페오픈,"강원특별자치도 춘천시 중앙로 36-1, 1층 (요선동)",강원특별자치도 춘천시 요선동 15-3 ,,기타,2026-05-27
일반음식점,담청,"강원특별자치도 춘천시 동내면 거두길 22, 1층",강원특별자치도 춘천시 동내면 거두리 660-5 ,,한식,2026-05-27
일반음식점,래우니(Reawoony),"강원특별자치도 춘천시 애막골길7번길 20-1, 좌측상가호 (석사동)",강원특별자치도 춘천시 석사동 741-1 ,,경양식,2026-05-27
일반음식점,보름달타코야끼,"강원특별자치도 춘천시 서부대성로48번길 4-4, 1층 (요선동)",강원특별자치도 춘천시 요선동 8-9 ,,분식,2026-05-27
일반음식점,모카옌1878,"강원특별자치도 춘천시 중앙로 116, 1층 (소양로4가)",강원특별자치도 춘천시 소양로4가 108-6 ,,기타,2026-05-27
일반음식점,데일리,"강원특별자치도 춘천시 퇴계로 220-16, 현대아파트 상가동 201호 (석사동)",강원특별자치도 춘천시 석사동 813 현대아파트 ,,기타,2026-05-27
일반음식점,우두밥,"강원특별자치도 춘천시 신흥길5번길 5, 1층 (우두동)",강원특별자치도 춘천시 우두동 1057-1 ,,한식,2026-05-27
일반음식점,전주콩나물국밥장학점,"강원특별자치도 춘천시 동면 춘천로 451, 1층 101.102호",강원특별자치도 춘천시 동면 장학리 1007-2 ,,한식,2026-05-27
일반음식점,볶까스,"강원특별자치도 춘천시 효자로 93-1, 1층 (효자동)",강원특별자치도 춘천시 효자동 663-7 ,033-253-2535,분식,2026-05-27
일반음식점,홍어랑,"강원특별자치도 춘천시 영서로 2793, 1층 105호 (우두동, 두미르마을)",강원특별자치도 춘천시 우두동 742-1 두미르마을 ,,횟집,2026-05-27
일반음식점,유부라동,"강원특별자치도 춘천시 백령로138번길 49, 1층 (효자동)",강원특별자치도 춘천시 효자동 631-14 ,,분식,2026-05-27
일반음식점,츄러스아저씨,"강원특별자치도 춘천시 명동길 9, 1층 (조양동)",강원특별자치도 춘천시 조양동 51-1 ,,기타,2026-05-27
일반음식점,몬나니젤라또,"강원특별자치도 춘천시 퇴계농공로 9, 1층 109호 (석사동)",강원특별자치도 춘천시 석사동 885-3 ,,기타,2026-05-27
일반음식점,미가쭈꾸미앤삼겹살,"강원특별자치도 춘천시 우두6길 5, 1층 102호 (우두동)",강원특별자치도 춘천시 우두동 1117-3 ,,한식,2026-05-27
일반음식점,엠브로돈까스춘천퇴계점,"강원특별자치도 춘천시 퇴계로93번길 10-8, 1층 101,102호 (퇴계동)",강원특별자치도 춘천시 퇴계동 1090 ,,분식,2026-05-27
일반음식점,스크린그늘집,"강원특별자치도 춘천시 칠전동길 12-6, 1층 (칠전동)",강원특별자치도 춘천시 칠전동 527-1 ,,기타,2026-05-27
일반음식점,호텔앤화담,"강원특별자치도 춘천시 효자로 136, B1층 2호 (효자동)",강원특별자치도 춘천시 효자동 651 ,033-255-9600,한식,2026-05-27
일반음식점,헬로베이크샵,"강원특별자치도 춘천시 시청길 28, 1층 (조양동)",강원특별자치도 춘천시 조양동 6-113 ,,기타,2026-05-27
일반음식점,요리의발견,"강원특별자치도 춘천시 벌말길 61-1, 1층 (석사동)",강원특별자치도 춘천시 석사동 644-7 ,,한식,2026-05-27
일반음식점,뽁당볶음밥춘천점,"강원특별자치도 춘천시 서부대성로 144, 나동 1층 (운교동)",강원특별자치도 춘천시 운교동 206 ,,한식,2026-05-27
일반음식점,밥구정로데오 춘천효자점,"강원특별자치도 춘천시 효제길 13, 1층 (효자동)",강원특별자치도 춘천시 효자동 150-10 ,,한식,2026-05-27
일반음식점,훌랄라참숯치킨(춘천효자점),"강원특별자치도 춘천시 효평길 43, 1층 102호 (효자동)",강원특별자치도 춘천시 효자동 750-9 ,,분식,2026-05-27
일반음식점,클릭,"강원특별자치도 춘천시 남산면 북한강변길 68-5, 1층",강원특별자치도 춘천시 남산면 서천리 656 ,,기타,2026-05-27
일반음식점,이디야춘천고은점,"강원특별자치도 춘천시 동내면 고은길 168, 1,2층",강원특별자치도 춘천시 동내면 사암리 148-3 ,,경양식,2026-05-27
일반음식점,마더제이레시피in춘천,"강원특별자치도 춘천시 선들길 44, 1층 (삼천동)",강원특별자치도 춘천시 삼천동 50-5 ,,기타,2026-05-27
일반음식점,마라도횟집,"강원특별자치도 춘천시 안마산로 189, 1층 103호 (퇴계동)",강원특별자치도 춘천시 퇴계동 140-23 ,,횟집,2026-05-27
일반음식점,은희네한식뷔페,"강원특별자치도 춘천시 동면 춘천순환로 613, 1층 101호",강원특별자치도 춘천시 동면 장학리 1007-7 ,,뷔페식,2026-05-27
일반음식점,선비칼국수춘천엔타점,"강원특별자치도 춘천시 후석로 120, 2층 211-2호 (석사동)",강원특별자치도 춘천시 석사동 980 ,,한식,2026-05-27
일반음식점,LU'VEAT(러빗),"강원특별자치도 춘천시 중앙로 41-3, 2층 (중앙로1가)",강원특별자치도 춘천시 중앙로1가 74 ,,기타,2026-05-27
일반음식점,글로벌라운지,"강원특별자치도 춘천시 중앙로 26, 1층 (요선동)",강원특별자치도 춘천시 요선동 7-7 ,,기타,2026-05-27
일반음식점,돌담길,"강원특별자치도 춘천시 석사길5번길 32, 1층 (석사동)",강원특별자치도 춘천시 석사동 666 ,,한식,2026-05-27
일반음식점,해방,"강원특별자치도 춘천시 춘주로 129, 1층 (퇴계동)",강원특별자치도 춘천시 퇴계동 884-2 ,,기타,2026-05-27
일반음식점,진미가솥밭,"강원특별자치도 춘천시 삭주로 184, 1층 (후평동)",강원특별자치도 춘천시 후평동 730-6 ,,한식,2026-05-27
일반음식점,수제버거락벅,"강원특별자치도 춘천시 새롬공원길 10, 1층 우측상가호 (석사동)",강원특별자치도 춘천시 석사동 848-3 ,,기타,2026-05-27
일반음식점,그라시아브런치카페,"강원특별자치도 춘천시 우두5길 36, 1층 107호 (우두동)",강원특별자치도 춘천시 우두동 1110 ,,기타,2026-05-27
일반음식점,큐슈울트라아멘춘천명동점,"강원특별자치도 춘천시 중앙로67번길 9, A동 1층 (조양동)",강원특별자치도 춘천시 조양동 144-3 ,,분식,2026-05-27
일반음식점,bhc춘천학곡점,"강원특별자치도 춘천시 동내면 영서로 1787, 1층",강원특별자치도 춘천시 동내면 학곡리 306-8 ,,호프/통닭,2026-05-27
일반음식점,먹고가,강원특별자치도 춘천시 동내면 순환대로 714,강원특별자치도 춘천시 동내면 고은리 566-112 ,,한식,2026-05-27
일반음식점,플레이스103(은하수카페),"강원특별자치도 춘천시 중앙로 지하 50-2, 다7 (중앙로2가)",강원특별자치도 춘천시 중앙로2가 116 다7 ,,기타,2026-05-27
일반음식점,러블리숑숑,"강원특별자치도 춘천시 근화길15번길 7, 1층 (근화동)",강원특별자치도 춘천시 근화동 282-12 ,,기타,2026-05-27
일반음식점,갯벌바지락칼국수,"강원특별자치도 춘천시 새롬공원길 13, 1층 (석사동)",강원특별자치도 춘천시 석사동 832-7 ,,한식,2026-05-27
일반음식점,진샘코다리춘천점,"강원특별자치도 춘천시 서부대성로 62, 1층 (옥천동)",강원특별자치도 춘천시 옥천동 40-1 ,,한식,2026-05-27
일반음식점,박달박가네숯불껍데기춘천퇴계점,"강원특별자치도 춘천시 퇴계로 41, 1층 가호 (퇴계동)",강원특별자치도 춘천시 퇴계동 1164 ,,정종/대포집/소주방,2026-05-27
일반음식점,북창동순두부모다아울렛점,"강원특별자치도 춘천시 방송길 77, 1층 1108호 (온의동, 춘천 센트럴타워 푸르지오)",강원특별자치도 춘천시 온의동 601 춘천 센트럴타워 푸르지오 ,,한식,2026-05-27
일반음식점,장터족발포차,"강원특별자치도 춘천시 번개시장길 31, 1층 (소양로1가)",강원특별자치도 춘천시 소양로1가 93-5 ,,정종/대포집/소주방,2026-05-27
일반음식점,40년조면장장칼국수석사점,"강원특별자치도 춘천시 새롬공원길 8, 1층 (석사동)",강원특별자치도 춘천시 석사동 848-4 ,,한식,2026-05-27
일반음식점,굽네치킨CGV점,"강원특별자치도 춘천시 승지골길16번길 16, 퇴계7단지주공아파트 상가동 1층 107호 (퇴계동)",강원특별자치도 춘천시 퇴계동 1025-2 퇴계7단지주공아파트 ,,호프/통닭,2026-05-27
일반음식점,봄이네,"강원특별자치도 춘천시 신북읍 배후령길 303, 1층",강원특별자치도 춘천시 신북읍 유포리 1167-29 ,,한식,2026-05-27
일반음식점,로얄소주방,"강원특별자치도 춘천시 서부대성로 133-4, 지하1층 (운교동)",강원특별자치도 춘천시 운교동 188-3 ,,정종/대포집/소주방,2026-05-27
일반음식점,카페다올,"강원특별자치도 춘천시 춘주로147번길 15, 1층 (퇴계동)",강원특별자치도 춘천시 퇴계동 905-7 ,,기타,2026-05-27
일반음식점,카페래빗가든(Cafe rabbit garden),"강원특별자치도 춘천시 후석로326번길 12-14, 1,2층 (후평동)",강원특별자치도 춘천시 후평동 79-10 ,,기타,2026-05-27
일반음식점,별식당춘천거두점,"강원특별자치도 춘천시 동내면 춘천순환로94번길 17, 1층",강원특별자치도 춘천시 동내면 거두리 1090-1 ,,일식,2026-05-27
일반음식점,두향칠전점,"강원특별자치도 춘천시 칠전동길 74, 1층 (칠전동)",강원특별자치도 춘천시 칠전동 99-3 ,,한식,2026-05-27
일반음식점,파쎄스위트,"강원특별자치도 춘천시 선들길 24-16, 1층 (삼천동)",강원특별자치도 춘천시 삼천동 47-23 ,,기타,2026-05-27
일반음식점,올리브식당,"강원특별자치도 춘천시 금강로 87-1, 1층 (운교동)",강원특별자치도 춘천시 운교동 167-3 ,,한식,2026-05-27
일반음식점,미미카츠,"강원특별자치도 춘천시 서부대성로 91, 1,2층 (조양동)",강원특별자치도 춘천시 조양동 3-24 ,,일식,2026-05-27
일반음식점,부꾸보꾸,"강원특별자치도 춘천시 효석로89번길 32, 1층 (석사동)",강원특별자치도 춘천시 석사동 649-7 ,,경양식,2026-05-27
일반음식점,이자카야봄날,"강원특별자치도 춘천시 우묵들길 40, 1층 (퇴계동)",강원특별자치도 춘천시 퇴계동 1138 ,,일식,2026-05-27
일반음식점,수짬뽕,"강원특별자치도 춘천시 공지로 276-3, 1층 (효자동)",강원특별자치도 춘천시 효자동 309-6 ,,중국식,2026-05-27
일반음식점,고미당,"강원특별자치도 춘천시 후석로59번길 9-3, 1층 (석사동)",강원특별자치도 춘천시 석사동 643 ,,기타,2026-05-27
일반음식점,구팔범,"강원특별자치도 춘천시 남산면 강촌로 104, 1층",강원특별자치도 춘천시 남산면 강촌리 338-11 ,,기타,2026-05-27
일반음식점,바게트하우스,"강원특별자치도 춘천시 삭주로 59-1, 1층 (교동)",강원특별자치도 춘천시 교동 93-177 ,,기타,2026-05-27
일반음식점,찌웅이네숯불두마리치킨,"강원특별자치도 춘천시 공지로218번길 26, 상가동 103호 (효자동, 효자코아루웰라움)",강원특별자치도 춘천시 효자동 823 효자코아루웰라움 ,,호프/통닭,2026-05-27
일반음식점,애식주,"강원특별자치도 춘천시 동면 춘천순환로 508, 1층",강원특별자치도 춘천시 동면 만천리 744 ,,한식,2026-05-27
일반음식점,샤브올데이춘천점,"강원특별자치도 춘천시 춘천로 12, 2층 (퇴계동)",강원특별자치도 춘천시 퇴계동 1188 ,033-242-1112,한식,2026-05-27
일반음식점,숲속외양간,"강원특별자치도 춘천시 동내면 춘천순환로 133, 1층 101호",강원특별자치도 춘천시 동내면 거두리 1058-2 ,,한식,2026-05-27
일반음식점,유유네,"강원특별자치도 춘천시 성심로47번길 104, 1층 (후평동)",강원특별자치도 춘천시 후평동 710-3 ,,기타,2026-05-27
일반음식점,길상이네밥상,"강원특별자치도 춘천시 신동면 김유정로 1417, A동 1층 104호",강원특별자치도 춘천시 신동면 증리 938-2 ,,한식,2026-05-27
일반음식점,햇고을푸드,"강원특별자치도 춘천시 남산면 햇골길 28, 1층",강원특별자치도 춘천시 남산면 서천리 633 ,,한식,2026-05-27
일반음식점,바닷가,"강원특별자치도 춘천시 퇴계로69번길 24, 1층 (퇴계동)",강원특별자치도 춘천시 퇴계동 350-5 ,,횟집,2026-05-27
일반음식점,고기마루,"강원특별자치도 춘천시 옛경춘로 740, 주건축물제3동 1층 (삼천동)",강원특별자치도 춘천시 삼천동 70 ,,식육(숯불구이),2026-05-27
일반음식점,돼지마루,"강원특별자치도 춘천시 충열로16번길 5-19, 1층 (우두동)",강원특별자치도 춘천시 우두동 1065-10 ,,식육(숯불구이),2026-05-27
일반음식점,만천한식뷔페,"강원특별자치도 춘천시 동면 만천로 179, 2층",강원특별자치도 춘천시 동면 만천리 802-4 ,,한식,2026-05-27
일반음식점,유키소바,"강원특별자치도 춘천시 스무숲1길 63-1, 2층 (석사동)",강원특별자치도 춘천시 석사동 927-6 ,,일식,2026-05-27
일반음식점,디에스푸드(DS FOOD),"강원특별자치도 춘천시 서부대성로 182-1, 1층 (효자동)",강원특별자치도 춘천시 효자동 608-17 ,,기타,2026-05-27
일반음식점,인생역전,"강원특별자치도 춘천시 세실로 188-1, 1층 (후평동)",강원특별자치도 춘천시 후평동 883-9 ,,정종/대포집/소주방,2026-05-27
일반음식점,두가지딜리버리,"강원특별자치도 춘천시 춘주로91번길 12, 1층 (온의동)",강원특별자치도 춘천시 온의동 522-5 ,,기타,2026-05-27
일반음식점,오드리뮤직캠프,"강원특별자치도 춘천시 영서로2753번길 8, 4,5층 (우두동)",강원특별자치도 춘천시 우두동 1057-4 ,,라이브카페,2026-05-27
일반음식점,춘젤라또,"강원특별자치도 춘천시 후석로 304, 1층 106호 (후평동)",강원특별자치도 춘천시 후평동 67-8 ,,기타,2026-05-27
일반음식점,서윤정식,"강원특별자치도 춘천시 소양강로 10, 1층 106호 (후평동)",강원특별자치도 춘천시 후평동 623-4 ,,한식,2026-05-27
일반음식점,일품대패춘천점,"강원특별자치도 춘천시 세실로208번길 4, 1층 (후평동)",강원특별자치도 춘천시 후평동 877 ,,식육(숯불구이),2026-05-27
일반음식점,마삼내막국수,"강원특별자치도 춘천시 스포츠타운길 278, 1층 (삼천동)",강원특별자치도 춘천시 삼천동 417 ,,한식,2026-05-27
일반음식점,한끼덮밥,"강원특별자치도 춘천시 금강로 43, 1,2층 (요선동)",강원특별자치도 춘천시 요선동 18-16 ,,한식,2026-05-27
일반음식점,토핑스,"강원특별자치도 춘천시 서부대성로 214, 1층 우측상가호 (효자동)",강원특별자치도 춘천시 효자동 617-11 ,,한식,2026-05-27
일반음식점,소곱창대가&악마의곱도리탕&대창을품은떡볶이,"강원특별자치도 춘천시 서부대성로 144, 나동 1층 (운교동)",강원특별자치도 춘천시 운교동 206 ,,한식,2026-05-27
일반음식점,느릿닭강정,"강원특별자치도 춘천시 금강로 68-12, 엠백화점 별관 1층 (조양동)",강원특별자치도 춘천시 조양동 136-5 ,,기타,2026-05-27
일반음식점,꼬방치킨,"강원특별자치도 춘천시 안마산로 213, 1층 127호 (퇴계동)",강원특별자치도 춘천시 퇴계동 79 ,,호프/통닭,2026-05-27
일반음식점,아도베라,"강원특별자치도 춘천시 낙원길 48, 3층 (중앙로2가)",강원특별자치도 춘천시 중앙로2가 97 ,,기타,2026-05-27
일반음식점,풍물만나통닭,"강원특별자치도 춘천시 영서로 2352-20, 풍물시장 상가7동 26,27호 (온의동)",강원특별자치도 춘천시 온의동 29-3 풍물시장 ,,호프/통닭,2026-05-27
일반음식점,골든몽키리조트(푸드),"강원특별자치도 춘천시 남면 여우내길 20-2, 1층",강원특별자치도 춘천시 남면 가정리 820 ,,식육(숯불구이),2026-05-27
일반음식점,선희네잔치국수,"강원특별자치도 춘천시 공지로 324, 1층 103호 (효자동)",강원특별자치도 춘천시 효자동 700-3 ,,한식,2026-05-27
일반음식점,닭다리순살하나만제대로하는집,"강원특별자치도 춘천시 서부대성로 163, 1층 맨좌측상가호 (효자동)",강원특별자치도 춘천시 효자동 646-2 ,,기타,2026-05-27
일반음식점,정량초과치킨-닭다리살만더주는가게,"강원특별자치도 춘천시 서부대성로 163, 1층 맨좌측상가호 (효자동)",강원특별자치도 춘천시 효자동 646-2 ,,호프/통닭,2026-05-27
일반음식점,퍽퍽살이싫어내가만든치킨집,"강원특별자치도 춘천시 서부대성로 163, 1층 맨좌측상가호 (효자동)",강원특별자치도 춘천시 효자동 646-2 ,,호프/통닭,2026-05-27
일반음식점,식어도바삭한동서재닭강정,"강원특별자치도 춘천시 서부대성로 163, 1층 맨좌측상가호 (효자동)",강원특별자치도 춘천시 효자동 646-2 ,,기타,2026-05-27
일반음식점,바삭한닭다리순살후라이드,"강원특별자치도 춘천시 서부대성로 163, 1층 맨좌측상가호 (효자동)",강원특별자치도 춘천시 효자동 646-2 ,,호프/통닭,2026-05-27
일반음식점,옛날잔치국수,"강원특별자치도 춘천시 효자로 108, 1층 (효자동)",강원특별자치도 춘천시 효자동 665-1 ,,한식,2026-05-27
일반음식점,마라공방,"강원특별자치도 춘천시 영서로 2319, 상가동 1층 103호 (온의동, 금호3차아파트)",강원특별자치도 춘천시 온의동 571 금호3차아파트 ,,기타,2026-05-27
일반음식점,송암42,"강원특별자치도 춘천시 송암길 42-1, 1층 (송암동)",강원특별자치도 춘천시 송암동 248-9 ,,기타,2026-05-27
일반음식점,칠전쭈꾸미,"강원특별자치도 춘천시 칠전서길 24-1, 1층 (칠전동)",강원특별자치도 춘천시 칠전동 592-13 ,,한식,2026-05-27
일반음식점,봄식당,"강원특별자치도 춘천시 방송길 77, 지하1층 B116호 (온의동, 춘천 센트럴타워 푸르지오)",강원특별자치도 춘천시 온의동 601 춘천 센트럴타워 푸르지오 ,033-242-5667,한식,2026-05-27
일반음식점,소우,"강원특별자치도 춘천시 남산면 한치로 116, 1층",강원특별자치도 춘천시 남산면 창촌리 132-1 ,,한식,2026-05-27
일반음식점,평창한우춘천삼천점,"강원특별자치도 춘천시 옛경춘로 787, 1층 (삼천동)",강원특별자치도 춘천시 삼천동 42-2 ,,식육(숯불구이),2026-05-27
일반음식점,만천리한식뷔페,"강원특별자치도 춘천시 동면 만천로 155, 1층",강원특별자치도 춘천시 동면 만천리 815-2 ,,뷔페식,2026-05-27
일반음식점,비에이치씨(bhc)춘천소양점,"강원특별자치도 춘천시 금강로 25, 1층 우측호 (소양로3가)",강원특별자치도 춘천시 소양로3가 178-1 ,,호프/통닭,2026-05-27
일반음식점,서진푸드,"강원특별자치도 춘천시 춘천로 375, 1층 3,4호 (후평동)",강원특별자치도 춘천시 후평동 298-6 ,,한식,2026-05-27
일반음식점,르몽라셰(Le Montrachet),강원특별자치도 춘천시 공지로 384-9 (약사동),강원특별자치도 춘천시 약사동 151-5 ,,기타,2026-05-27
일반음식점,애슐리퀸즈춘천점,"강원특별자치도 춘천시 금강로 68-9, 미도파아파트 지하1층 (조양동)",강원특별자치도 춘천시 조양동 34 미도파아파트 ,,뷔페식,2026-05-27
일반음식점,꽈베르마망,"강원특별자치도 춘천시 신북읍 신샘밭로 638-4, 1층",강원특별자치도 춘천시 신북읍 천전리 126-9 ,,기타,2026-05-27
일반음식점,김투더밥(김 to the 밥),"강원특별자치도 춘천시 퇴계로93번길 8, 1층 107호 (퇴계동)",강원특별자치도 춘천시 퇴계동 1085 ,,분식,2026-05-27
일반음식점,우이락춘천후평점,"강원특별자치도 춘천시 후석로 273, 1층 (후평동)",강원특별자치도 춘천시 후평동 838-2 ,,한식,2026-05-27
일반음식점,반마리닭국수(후평점),"강원특별자치도 춘천시 후석로 374, 1층 (후평동)",강원특별자치도 춘천시 후평동 724-22 ,,한식,2026-05-27
일반음식점,따봉곱창순대,"강원특별자치도 춘천시 공지로 111, 1층 107호 (석사동, 석사신우아파트)",강원특별자치도 춘천시 석사동 682-1 석사신우아파트 ,,기타,2026-05-27
일반음식점,육회바른연어춘천한숲시티점,"강원특별자치도 춘천시 안마산로 113, e편한세상 춘천 한숲시티 상가비동 1층 B2-106호 (퇴계동)",강원특별자치도 춘천시 퇴계동 1240 e편한세상 춘천 한숲시티 ,,기타,2026-05-27
일반음식점,임부택감자탕해장국,"강원특별자치도 춘천시 충열로16번길 8, 1층 (우두동)",강원특별자치도 춘천시 우두동 1066-5 ,,한식,2026-05-27
일반음식점,카페프리비아(cafe PRIVIA),강원특별자치도 춘천시 효자로 147 (효자동),강원특별자치도 춘천시 효자동 657-16 ,,기타,2026-05-27
일반음식점,황가네생선나라,"강원특별자치도 춘천시 동면 금촌로 394, 1층",강원특별자치도 춘천시 동면 만천리 301-1 ,,한식,2026-05-27
일반음식점,대풍갈비,"강원특별자치도 춘천시 승지골길13번길 7-3, 1층 (퇴계동)",강원특별자치도 춘천시 퇴계동 1003-2 ,,식육(숯불구이),2026-05-27
일반음식점,청기와,"강원특별자치도 춘천시 후석로 427-2, 1층 (후평동)",강원특별자치도 춘천시 후평동 715-24 ,,한식,2026-05-27
일반음식점,춘천돌짜장전문점,"강원특별자치도 춘천시 동면 만천로 126, 1층",강원특별자치도 춘천시 동면 만천리 871-19 ,,한식,2026-05-27
일반음식점,낙원한우,"강원특별자치도 춘천시 서부대성로 122, 1층 (운교동)",강원특별자치도 춘천시 운교동 185-5 ,,한식,2026-05-27
일반음식점,다옥(茶屋),"강원특별자치도 춘천시 벌말길 82, 1층 (석사동)",강원특별자치도 춘천시 석사동 639-6 ,,기타,2026-05-27
일반음식점,큭큭피자춘천점,"강원특별자치도 춘천시 효자로 92, 1층 (효자동)",강원특별자치도 춘천시 효자동 666-4 ,,기타,2026-05-27
일반음식점,산더미미성돼지국밥춘천삼천점,"강원특별자치도 춘천시 옛경춘로 779, 1층 (삼천동)",강원특별자치도 춘천시 삼천동 43-2 ,,한식,2026-05-27
일반음식점,꾸석지돌판한우온의점,"강원특별자치도 춘천시 영서로 2333, 1층 (온의동)",강원특별자치도 춘천시 온의동 52-7 ,,한식,2026-05-27
일반음식점,감동피자춘천명동점,"강원특별자치도 춘천시 중앙로77번길 33, 1층 (죽림동)",강원특별자치도 춘천시 죽림동 28-8 ,,기타,2026-05-27
일반음식점,따끈상회,"강원특별자치도 춘천시 후석로 120, A동 1층 (석사동)",강원특별자치도 춘천시 석사동 980 ,,기타,2026-05-27
일반음식점,라토피아(La Topia),"강원특별자치도 춘천시 영서로 2571, B,D동 1층 (근화동)",강원특별자치도 춘천시 근화동 154-7 ,,기타,2026-05-27
일반음식점,티하우스블름,"강원특별자치도 춘천시 후석로441번길 6, 1층 (후평동)",강원특별자치도 춘천시 후평동 717-6 ,,한식,2026-05-27
일반음식점,해피다이너,"강원특별자치도 춘천시 신북읍 율문길 62, 1층",강원특별자치도 춘천시 신북읍 율문리 553-3 ,,기타,2026-05-27
일반음식점,그남자의가브리살,"강원특별자치도 춘천시 남춘로36번길 52-4, 1층 (퇴계동)",강원특별자치도 춘천시 퇴계동 950-5 ,,식육(숯불구이),2026-05-27
일반음식점,바오밥나무는그리움이래,"강원특별자치도 춘천시 서부대성로44번길 10-22, 1층 우측호 (요선동)",강원특별자치도 춘천시 요선동 184-5 ,,기타,2026-05-27
일반음식점,정족리곤드레밥집,"강원특별자치도 춘천시 신동면 정족길 215, 1층",강원특별자치도 춘천시 신동면 정족리 685 ,,한식,2026-05-27
일반음식점,계근상춘천점,"강원특별자치도 춘천시 공지로 104, 1층 (석사동)",강원특별자치도 춘천시 석사동 291-15 ,,한식,2026-05-27
일반음식점,케이푸드(K- 푸드),"강원특별자치도 춘천시 백령로 4, 1층 101호 (효자동)",강원특별자치도 춘천시 효자동 315-4 ,,기타,2026-05-27
일반음식점,언니야아구찜,"강원특별자치도 춘천시 후석로 291, 2층 (후평동)",강원특별자치도 춘천시 후평동 796-4 ,,한식,2026-05-27
일반음식점,돈카미거두점,"강원특별자치도 춘천시 동내면 춘천순환로116번길 7, 지하1층 우측호",강원특별자치도 춘천시 동내면 거두리 716-15 ,,일식,2026-05-27
일반음식점,스무바다,"강원특별자치도 춘천시 스무숲1길 59, 1층 (석사동)",강원특별자치도 춘천시 석사동 928-2 ,,일식,2026-05-27
일반음식점,벨라스테이호텔뷔페,"강원특별자치도 춘천시 춘천로 352, 2층 202,203호 (후평동)",강원특별자치도 춘천시 후평동 729-2 ,,뷔페식,2026-05-27
일반음식점,메뉴없는밥집,"강원특별자치도 춘천시 남산면 한치로 96, 1층",강원특별자치도 춘천시 남산면 창촌리 73-5 ,,한식,2026-05-27
일반음식점,키친2571(KITCHEN 2571),"강원특별자치도 춘천시 영서로 2571, A동 2층 (근화동)",강원특별자치도 춘천시 근화동 154-7 ,,경양식,2026-05-27
일반음식점,비욘드,"강원특별자치도 춘천시 후석로186번길 18, 5층 (석사동)",강원특별자치도 춘천시 석사동 729-1 ,,기타,2026-05-27
일반음식점,장원식당,"강원특별자치도 춘천시 우두5길 34, 1층 (우두동)",강원특별자치도 춘천시 우두동 1112-7 ,,기타,2026-05-27
일반음식점,퇴계인,"강원특별자치도 춘천시 우묵길 26, 1,2층 (퇴계동)",강원특별자치도 춘천시 퇴계동 1192-5 ,,한식,2026-05-27
일반음식점,거두리진코다리찜,"강원특별자치도 춘천시 동내면 춘천순환로72번길 33-15, 1층",강원특별자치도 춘천시 동내면 거두리 966-2 ,,한식,2026-05-27
일반음식점,봄내찬,"강원특별자치도 춘천시 동내면 춘천순환로72번길 72, 1층",강원특별자치도 춘천시 동내면 거두리 990-8 ,,한식,2026-05-27
일반음식점,오늘춘천,"강원특별자치도 춘천시 시청길 22, 1층 (조양동)",강원특별자치도 춘천시 조양동 71-1 ,,기타,2026-05-27
일반음식점,봄봄주먹밥(춘천시니어클럽),"강원특별자치도 춘천시 백령로 127, 1층 (효자동)",강원특별자치도 춘천시 효자동 767-21 ,,한식,2026-05-27
일반음식점,양지사골곰탕,"강원특별자치도 춘천시 퇴계로 129-19, 1층 101,102호 (퇴계동)",강원특별자치도 춘천시 퇴계동 1100 ,,한식,2026-05-27
일반음식점,광장먹거리,"강원특별자치도 춘천시 춘천로 187-1, 1층 102호 (운교동)",강원특별자치도 춘천시 운교동 206-7 ,,기타,2026-05-27
일반음식점,산여울,"강원특별자치도 춘천시 신흥길 14, 1층 (우두동)",강원특별자치도 춘천시 우두동 1052-26 ,,한식,2026-05-27
일반음식점,보리뜰,"강원특별자치도 춘천시 후석로379번길 55, 1층 (후평동)",강원특별자치도 춘천시 후평동 852-1 ,,한식,2026-05-27
일반음식점,쉐프푸드시스템,"강원특별자치도 춘천시 벌말길 27, 1층 좌측호 (석사동)",강원특별자치도 춘천시 석사동 654-19 ,,한식,2026-05-27
일반음식점,푸드요리연구소,"강원특별자치도 춘천시 벌말길 27, 1층 우측호 (석사동)",강원특별자치도 춘천시 석사동 654-19 ,,한식,2026-05-27
일반음식점,훈이네김치찜,"강원특별자치도 춘천시 퇴계로69번길 3, 1층 (퇴계동)",강원특별자치도 춘천시 퇴계동 1166-7 ,,한식,2026-05-27
일반음식점,덮담춘천점,"강원특별자치도 춘천시 춘주로147번길 22-4, 1층 (퇴계동)",강원특별자치도 춘천시 퇴계동 910 ,,한식,2026-05-27
일반음식점,호수별닭갈비,"강원특별자치도 춘천시 영서로 2529-45, 1층 (근화동)",강원특별자치도 춘천시 근화동 532-8 ,,한식,2026-05-27
일반음식점,코이코히,"강원특별자치도 춘천시 우석로67번길 9-1, 1층 (석사동)",강원특별자치도 춘천시 석사동 747-4 ,,기타,2026-05-27
일반음식점,모두모여라,"강원특별자치도 춘천시 동내면 거두택지길 80, 401동 1층 101호 (호반베르디움에코)",강원특별자치도 춘천시 동내면 거두리 1138 호반베르디움에코 ,,호프/통닭,2026-05-27
일반음식점,광창,"강원특별자치도 춘천시 남춘로26번길 5, 1층 (퇴계동)",강원특별자치도 춘천시 퇴계동 395-84 ,,식육(숯불구이),2026-05-27
일반음식점,케이푸드춘천점,"강원특별자치도 춘천시 행촌로32번길 5-24, 1층 (퇴계동)",강원특별자치도 춘천시 퇴계동 905-9 ,,한식,2026-05-27
일반음식점,쉬리영양해물칼국수춘천점,"강원특별자치도 춘천시 서부대성로43번길 5, 1층 101호 (요선동)",강원특별자치도 춘천시 요선동 133-2 ,,한식,2026-05-27
일반음식점,도담삼겹,"강원특별자치도 춘천시 동면 춘천로 447, 1층",강원특별자치도 춘천시 동면 장학리 1008 ,,식육(숯불구이),2026-05-27
일반음식점,닭발연구소춘천점,"강원특별자치도 춘천시 소전길 13-2, 1층 (효자동)",강원특별자치도 춘천시 효자동 667-10 ,,기타,2026-05-27
일반음식점,무봉리토종순대국(춘천신북점),"강원특별자치도 춘천시 신북읍 신북로 30-4, 1층 1호",강원특별자치도 춘천시 신북읍 율문리 318-3 , 033-255-7331,탕류(보신용),2026-05-27
일반음식점,주당백서,"강원특별자치도 춘천시 보안길 50-1, 1층 가운데상가호 (후평동)",강원특별자치도 춘천시 후평동 72 ,,한식,2026-05-27
일반음식점,진탱푸드,"강원특별자치도 춘천시 효자로150번길 23, 1층 (효자동)",강원특별자치도 춘천시 효자동 603-7 ,,한식,2026-05-27
일반음식점,카페리베,"강원특별자치도 춘천시 서부대성로 209, 2층 (효자동)",강원특별자치도 춘천시 효자동 618-8 ,,기타,2026-05-27
일반음식점,애막골동치미막국수,"강원특별자치도 춘천시 동면 서부대성로 438, 1층",강원특별자치도 춘천시 동면 만천리 530-41 ,,한식,2026-05-27
일반음식점,퓨전안동찜닭,"강원특별자치도 춘천시 서부대성로 214, 1층 (효자동)",강원특별자치도 춘천시 효자동 617-11 ,,한식,2026-05-27
일반음식점,로얄치킨호프본점,"강원특별자치도 춘천시 애막골길11번길 33, 1층 (석사동)",강원특별자치도 춘천시 석사동 736-3 ,,호프/통닭,2026-05-27
일반음식점,낭만포차여기어때,"강원특별자치도 춘천시 애막골길7번길 29, 1층 (석사동)",강원특별자치도 춘천시 석사동 737-5 ,,정종/대포집/소주방,2026-05-27
일반음식점,브라더한정식도시락춘천효자점,"강원특별자치도 춘천시 두하길 22, 상가동 1층 104호 (효자동, 일성아파트)",강원특별자치도 춘천시 효자동 819 일성아파트 ,,한식,2026-05-27
일반음식점,주)춘천시민장례식장,"강원특별자치도 춘천시 영서로 2970, 강원도새마을회관 4층 (사농동)",강원특별자치도 춘천시 사농동 737-2 강원도새마을회관 ,,기타,2026-05-27
일반음식점,찌개공방,"강원특별자치도 춘천시 후석로46번길 14, 1층 (석사동)",강원특별자치도 춘천시 석사동 663-6 ,,한식,2026-05-27
일반음식점,길가애,"강원특별자치도 춘천시 충열로142번길 4, 1층 (우두동)",강원특별자치도 춘천시 우두동 428-1 ,,기타,2026-05-27
일반음식점,초선마라춘천점,"강원특별자치도 춘천시 효석로9번길 18, 1층 102호 (효자동)",강원특별자치도 춘천시 효자동 303-34 ,,"외국음식전문점(인도,태국등)",2026-05-27
일반음식점,오롯밀,"강원특별자치도 춘천시 공지로 384-9, 2층 (약사동)",강원특별자치도 춘천시 약사동 151-5 ,,한식,2026-05-27
일반음식점,숙성고기육칠이춘천퇴계점,"강원특별자치도 춘천시 스무숲1길 18, 1층 (석사동)",강원특별자치도 춘천시 석사동 907-2 ,,식육(숯불구이),2026-05-27
일반음식점,칠전돼지내장국밥,"강원특별자치도 춘천시 칠전서길 34, 1층 103호 (칠전동)",강원특별자치도 춘천시 칠전동 588-7 ,,탕류(보신용),2026-05-27
일반음식점,민지네포장마차,"강원특별자치도 춘천시 퇴계로 14, 1층 (퇴계동)",강원특별자치도 춘천시 퇴계동 1183-2 ,,정종/대포집/소주방,2026-05-27
일반음식점,일품대패일품장어,"강원특별자치도 춘천시 남춘로 6, 1층 (퇴계동)",강원특별자치도 춘천시 퇴계동 369-13 ,,식육(숯불구이),2026-05-27
일반음식점,한식당,"강원특별자치도 춘천시 동면 만천로 147, 1층",강원특별자치도 춘천시 동면 만천리 816-14 ,,한식,2026-05-27
일반음식점,무와다이닝,"강원특별자치도 춘천시 남산면 경춘로 212-28, 무와제이드 커뮤니티하우스동 지하1~지상2층",강원특별자치도 춘천시 남산면 서천리 392 무와제이드 ,,기타,2026-05-27
일반음식점,강촌솥뚜껑만난닭엘리시안점,"강원특별자치도 춘천시 남산면 강촌로 395, 1층",강원특별자치도 춘천시 남산면 창촌리 147-9 ,,한식,2026-05-27
일반음식점,이서방양념치킨,"강원특별자치도 춘천시 행촌로 14, 상가동 1층 104호 (퇴계동, 현대2차아파트)",강원특별자치도 춘천시 퇴계동 916 현대2차아파트 ,,호프/통닭,2026-05-27
일반음식점,도래샘쉼터,"강원특별자치도 춘천시 남면 한덕발산길 49-4, 1층",강원특별자치도 춘천시 남면 한덕리 436-27 ,,기타,2026-05-27
일반음식점,활어당,"강원특별자치도 춘천시 퇴계로 47, 1층 (퇴계동)",강원특별자치도 춘천시 퇴계동 1165-1 ,,횟집,2026-05-27
일반음식점,리얼안심탕수육&리얼하노이퇴계점,"강원특별자치도 춘천시 퇴계로 129-17, 1층 101호 (퇴계동)",강원특별자치도 춘천시 퇴계동 1101 ,,호프/통닭,2026-05-27
일반음식점,한잔할까,"강원특별자치도 춘천시 동부시장길 8, 상가동 1층 77,78호 (운교동, 동부시장현대아파트)",강원특별자치도 춘천시 운교동 183 동부시장현대아파트 ,,정종/대포집/소주방,2026-05-27
일반음식점,신비면옥춘천명동점,"강원특별자치도 춘천시 중앙로 64, 62-1 1층 (중앙로2가)","강원특별자치도 춘천시 중앙로2가 87-2 87-1, 89-2 ",,한식,2026-05-27
일반음식점,불티나,"강원특별자치도 춘천시 영서로 2352-32, 풍물시장 상가10동 1층 1015,1016호 (온의동)",강원특별자치도 춘천시 온의동 27-2 풍물시장 ,,기타,2026-05-27
일반음식점,정예육정육식당,"강원특별자치도 춘천시 동면 만천로 68, 1층",강원특별자치도 춘천시 동면 만천리 619-1 ,,식육(숯불구이),2026-05-27
일반음식점,청보리밭,"강원특별자치도 춘천시 신동면 금병의숙길 14, 1층",강원특별자치도 춘천시 신동면 증리 387-1 ,,한식,2026-05-27
일반음식점,노랑통닭춘천효자점,"강원특별자치도 춘천시 백령로 81, 1층 (효자동)",강원특별자치도 춘천시 효자동 180-14 ,,호프/통닭,2026-05-27
일반음식점,착한원규토스트앤떡볶기앤,"강원특별자치도 춘천시 서부대성로 164, 1층 (효자동)",강원특별자치도 춘천시 효자동 647-6 ,,분식,2026-05-27
일반음식점,채채김밥,"강원특별자치도 춘천시 춘천로 305, 1층 우측호 (후평동)",강원특별자치도 춘천시 후평동 693-11 ,,분식,2026-05-27
일반음식점,길상이네돈가스/통닭,"강원특별자치도 춘천시 신동면 김유정로 1417, A동 1층 103호",강원특별자치도 춘천시 신동면 증리 938-2 ,,호프/통닭,2026-05-27
일반음식점,원주일미통닭1호점,"강원특별자치도 춘천시 동내면 거두택지길 87-16, 1층",강원특별자치도 춘천시 동내면 거두리 1108-2 ,,호프/통닭,2026-05-27
일반음식점,사이타마,"강원특별자치도 춘천시 후석로326번길 11, 1층 맨우측호 (후평동)",강원특별자치도 춘천시 후평동 457-5 ,,기타,2026-05-27
일반음식점,화로산장강원대점,"강원특별자치도 춘천시 성심로 97, 1층 (효자동)",강원특별자치도 춘천시 효자동 18-47 ,,한식,2026-05-27
일반음식점,부스부스,"강원특별자치도 춘천시 스무숲1길 44, 1층 (석사동)",강원특별자치도 춘천시 석사동 921-1 ,,기타,2026-05-27
일반음식점,남도갈비탕,"강원특별자치도 춘천시 영서로 2543, 정면 중앙, 우측호 (근화동)",강원특별자치도 춘천시 근화동 562-5 ,,한식,2026-05-27
일반음식점,백리옥,"강원특별자치도 춘천시 남산면 종자리로 29-3, 1층",강원특별자치도 춘천시 남산면 광판리 126-9 ,,기타,2026-05-27
일반음식점,가림,"강원특별자치도 춘천시 남산면 강촌로 159, 1층",강원특별자치도 춘천시 남산면 방곡리 396-8 ,,한식,2026-05-27
일반음식점,싱싱횟집,"강원특별자치도 춘천시 스포츠타운길 457, 2동 1층 (삼천동)",강원특별자치도 춘천시 삼천동 32-9 ,,횟집,2026-05-27
일반음식점,저스트다이닝,"강원특별자치도 춘천시 공지로 480, 1층 (근화동)",강원특별자치도 춘천시 근화동 727 ,,뷔페식,2026-05-27
일반음식점,야키니쿠찬,"강원특별자치도 춘천시 낙원길 33, 1층 (낙원동)",강원특별자치도 춘천시 낙원동 62-4 ,,일식,2026-05-27
일반음식점,떡의작품남춘천점,"강원특별자치도 춘천시 안마산로 107-1, 에스엠프라자 1층 106호 (퇴계동)",강원특별자치도 춘천시 퇴계동 451-3 ,,분식,2026-05-27
일반음식점,춘천냉면,"강원특별자치도 춘천시 동내면 영서로 1785, 1층",강원특별자치도 춘천시 동내면 학곡리 306-9 ,,한식,2026-05-27
일반음식점,육식사관학교 춘천석사점,"강원특별자치도 춘천시 효석로67번길 25, 석사근로복지아파트 상가동 1층 104호 (석사동)",강원특별자치도 춘천시 석사동 694-2 석사근로복지아파트 ,,식육(숯불구이),2026-05-27
일반음식점,영아미가,"강원특별자치도 춘천시 우두1길 43, 1층 (우두동)",강원특별자치도 춘천시 우두동 1105 ,,분식,2026-05-27
일반음식점,본향갈비탕,"강원특별자치도 춘천시 신동면 솟발1길 17, 1층",강원특별자치도 춘천시 신동면 정족리 632-11 ,,한식,2026-05-27
일반음식점,춘천소문난수제만두,"강원특별자치도 춘천시 행촌로32번길 1, 1층 코너상가호 (퇴계동)",강원특별자치도 춘천시 퇴계동 902-7 ,,분식,2026-05-27
일반음식점,청향오리,"강원특별자치도 춘천시 신북읍 영서로 3746-7, 1층",강원특별자치도 춘천시 신북읍 용산리 829-4 ,,식육(숯불구이),2026-05-27
일반음식점,향토진미닭갈비,"강원특별자치도 춘천시 후만로116번길 6-1, 1층 (후평동)",강원특별자치도 춘천시 후평동 869-3 ,,한식,2026-05-27
일반음식점,구마족발한림대점,"강원특별자치도 춘천시 성심로 7, 1층 (교동)",강원특별자치도 춘천시 교동 156-23 ,,한식,2026-05-27
일반음식점,위시,"강원특별자치도 춘천시 후석로 387, 1층 좌측상가호 (후평동)",강원특별자치도 춘천시 후평동 710-17 ,,기타,2026-05-27
일반음식점,돈장군,"강원특별자치도 춘천시 영서로2756번길 11, 1층 (우두동)",강원특별자치도 춘천시 우두동 1063-5 ,,식육(숯불구이),2026-05-27
일반음식점,강원돈,"강원특별자치도 춘천시 충혼길44번길 22-1, 1층 (온의동)",강원특별자치도 춘천시 온의동 533-10 ,,한식,2026-05-27
일반음식점,민희네감자탕,"강원특별자치도 춘천시 스포츠타운길 519, 1층 (온의동)",강원특별자치도 춘천시 온의동 73-24 ,,한식,2026-05-27
일반음식점,보디,"강원특별자치도 춘천시 둥지길 31, 1층 (효자동)",강원특별자치도 춘천시 효자동 126-172 ,,기타,2026-05-27
일반음식점,참나무숯불닭갈비,"강원특별자치도 춘천시 신북읍 신샘밭로 715, 1층",강원특별자치도 춘천시 신북읍 천전리 64-4 ,,한식,2026-05-27
일반음식점,송촌꼬마김밥,"강원특별자치도 춘천시 스포츠타운길 458, 춘천파크자이 1층 101호 (삼천동)",강원특별자치도 춘천시 삼천동 796 춘천파크자이 ,,분식,2026-05-27
일반음식점,돈떵어리,"강원특별자치도 춘천시 동면 사우로 226, 1층",강원특별자치도 춘천시 동면 장학리 663-23 ,,한식,2026-05-27
일반음식점,춘천숯불동글갈비,"강원특별자치도 춘천시 서부대성로44번길 12-2, 1,2층 (요선동)",강원특별자치도 춘천시 요선동 11-3 ,,한식,2026-05-27
일반음식점,준이네분식,"강원특별자치도 춘천시 후석로186번길 6, 1층 (석사동)",강원특별자치도 춘천시 석사동 728-3 ,,분식,2026-05-27
일반음식점,툇골550,강원특별자치도 춘천시 서면 툇골길 550-60,강원특별자치도 춘천시 서면 서상리 844 ,,기타,2026-05-27
일반음식점,칠전포차,"강원특별자치도 춘천시 칠전서길 15-1, 1층 (칠전동)",강원특별자치도 춘천시 칠전동 622-1 ,,정종/대포집/소주방,2026-05-27
일반음식점,모퉁이,"강원특별자치도 춘천시 동내면 외솔길19번길 49-28, 1층 101호",강원특별자치도 춘천시 동내면 거두리 1022-4 ,,기타,2026-05-27
일반음식점,솔담경양,"강원특별자치도 춘천시 동내면 사래울1길 92, 1층",강원특별자치도 춘천시 동내면 사암리 463 ,,경양식,2026-05-27
일반음식점,청궁,"강원특별자치도 춘천시 동내면 동내로 58, 1층",강원특별자치도 춘천시 동내면 신촌리 596-1 ,,중국식,2026-05-27
일반음식점,와우가우가그릴,"강원특별자치도 춘천시 동면 순환대로 1156-20, 지하1~1층",강원특별자치도 춘천시 동면 만천리 326-33 ,,식육(숯불구이),2026-05-27
일반음식점,향갈비,"강원특별자치도 춘천시 동내면 외솔길19번길 67, 1층",강원특별자치도 춘천시 동내면 거두리 1022-8 ,,한식,2026-05-27
일반음식점,한마음정육식당춘천퇴계점,"강원특별자치도 춘천시 김유정로 1897, 3층 (퇴계동)",강원특별자치도 춘천시 퇴계동 178-3 ,,한식,2026-05-27
일반음식점,온의교집닭갈비,"강원특별자치도 춘천시 방송길 70, 117동 1층 114호 (온의동, 온의 롯데캐슬 스카이클래스)",강원특별자치도 춘천시 온의동 590 온의 롯데캐슬 스카이클래스 ,,한식,2026-05-27
일반음식점,시골가마솥김치찜,"강원특별자치도 춘천시 효석로77번길 12, 1층 죄측호 (석사동)",강원특별자치도 춘천시 석사동 707-15 ,,한식,2026-05-27
일반음식점,연막창남춘천역점,"강원특별자치도 춘천시 퇴계로 32, 1층 우측호 (퇴계동)",강원특별자치도 춘천시 퇴계동 1181-3 , 033-244-2000,식육(숯불구이),2026-05-27
일반음식점,이가네일품순대국춘천점,"강원특별자치도 춘천시 서면 박사로 973, 1층 101호",강원특별자치도 춘천시 서면 금산리 495-11 ,,한식,2026-05-27
일반음식점,해물여행,강원특별자치도 춘천시 동내면 영서로 1860-44,강원특별자치도 춘천시 동내면 신촌리 354-20 ,,한식,2026-05-27
일반음식점,상하이마라꼬치춘천석사점,"강원특별자치도 춘천시 퇴계농공로 11, 1층 107호 (석사동)",강원특별자치도 춘천시 석사동 888-1 ,,기타,2026-05-27
일반음식점,쌤칼국수,"강원특별자치도 춘천시 동면 가산로 95-10, 1층",강원특별자치도 춘천시 동면 지내리 232-7 ,,한식,2026-05-27
일반음식점,대박,"강원특별자치도 춘천시 동부시장길 8-4, 1층 맨좌측호 (운교동)",강원특별자치도 춘천시 운교동 182 ,,기타,2026-05-27
일반음식점,어담,"강원특별자치도 춘천시 동내면 춘천순환로72번길 39-1, 1층",강원특별자치도 춘천시 동내면 거두리 958-5 ,,일식,2026-05-27
일반음식점,비비큐봄내행운점,"강원특별자치도 춘천시 퇴계로 211, 1층 (석사동)",강원특별자치도 춘천시 석사동 796-13 ,,호프/통닭,2026-05-27
일반음식점,화도,"강원특별자치도 춘천시 지석로 11, 2층 201,2호 (퇴계동)",강원특별자치도 춘천시 퇴계동 164-3 ,,중국식,2026-05-27
일반음식점,풍차장어,강원특별자치도 춘천시 이디오피아길 29 (근화동),강원특별자치도 춘천시 근화동 694 ,,기타,2026-05-27
일반음식점,미왕,강원특별자치도 춘천시 춘천로68번길 16 (효자동),강원특별자치도 춘천시 효자동 686 ,,중국식,2026-05-27
일반음식점,다온밥상,"강원특별자치도 춘천시 동면 춘천순환로 503, 1층",강원특별자치도 춘천시 동면 만천리 703-4 ,,한식,2026-05-27
일반음식점,곰순이네분식,"강원특별자치도 춘천시 춘천로 169, 1층 107호 (운교동)",강원특별자치도 춘천시 운교동 146-1 ,,분식,2026-05-27
일반음식점,괭이부리마을춘천점,"강원특별자치도 춘천시 스포츠타운길 432, 201,202호 (삼천동)",강원특별자치도 춘천시 삼천동 152-1 ,,한식,2026-05-27
일반음식점,꾸브라꼬숯불치킨퇴계점,"강원특별자치도 춘천시 춘주로147번길 12-14, 1층 (퇴계동)",강원특별자치도 춘천시 퇴계동 912-4 ,033-817-2322,호프/통닭,2026-05-27
일반음식점,주목,"강원특별자치도 춘천시 동면 만천로143번길 44, 1층",강원특별자치도 춘천시 동면 만천리 881-2 ,,한식,2026-05-27
일반음식점,제육대가,"강원특별자치도 춘천시 안마산로 131, e편한세상 춘천 한숲시티 C동 1층 101호 (퇴계동)",강원특별자치도 춘천시 퇴계동 1240 e편한세상 춘천 한숲시티 ,,한식,2026-05-27
일반음식점,자운카페차,"강원특별자치도 춘천시 동내면 동내로 102-6, 나동 1층 101호",강원특별자치도 춘천시 동내면 신촌리 418 ,,기타,2026-05-27
일반음식점,유천식당,"강원특별자치도 춘천시 만천로 217, 1층 (후평동)",강원특별자치도 춘천시 후평동 745-5 ,,한식,2026-05-27
일반음식점,유로코피자효자동점,"강원특별자치도 춘천시 효자로 117, 1층 (효자동)",강원특별자치도 춘천시 효자동 661-18 ,,기타,2026-05-27
일반음식점,샌치한데이강대후문점,"강원특별자치도 춘천시 서부대성로 223-1, 1층 (효자동)",강원특별자치도 춘천시 효자동 626-7 ,033-818-8887,기타,2026-05-27
일반음식점,설악막국수춘천닭갈비강촌본점,"강원특별자치도 춘천시 남면 소주고개로 17-6, 가동 1층",강원특별자치도 춘천시 남면 후동리 402 ,,한식,2026-05-27
일반음식점,SEASON GREEN(시즌그린),"강원특별자치도 춘천시 남면 소주고개로 17-6, 나동 1층",강원특별자치도 춘천시 남면 후동리 402 ,,기타,2026-05-27
일반음식점,서기,"강원특별자치도 춘천시 금강로 123, 1,2층 (운교동)",강원특별자치도 춘천시 운교동 178-4 ,,한식,2026-05-27
일반음식점,어산가옥,"강원특별자치도 춘천시 옛경춘로 775, 1층 (삼천동)",강원특별자치도 춘천시 삼천동 758-5 ,,한식,2026-05-27
일반음식점,로지오뎅남춘천역점,"강원특별자치도 춘천시 우묵길52번길 10, 1층 4호 (퇴계동)",강원특별자치도 춘천시 퇴계동 1190-1 ,,기타,2026-05-27
일반음식점,꼬목살퇴계점,"강원특별자치도 춘천시 퇴계로 175, 1층 (퇴계동)",강원특별자치도 춘천시 퇴계동 968-7 ,,식육(숯불구이),2026-05-27
일반음식점,마레(mare),"강원특별자치도 춘천시 안마산로 107-1, 1층 107,108호 (퇴계동)",강원특별자치도 춘천시 퇴계동 451-3 ,,기타,2026-05-27
일반음식점,또래오래동춘천하나로마트점,"강원특별자치도 춘천시 동내면 공지로 80, 신동농협 하나로마트 1층",강원특별자치도 춘천시 동내면 거두리 929-2 신동농협 하나로마트 ,,호프/통닭,2026-05-27
일반음식점,해븐가정식,"강원특별자치도 춘천시 삭주로 130, 1층 (후평동)",강원특별자치도 춘천시 후평동 711-28 ,,한식,2026-05-27
일반음식점,스토리,"강원특별자치도 춘천시 벌말길 70-1, 1층 102호 (석사동)",강원특별자치도 춘천시 석사동 640-9 ,,정종/대포집/소주방,2026-05-27
일반음식점,마켓2571(MARKET2571),"강원특별자치도 춘천시 영서로 2571, C동 1층 (근화동)",강원특별자치도 춘천시 근화동 154-7 ,,기타,2026-05-27
일반음식점,리얼펍살얼음맥주춘천온의점,"강원특별자치도 춘천시 스포츠타운길 519, 1층 102호 (온의동)",강원특별자치도 춘천시 온의동 73-24 ,,정종/대포집/소주방,2026-05-27
일반음식점,카페공지천,"강원특별자치도 춘천시 옛경춘로 839, 1,2층 (삼천동)",강원특별자치도 춘천시 삼천동 15-6 ,,기타,2026-05-27
일반음식점,포식&푸줏간고기도시락춘천점,"강원특별자치도 춘천시 서부대성로 193, 1층 (효자동)",강원특별자치도 춘천시 효자동 612-10 ,,한식,2026-05-27
일반음식점,한강치킨,강원특별자치도 춘천시 우묵길74번길 27 (퇴계동),강원특별자치도 춘천시 퇴계동 1153-5 ,,호프/통닭,2026-05-27
일반음식점,닭요리전문점계절,"강원특별자치도 춘천시 중앙로67번길 33, 1층 (죽림동)",강원특별자치도 춘천시 죽림동 4-14 ,033-257-9233,한식,2026-05-27
일반음식점,김치찌개끓여주는남자들,"강원특별자치도 춘천시 공지로 276, 1층 우측코너호 (효자동)",강원특별자치도 춘천시 효자동 309-4 ,,한식,2026-05-27
일반음식점,명백집춘천점,"강원특별자치도 춘천시 성심로 7, 1층 (교동)",강원특별자치도 춘천시 교동 156-23 ,,한식,2026-05-27
일반음식점,온기담다,"강원특별자치도 춘천시 성심로 51, 1층 좌측호 (효자동)",강원특별자치도 춘천시 효자동 756-1 ,,분식,2026-05-27
일반음식점,마라킹,"강원특별자치도 춘천시 서부대성로 130, 1층 좌측호 (운교동)",강원특별자치도 춘천시 운교동 186-10 ,,기타,2026-05-27
일반음식점,만두이섬춘천거두점,"강원특별자치도 춘천시 동내면 공지로 70-51, 1층",강원특별자치도 춘천시 동내면 거두리 931-1 ,,기타,2026-05-27
일반음식점,심야반점,"강원특별자치도 춘천시 행촌로32번길 5-10, 1층 (퇴계동)",강원특별자치도 춘천시 퇴계동 904-9 ,,정종/대포집/소주방,2026-05-27
일반음식점,별빛한잔,"강원특별자치도 춘천시 효평길 83, 1층 (후평동)",강원특별자치도 춘천시 후평동 683-13 ,,정종/대포집/소주방,2026-05-27
일반음식점,시골장터마트,"강원특별자치도 춘천시 신북읍 맥국길 381, 1층",강원특별자치도 춘천시 신북읍 발산리 61-42 ,,기타,2026-05-27
일반음식점,팜스토리지가든,"강원특별자치도 춘천시 동산면 새술막길 7, 1층",강원특별자치도 춘천시 동산면 군자리 970-2 ,,기타,2026-05-27
일반음식점,소풍스낵,"강원특별자치도 춘천시 퇴계로 143, 1층 101호 (퇴계동)",강원특별자치도 춘천시 퇴계동 964-5 ,,기타,2026-05-27
일반음식점,서준수산,"강원특별자치도 춘천시 우석로4번길 63, 1층 (석사동)",강원특별자치도 춘천시 석사동 771-1 ,,횟집,2026-05-27
일반음식점,파스타예요춘천점,"강원특별자치도 춘천시 공지로218번길 26, 1층 102호 (효자동, 효자코아루웰라움)",강원특별자치도 춘천시 효자동 823 효자코아루웰라움 ,,기타,2026-05-27
일반음식점,소담한상초계명가,"강원특별자치도 춘천시 영서로2151번길 12, 1층 (퇴계동)",강원특별자치도 춘천시 퇴계동 416-4 ,,한식,2026-05-27
일반음식점,그라시아커피로스터스,"강원특별자치도 춘천시 우두5길 34-1, 1층 (우두동)",강원특별자치도 춘천시 우두동 1112-8 ,,기타,2026-05-27
일반음식점,행복한우동가게춘천후평점,"강원특별자치도 춘천시 보안길 48, 1층 (후평동)",강원특별자치도 춘천시 후평동 67-47 ,,분식,2026-05-27
일반음식점,춘봉루,"강원특별자치도 춘천시 퇴계로 221, 1층 (석사동)",강원특별자치도 춘천시 석사동 818-2 ,,중국식,2026-05-27
일반음식점,정성엄마밥상,"강원특별자치도 춘천시 번개시장길 33, 1층 (소양로1가)",강원특별자치도 춘천시 소양로1가 93-3 ,,한식,2026-05-27
일반음식점,끽다,"강원특별자치도 춘천시 백령로 215, 상가4동 1층 104호 (후평동, 춘천일성트루엘더퍼스트아파트)",강원특별자치도 춘천시 후평동 910 춘천일성트루엘더퍼스트아파트 ,,기타,2026-05-27
일반음식점,핵밥춘천석사점,"강원특별자치도 춘천시 퇴계농공로 19, 화인프라자 1층 103호 (석사동)",강원특별자치도 춘천시 석사동 888-3 ,,한식,2026-05-27
일반음식점,푸른숲흑염소전문점,"강원특별자치도 춘천시 동면 가산로 53, 1층",강원특별자치도 춘천시 동면 지내리 132-8 ,033-241-4020,탕류(보신용),2026-05-27
일반음식점,초밥쟁이,"강원특별자치도 춘천시 스포츠타운길 432, 1층 108호 (삼천동)",강원특별자치도 춘천시 삼천동 152-1 ,,일식,2026-05-27
일반음식점,뚱이네빈대떡,"강원특별자치도 춘천시 동내면 거두택지길26번길 16-17, 1층",강원특별자치도 춘천시 동내면 거두리 958-14 ,,정종/대포집/소주방,2026-05-27
일반음식점,빌즈버거,"강원특별자치도 춘천시 전원안길 1, 1층 (교동)",강원특별자치도 춘천시 교동 135-13 ,,기타,2026-05-27
일반음식점,상하이마라꼬치온의점,"강원특별자치도 춘천시 방송길 77, 1층 1101호 (온의동, 춘천 센트럴타워 푸르지오)",강원특별자치도 춘천시 온의동 601 춘천 센트럴타워 푸르지오 ,,기타,2026-05-27
일반음식점,광장곱창,"강원특별자치도 춘천시 스무숲1길 32-16, 1층 (석사동)",강원특별자치도 춘천시 석사동 911-7 ,,정종/대포집/소주방,2026-05-27
일반음식점,상록회관후평점,"강원특별자치도 춘천시 춘천로 339, 1층 (후평동)",강원특별자치도 춘천시 후평동 725-10 ,,한식,2026-05-27
일반음식점,암바곰탕,"강원특별자치도 춘천시 퇴계로 129-15, 1층 103,104호 (퇴계동)",강원특별자치도 춘천시 퇴계동 1102 ,,한식,2026-05-27
일반음식점,낙원맛집,"강원특별자치도 춘천시 퇴계로145번길 7-10, 1층 103호 (퇴계동)",강원특별자치도 춘천시 퇴계동 959-13 ,,한식,2026-05-27
일반음식점,카페우드리,"강원특별자치도 춘천시 우두1길 160, 1층 102,103,104,105호 (우두동)",강원특별자치도 춘천시 우두동 1095-2 ,,기타,2026-05-27
일반음식점,도리짱춘천점,"강원특별자치도 춘천시 백령로 123, A동 지하1층 (효자동)",강원특별자치도 춘천시 효자동 767-2 ,,한식,2026-05-27
일반음식점,호반스넥,"강원특별자치도 춘천시 번개시장길 31, 1층 (소양로1가)",강원특별자치도 춘천시 소양로1가 93-5 ,,한식,2026-05-27
일반음식점,우지커피춘천소양스타리버점,"강원특별자치도 춘천시 모수물길 57, 상가동 B109호 (소양로2가, 더샵 소양스타리버)",강원특별자치도 춘천시 소양로2가 7-2 더샵 소양스타리버 ,,기타,2026-05-27
일반음식점,왕의마을(주왕),"강원특별자치도 춘천시 충혼길 99, 1층 (온의동)",강원특별자치도 춘천시 온의동 338-5 ,,식육(숯불구이),2026-05-27
일반음식점,피앤치,,강원특별자치도 춘천시 삼천동 329-31 삼악산 호수케이블카 임시주차장 ,,기타,2026-05-27
일반음식점,애막골갈비김밥,"강원특별자치도 춘천시 사우로 46, 1층 왼쪽호 (사농동)",강원특별자치도 춘천시 사농동 46-15 ,,분식,2026-05-27
일반음식점,카페방학,"강원특별자치도 춘천시 동내면 동내로 87, 1층 102호",강원특별자치도 춘천시 동내면 신촌리 580-3 ,,기타,2026-05-27
일반음식점,춘천소머리국밥,"강원특별자치도 춘천시 효자로 61, 1층 (효자동)",강원특별자치도 춘천시 효자동 670-8 ,,한식,2026-05-27
일반음식점,꽃피는마라,"강원특별자치도 춘천시 퇴계로93번길 10-8, 1층 103호 (퇴계동)",강원특별자치도 춘천시 퇴계동 1090 ,,중국식,2026-05-27
일반음식점,까치둥지,"강원특별자치도 춘천시 동부시장길 8, 1층 83호 (운교동, 동부시장현대아파트)",강원특별자치도 춘천시 운교동 183 동부시장현대아파트 ,,한식,2026-05-27
일반음식점,샐러리아춘천시청점,"강원특별자치도 춘천시 시청길10번길 4-2, 2동 1층 (조양동)",강원특별자치도 춘천시 조양동 26-1 ,,기타,2026-05-27
일반음식점,(주)케이알산업춘천(하)휴게소양식봇,"강원특별자치도 춘천시 동내면 영서로 1432, 춘천휴게소 1층",강원특별자치도 춘천시 동내면 사암리 산 121-1 춘천휴게소 ,,경양식,2026-05-27
일반음식점,(주)케이알산업춘천(하)휴게소분식봇,"강원특별자치도 춘천시 동내면 영서로 1432, 춘천휴게소 1층",강원특별자치도 춘천시 동내면 사암리 산 121-1 춘천휴게소 ,,분식,2026-05-27
일반음식점,필감자탕,"강원특별자치도 춘천시 서부대성로48번길 2, 1층 (요선동)",강원특별자치도 춘천시 요선동 8-2 ,,한식,2026-05-27
일반음식점,유명식당,"강원특별자치도 춘천시 공지로 432-1, 1층 (근화동)",강원특별자치도 춘천시 근화동 710-17 ,,한식,2026-05-27
일반음식점,우두머리,"강원특별자치도 춘천시 영서로2756번길 8-1, 1층 (우두동)",강원특별자치도 춘천시 우두동 1062-1 ,,정종/대포집/소주방,2026-05-27
일반음식점,상하이마라꼬치춘천후평점,"강원특별자치도 춘천시 후석로326번길 5, 1층 103호 (후평동)",강원특별자치도 춘천시 후평동 701-12 ,,정종/대포집/소주방,2026-05-27
일반음식점,청아닭갈비춘천점,"강원특별자치도 춘천시 퇴계로 229, 1층 (석사동)",강원특별자치도 춘천시 석사동 818-5 ,,한식,2026-05-27
일반음식점,야마도라,"강원특별자치도 춘천시 우묵길52번길 10, 1층 (퇴계동)",강원특별자치도 춘천시 퇴계동 1190-1 ,,한식,2026-05-27
일반음식점,데이븐(Day-ven),"강원특별자치도 춘천시 춘천로296번길 20, 1층 (후평동)",강원특별자치도 춘천시 후평동 689-10 ,,기타,2026-05-27
일반음식점,도담장어,"강원특별자치도 춘천시 남산면 종자리로 17, 1동 1층",강원특별자치도 춘천시 남산면 광판리 126-2 ,,한식,2026-05-27
일반음식점,쭈꾸,"강원특별자치도 춘천시 춘주로187번길 13, 1층 (퇴계동)",강원특별자치도 춘천시 퇴계동 906-1 ,033-253-2008,한식,2026-05-27
일반음식점,삼오식당,"강원특별자치도 춘천시 후석로393번길 10, 1층 103호 (후평동)",강원특별자치도 춘천시 후평동 711-36 ,033-242-2382,한식,2026-05-27
일반음식점,춘천안식원장례식장(주),"강원특별자치도 춘천시 동산면 종자리로 331-32, 지하1층",강원특별자치도 춘천시 동산면 군자리 703-5 ,033-262-4119,기타,2026-05-27
일반음식점,안녕감자,"강원특별자치도 춘천시 옛경춘로 804, 1층 (삼천동)",강원특별자치도 춘천시 삼천동 25-6 ,,한식,2026-05-27
일반음식점,함평순대국,"강원특별자치도 춘천시 세실로192번길 11, 1층 우측호 (후평동)",강원특별자치도 춘천시 후평동 879-2 ,,한식,2026-05-27
일반음식점,도리짱,"강원특별자치도 춘천시 남춘로36번길 52-4, 1층 (퇴계동)",강원특별자치도 춘천시 퇴계동 950-5 ,,한식,2026-05-27
일반음식점,한식구,"강원특별자치도 춘천시 새롬공원길 11, 1층 (석사동)",강원특별자치도 춘천시 석사동 838-5 ,,한식,2026-05-27
일반음식점,카츠루와춘천점,강원특별자치도 춘천시 효제길 13 (효자동),강원특별자치도 춘천시 효자동 150-10 ,,경양식,2026-05-27
일반음식점,꿀미네,"강원특별자치도 춘천시 보안길 18-1, 1층 (후평동)",강원특별자치도 춘천시 후평동 802-11 ,,한식,2026-05-27
일반음식점,낭만시대,"강원특별자치도 춘천시 보안길 19, 1층 (후평동)",강원특별자치도 춘천시 후평동 801-5 ,,한식,2026-05-27
일반음식점,한식김선생,"강원특별자치도 춘천시 아침길 24, 1층 (조양동)",강원특별자치도 춘천시 조양동 6-9 ,,한식,2026-05-27
일반음식점,남부도시락,"강원특별자치도 춘천시 효명길 7-24, 1층 (효자동)",강원특별자치도 춘천시 효자동 547 ,,한식,2026-05-27
일반음식점,후평동횟집임,"강원특별자치도 춘천시 후석로 262-1, 1층 (후평동)",강원특별자치도 춘천시 후평동 836-12 ,,횟집,2026-05-27
일반음식점,폴키(Porki),"강원특별자치도 춘천시 우두4길 3, 1층 (우두동)",강원특별자치도 춘천시 우두동 1107-4 ,,일식,2026-05-27
일반음식점,오소미김밥,"강원특별자치도 춘천시 방송길 77, 1층 1214호 (온의동, 춘천 센트럴타워 푸르지오)",강원특별자치도 춘천시 온의동 601 춘천 센트럴타워 푸르지오 ,,한식,2026-05-27
일반음식점,도화계,"강원특별자치도 춘천시 신북읍 신샘밭로 686, 1층",강원특별자치도 춘천시 신북읍 천전리 100-5 ,,기타,2026-05-27
일반음식점,옛남역,"강원특별자치도 춘천시 남춘로5번길 28-6, 1층 (퇴계동)",강원특별자치도 춘천시 퇴계동 645-3 ,,한식,2026-05-27
일반음식점,임마마의도시락&반찬,"강원특별자치도 춘천시 춘주로 174, 상가동 1층 104-1호 (퇴계동, 그린타운아파트)",강원특별자치도 춘천시 퇴계동 916-3 그린타운아파트 ,,한식,2026-05-27
일반음식점,으뜸스시(춘천명동점),"강원특별자치도 춘천시 금강로 66, 1층 (조양동)",강원특별자치도 춘천시 조양동 49-3 ,,일식,2026-05-27
일반음식점,이프,"강원특별자치도 춘천시 방송길 84, 롯데마트 1층 (온의동)",강원특별자치도 춘천시 온의동 6-25 롯데마트 ,,한식,2026-05-27
일반음식점,산들가든,"강원특별자치도 춘천시 솟발1길 28, 1,2층 (퇴계동)",강원특별자치도 춘천시 퇴계동 507-1 ,033-261-5553,한식,2026-05-27
일반음식점,봄빛부엌,"강원특별자치도 춘천시 우두4길 29-1, 1층 (우두동)",강원특별자치도 춘천시 우두동 1101-4 ,,분식,2026-05-27
일반음식점,명가,"강원특별자치도 춘천시 춘천로185번길 6-3, 1층 104호 (운교동)",강원특별자치도 춘천시 운교동 187-7 ,,한식,2026-05-27
일반음식점,고향식당,"강원특별자치도 춘천시 삭주로94번길 13-3, 1층 (후평동)",강원특별자치도 춘천시 후평동 852-17 ,,한식,2026-05-27
일반음식점,쭈꾸박스,"강원특별자치도 춘천시 후석로 120, 2층 210호 (석사동)",강원특별자치도 춘천시 석사동 980 ,,한식,2026-05-27
일반음식점,새벽해장국,"강원특별자치도 춘천시 안마산로 216, 퇴계금호타운아파트 상가동 1층 1호 (퇴계동)",강원특별자치도 춘천시 퇴계동 945 ,,한식,2026-05-27
일반음식점,덤브치킨춘천후평점,"강원특별자치도 춘천시 후석로 342, 가동 1층 (후평동)",강원특별자치도 춘천시 후평동 702 ,,호프/통닭,2026-05-27
일반음식점,명품치킨,"강원특별자치도 춘천시 후석로 368, 2동 1층 (후평동)",강원특별자치도 춘천시 후평동 726 ,,호프/통닭,2026-05-27
일반음식점,석이네한잔,"강원특별자치도 춘천시 우석로79번길 16-24, 1층 (석사동)",강원특별자치도 춘천시 석사동 734-20 ,,호프/통닭,2026-05-27
일반음식점,내고향왕산뼈다귀,"강원특별자치도 춘천시 옛경춘로 777, 1층 (삼천동)",강원특별자치도 춘천시 삼천동 43-3 ,,한식,2026-05-27
일반음식점,돌아온왕십리곱창춘천점,"강원특별자치도 춘천시 삭주로 31-1, 1층 (교동)",강원특별자치도 춘천시 교동 136-11 ,,정종/대포집/소주방,2026-05-27
일반음식점,그날,"강원특별자치도 춘천시 남산면 강촌구곡길 314-1, 1층",강원특별자치도 춘천시 남산면 강촌리 432-45 ,,한식,2026-05-27
일반음식점,집밥연구소퇴계직영점,"강원특별자치도 춘천시 지석로 80, 춘천시너스카펠라복합빌딩 1층 102,103,104호 (퇴계동)",강원특별자치도 춘천시 퇴계동 1017 ,,한식,2026-05-27
일반음식점,퇴계직영점집밥연구소,"강원특별자치도 춘천시 지석로 80, 춘천시너스카펠라복합빌딩 1층 104호 (퇴계동)",강원특별자치도 춘천시 퇴계동 1017 ,,한식,2026-05-27
일반음식점,춘천제육,"강원특별자치도 춘천시 스포츠타운길 344, 2층 (삼천동)",강원특별자치도 춘천시 삼천동 293-1 ,,한식,2026-05-27
일반음식점,이디야커피춘천후석로점,"강원특별자치도 춘천시 후석로 368, 1층 (후평동)",강원특별자치도 춘천시 후평동 726 ,033-244-3324,기타,2026-05-27
일반음식점,후평인장어,"강원특별자치도 춘천시 보안길 51, 1층 (후평동)",강원특별자치도 춘천시 후평동 67-73 ,,한식,2026-05-27
일반음식점,디티무대뽀,"강원특별자치도 춘천시 남산면 서백길 496-4, 1층",강원특별자치도 춘천시 남산면 백양리 108-3 ,,정종/대포집/소주방,2026-05-27
일반음식점,숙이네국밥,"강원특별자치도 춘천시 칠전서길 28-9, 1층 (칠전동)",강원특별자치도 춘천시 칠전동 590-4 ,,한식,2026-05-27
일반음식점,원유통슈퍼키친춘천점,"강원특별자치도 춘천시 우두1길 100, 116동 106호 (우두동)",강원특별자치도 춘천시 우두동 1089 ,,한식,2026-05-27
일반음식점,작은숲,"강원특별자치도 춘천시 신북읍 맥국길 368-5, 1층",강원특별자치도 춘천시 신북읍 발산리 21-1 ,,경양식,2026-05-27
일반음식점,코끼리카페춘천점,"강원특별자치도 춘천시 서부대성로 195, 1층 (효자동)",강원특별자치도 춘천시 효자동 615-12 ,,기타,2026-05-27
일반음식점,우지커피춘천후평점,"강원특별자치도 춘천시 후석로 278, 1층 우측호 (후평동)",강원특별자치도 춘천시 후평동 801-6 ,,기타,2026-05-27
일반음식점,하우스아녹,"강원특별자치도 춘천시 동내면 대룡산길 19-29, 1층",강원특별자치도 춘천시 동내면 사암리 1236 ,,한식,2026-05-27
일반음식점,소양라이스랩,"강원특별자치도 춘천시 신북읍 상천3길 4, 1층 102호",강원특별자치도 춘천시 신북읍 천전리 39-3 ,,기타,2026-05-27
일반음식점,오늘도곰탕,"강원특별자치도 춘천시 삭주로 6, 1층 (조양동)",강원특별자치도 춘천시 조양동 2-8 ,,한식,2026-05-27
일반음식점,리희룸바이리희,"강원특별자치도 춘천시 스무숲1길 22, 1층 (석사동)",강원특별자치도 춘천시 석사동 907-1 ,,기타,2026-05-27
휴게음식점,춘천세종호텔,강원특별자치도 춘천시 봉의산길 31 (봉의동),강원특별자치도 춘천시 봉의동 15-3 , 033-252-1191,관광호텔,2026-05-27
휴게음식점,왕자,강원특별자치도 춘천시 중앙로 82 (중앙로2가),강원특별자치도 춘천시 중앙로2가 67 ,033-254-2228,다방,2026-05-27
휴게음식점,가야다실,"강원특별자치도 춘천시 서부대성로48번길 24, 1층 (요선동)",강원특별자치도 춘천시 요선동 18-2 ,033-254-2826,다방,2026-05-27
휴게음식점,회원다실,강원특별자치도 춘천시 춘천로 176 (운교동),강원특별자치도 춘천시 운교동 181-9 ,033-257-1223,다방,2026-05-27
휴게음식점,춘천커피,강원특별자치도 춘천시 서부대성로48번길 11-1 (요선동),강원특별자치도 춘천시 요선동 9-22 , 033-241-5274,다방,2026-05-27
휴게음식점,정원다방,강원특별자치도 춘천시 공지로 458 (근화동),강원특별자치도 춘천시 근화동 709-20 ,033-252-5077,다방,2026-05-27
휴게음식점,삼화다실,"강원특별자치도 춘천시 춘천로 299, 지하1층 (후평동)",강원특별자치도 춘천시 후평동 693-4 지하1층 ,033-262-4730,다방,2026-05-27
휴게음식점,우성,강원특별자치도 춘천시 공지로 330 (효자동),강원특별자치도 춘천시 효자동 671-8 , 033-257-7267,다방,2026-05-27
휴게음식점,주식회사 대덕유통,강원특별자치도 춘천시 명동길 5 (조양동),강원특별자치도 춘천시 조양동 50-9 ,033-251-5258,패스트푸드,2026-05-27
휴게음식점,베스킨라빈스춘천명동점,"강원특별자치도 춘천시 중앙로67번길 3, 1층 (중앙로2가)","강원특별자치도 춘천시 중앙로2가 28 , 24-2(외부창고) ", 033-251-3110,기타 휴게음식점,2026-05-27
휴게음식점,31 아이스크림 후평점,"강원특별자치도 춘천시 후석로 296 (후평동, 1층)",강원특별자치도 춘천시 후평동 794-6 , 033-255-3110,기타 휴게음식점,2026-05-27
휴게음식점,금성다방,강원특별자치도 춘천시 중앙로 106 (낙원동),강원특별자치도 춘천시 낙원동 118-8 , 033-254-3790,다방,2026-05-27
휴게음식점,배스킨라빈스31강원대점,강원특별자치도 춘천시 서부대성로 239 (효자동),강원특별자치도 춘천시 효자동 628-10 , 033-252-0131,기타 휴게음식점,2026-05-27
휴게음식점,강촌힐스,강원특별자치도 춘천시 서면 경춘로 584 (1층),강원특별자치도 춘천시 서면 안보리 641-9 외1필지 (1층) ,033-263-3456,기타 휴게음식점,2026-05-27
휴게음식점,일출다실,강원특별자치도 춘천시 중앙로 170 (근화동),강원특별자치도 춘천시 근화동 722-4 , 033-244-0213,다방,2026-05-27
휴게음식점,(주)한우기업,"강원특별자치도 춘천시 강원대학길 1 (효자동, 2동 5층)",강원특별자치도 춘천시 효자동 192-1 , 033-242-6650,기타 휴게음식점,2026-05-27
휴게음식점,롯데리아강대점 ,"강원특별자치도 춘천시 서부대성로 231, 1층 (효자동)",강원특별자치도 춘천시 효자동 628-6 , 033-257-2455,패스트푸드,2026-05-27
휴게음식점,저스트피자,"강원특별자치도 춘천시 중앙로 지하 47-2, 다16 (중앙로1가)",강원특별자치도 춘천시 중앙로1가 91 다16 , 033-244-1999,기타 휴게음식점,2026-05-27
휴게음식점,세븐일레븐한림대2점,"강원특별자치도 춘천시 삭주로 90 (후평동, 동보빌리지상가 1-3)",강원특별자치도 춘천시 후평동 857 , 033-253-7203,기타 휴게음식점,2026-05-27
휴게음식점,돈카돈까(1호점),"강원특별자치도 춘천시 중앙로 5, 지하상가 다-43,44,45,46 (중앙로1가)","강원특별자치도 춘천시 중앙로1가 0 지하상가 다43,44,45,46 ",033-252-1510,기타 휴게음식점,2026-05-27
휴게음식점,이디야커피춘천점,"강원특별자치도 춘천시 시청길10번길 4-1, 1,2층 (조양동)",강원특별자치도 춘천시 조양동 37-14 ,,커피숍,2026-05-27
휴게음식점,도미노피자춘천석사점,강원특별자치도 춘천시 공지로 220 (효자동),강원특별자치도 춘천시 효자동 280 , 033-264-0139,패스트푸드,2026-05-27
휴게음식점,은하수커피,"강원특별자치도 춘천시 중앙로 지하 50-4, 다-6호 (중앙로2가)",강원특별자치도 춘천시 중앙로2가 116 다6 ,,커피숍,2026-05-27
휴게음식점,세븐일레븐춘천터미널점,강원특별자치도 춘천시 춘주로91번길 2 (온의동),강원특별자치도 춘천시 온의동 526-9 ,033-910-4411,기타 휴게음식점,2026-05-27
휴게음식점,명랑핫도그엘리시안강촌점,"강원특별자치도 춘천시 남산면 북한강변길 688, 엘리시안 강촌",강원특별자치도 춘천시 남산면 백양리 29-1 엘리시안 강촌 , 033-260-2551,기타 휴게음식점,2026-05-27
휴게음식점,스트릿츄러스엘리시안강촌점,강원특별자치도 춘천시 남산면 북한강변길 688-79,강원특별자치도 춘천시 남산면 백양리 산 1-2 , 033-260-2852,기타 휴게음식점,2026-05-27
휴게음식점,스낵하우스4호점,"강원특별자치도 춘천시 남산면 북한강변길 688, 엘리시안 강촌",강원특별자치도 춘천시 남산면 백양리 29-1 엘리시안 강촌 ,,패스트푸드,2026-05-27
휴게음식점,스넥하우스6호점,"강원특별자치도 춘천시 남산면 북한강변길 688, 엘리시안 강촌",강원특별자치도 춘천시 남산면 백양리 29-1 엘리시안 강촌 ,033-260-2852,기타 휴게음식점,2026-05-27
휴게음식점,피자에땅,"강원특별자치도 춘천시 행촌로 46-1 (퇴계동, 1층)",강원특별자치도 춘천시 퇴계동 901-12 , 033-254-0052,패스트푸드,2026-05-27
휴게음식점,선비다방,강원특별자치도 춘천시 명동길 43-1 (죽림동),강원특별자치도 춘천시 죽림동 159-5 , 033-253-2347,다방,2026-05-27
휴게음식점,이삭토스트한림대점,"강원특별자치도 춘천시 삭주로 70, 1층 (교동)",강원특별자치도 춘천시 교동 158-15 , 033-244-6498,패스트푸드,2026-05-27
휴게음식점,지정환임실치즈피자(후평.효자점),"강원특별자치도 춘천시 후석로 266-1 (후평동, 1층)",강원특별자치도 춘천시 후평동 836-15 , 033-254-1113,패스트푸드,2026-05-27
휴게음식점,풍물다방,"강원특별자치도 춘천시 효자로 118, 1층 (효자동)",강원특별자치도 춘천시 효자동 147-7 ,,다방,2026-05-27
휴게음식점,피자나라치킨공주후평점,"강원특별자치도 춘천시 춘천로270번길 14-24, 1층 (후평동)",강원특별자치도 춘천시 후평동 680 , 033-244-9225,패스트푸드,2026-05-27
휴게음식점,이마트24 R 춘천중앙로점,강원특별자치도 춘천시 낙원길 35 (낙원동),강원특별자치도 춘천시 낙원동 62-2 ,033-261-7321,기타 휴게음식점,2026-05-27
휴게음식점,(주)케이알산업춘천(하)휴게소열린매장,강원특별자치도 춘천시 동내면 영서로 1432,강원특별자치도 춘천시 동내면 사암리 123-2 외5필지 , 033-264-0500,기타 휴게음식점,2026-05-27
휴게음식점,김밥나라,강원특별자치도 춘천시 동내면 영서로 1781,강원특별자치도 춘천시 동내면 학곡리 306-33 , 033-263-7119,기타 휴게음식점,2026-05-27
휴게음식점,도미노피자춘천후평점,강원특별자치도 춘천시 춘천로 247 (효자동),강원특별자치도 춘천시 효자동 756-18 , 033-241-3046,패스트푸드,2026-05-27
휴게음식점,상하이마라꼬치춘천중앙점,"강원특별자치도 춘천시 중앙로67번길 8 (죽림동, 1층)",강원특별자치도 춘천시 죽림동 6-18 ,,기타 휴게음식점,2026-05-27
휴게음식점,배스킨라빈스(춘천이마트점),"강원특별자치도 춘천시 경춘로 2353, 이마트 (온의동)",강원특별자치도 춘천시 온의동 511 이마트 ,033-252-5296,패스트푸드,2026-05-27
휴게음식점,피자체스춘천점,"강원특별자치도 춘천시 효제길 37 (효자동, 1층)",강원특별자치도 춘천시 효자동 159-35 ,033-255-1828,패스트푸드,2026-05-27
휴게음식점,본죽앤드비빔밥춘천시청점,"강원특별자치도 춘천시 중앙로 32, 107호 (요선동)",강원특별자치도 춘천시 요선동 9-3 ,033-242-6233,기타 휴게음식점,2026-05-27
휴게음식점,제이콥스스테이션,강원특별자치도 춘천시 동면 순환대로 1154-49,강원특별자치도 춘천시 동면 만천리 329-5 , 033-257-5625,커피숍,2026-05-27
휴게음식점,스타벅스춘천이마트점,"강원특별자치도 춘천시 경춘로 2353, 이마트 1층 (온의동)",강원특별자치도 춘천시 온의동 511 이마트 ,033-241-1974,커피숍,2026-05-27
휴게음식점,다올앤사주와타로,"강원특별자치도 춘천시 지석로 80, 2층 285호 (퇴계동)",강원특별자치도 춘천시 퇴계동 1017 ,070-8226-1729,기타 휴게음식점,2026-05-27
휴게음식점,즐겨찾기,"강원특별자치도 춘천시 춘주로147번길 10-13 (퇴계동, 1층)",강원특별자치도 춘천시 퇴계동 912-5 ,033-252-0493,기타 휴게음식점,2026-05-27
휴게음식점,고봉민김밥춘천후평점,"강원특별자치도 춘천시 후석로 326 (후평동, 엠타워 102호)",강원특별자치도 춘천시 후평동 701-8 ,033-257-8856,기타 휴게음식점,2026-05-27
휴게음식점,이삭토스트(퇴계점),"강원특별자치도 춘천시 행촌로 36 (퇴계동, 1층)",강원특별자치도 춘천시 퇴계동 902-9 ,033-254-7689,기타 휴게음식점,2026-05-27
휴게음식점,씨지브이춘천매점(2),"강원특별자치도 춘천시 지석로 80 (퇴계동, 춘천시너스카펠라복합빌딩 502호)",강원특별자치도 춘천시 퇴계동 1017 ,033-269-7800,기타 휴게음식점,2026-05-27
휴게음식점,씨지브이춘천매점(3),"강원특별자치도 춘천시 지석로 80 (퇴계동, 춘천시너스카펠라복합빌딩 702호)",강원특별자치도 춘천시 퇴계동 1017 ,033-269-7800,기타 휴게음식점,2026-05-27
휴게음식점,크렘,"강원특별자치도 춘천시 중앙로67번길 4, 2층 (중앙로2가)",강원특별자치도 춘천시 중앙로2가 31 ,033-251-8795,커피숍,2026-05-27
휴게음식점,(주)에이치푸드,강원특별자치도 춘천시 동내면 공지로 80 (신동하나로마트),강원특별자치도 춘천시 동내면 거두리 929-2 ,033-264-1400,일반조리판매,2026-05-27
휴게음식점,피자스쿨(퇴계금호타운점),"강원특별자치도 춘천시 안마산로 213 (퇴계동, 퇴계타운114호)",강원특별자치도 춘천시 퇴계동 79 ,033-264-7444,기타 휴게음식점,2026-05-27
휴게음식점,이삭토스트강북점,"강원특별자치도 춘천시 충열로 10-9 (우두동, 1층)",강원특별자치도 춘천시 우두동 1066-21 ,033-252-0303,기타 휴게음식점,2026-05-27
휴게음식점,스타벅스춘천명동점,"강원특별자치도 춘천시 중앙로 55, 1층 (중앙로2가)",강원특별자치도 춘천시 중앙로2가 5-1 ,033-242-8266,커피숍,2026-05-27
휴게음식점,피자스쿨(석사애막골점),강원특별자치도 춘천시 후석로186번길 16 (석사동),강원특별자치도 춘천시 석사동 729-8 ,033-261-6066,패스트푸드,2026-05-27
휴게음식점,동그라미식당,"강원특별자치도 춘천시 춘천로 253, 1층 101호 (효자동)",강원특별자치도 춘천시 효자동 756-9 ,033-255-3902,기타 휴게음식점,2026-05-27
휴게음식점,이디야(석사점),"강원특별자치도 춘천시 퇴계농공로 10 (석사동, 한주빌딩 1층)",강원특별자치도 춘천시 석사동 878-2 ,033-910-2120,커피숍,2026-05-27
휴게음식점,호밀호두,"강원특별자치도 춘천시 김유정로 1887 (퇴계동, 1층가운데)",강원특별자치도 춘천시 퇴계동 183-2 ,033-262-5259,기타 휴게음식점,2026-05-27
휴게음식점,나무향기,"강원특별자치도 춘천시 스포츠타운길433번길 8 (삼천동, 2층)",강원특별자치도 춘천시 삼천동 37-1 ,033-241-9877,기타 휴게음식점,2026-05-27
휴게음식점,맛사랑,"강원특별자치도 춘천시 김유정로 1890-1 (퇴계동, 춘천축협하나로마트퇴계점 지하1층)",강원특별자치도 춘천시 퇴계동 164-3 ,033-261-4224,기타 휴게음식점,2026-05-27
휴게음식점,이디야춘천퇴계하나로마트점,"강원특별자치도 춘천시 지석로 11, 2층 (퇴계동, 춘천철원축협하나로마트)",강원특별자치도 춘천시 퇴계동 164-3 ,033-242-2929,커피숍,2026-05-27
휴게음식점,감탄춘천석사점,"강원특별자치도 춘천시 지석로 75 (석사동, 프라임존빌딩 105호)",강원특별자치도 춘천시 석사동 880-5 ,033-262-8262,기타 휴게음식점,2026-05-27
휴게음식점,아이스플라워,"강원특별자치도 춘천시 공지로 121-1 (석사동, 1층)",강원특별자치도 춘천시 석사동 310-5 ,033-261-1141,기타 휴게음식점,2026-05-27
휴게음식점,베스킨라빈스춘천석사점,"강원특별자치도 춘천시 지석로 75 (석사동, 106호)",강원특별자치도 춘천시 석사동 880-5 ,033-261-7731,기타 휴게음식점,2026-05-27
휴게음식점,세븐일레븐춘천금호점,"강원특별자치도 춘천시 안마산로 214 (퇴계동, 퇴계금호타운1층 5.9호)",강원특별자치도 춘천시 퇴계동 945 ,033-262-5462,기타 휴게음식점,2026-05-27
휴게음식점,킴스카페(Kim's caffe),"강원특별자치도 춘천시 춘천로 188 (효자동, 메가시티빌딩 110호, 206호)","강원특별자치도 춘천시 효자동 654-9 외6필지(메가씨티빌딩110호,206호) ",033-257-8887,커피숍,2026-05-27
휴게음식점,동양유통,"강원특별자치도 춘천시 후석로228번길 21 (후평동, 석사2지구아파트상가 104호)",강원특별자치도 춘천시 후평동 892 ,033-254-1447,기타 휴게음식점,2026-05-27
휴게음식점,미래문구,강원특별자치도 춘천시 교동길 24 (교동),강원특별자치도 춘천시 교동 98-6 ,033-243-3076,기타 휴게음식점,2026-05-27
휴게음식점,공차춘천명동점,"강원특별자치도 춘천시 중앙로67번길 3, 1층 (중앙로2가)",강원특별자치도 춘천시 중앙로2가 28 ,033-251-3350,커피숍,2026-05-27
휴게음식점,짱손만두,강원특별자치도 춘천시 후석로455번길 55-3 (후평동),강원특별자치도 춘천시 후평동 714-7 ,033-255-8249,기타 휴게음식점,2026-05-27
휴게음식점,롯데쇼핑(주)롯데마트춘천점,"강원특별자치도 춘천시 방송길 84 (온의동, 롯데마트춘천점)",강원특별자치도 춘천시 온의동 6-25 롯데마트 ,033-240-2500,백화점,2026-05-27
휴게음식점,아이스플라워한림점,강원특별자치도 춘천시 삭주로 64 (교동),강원특별자치도 춘천시 교동 15-3 ,033-257-7674,기타 휴게음식점,2026-05-27
휴게음식점,씨유춘천대학로점,"강원특별자치도 춘천시 백령로 111, 2동 1층 (효자동)",강원특별자치도 춘천시 효자동 770-8 ,033-254-8589,편의점,2026-05-27
휴게음식점,홈플러스춘천점(조리제안코너),"강원특별자치도 춘천시 김유정로 1840 (퇴계동, 홈플러스춘천점)",강원특별자치도 춘천시 퇴계동 144-1 외10필지(홈플러스춘천점) ,033-269-8000,기타 휴게음식점,2026-05-27
휴게음식점,카페온에어(cafe ONAIR),"강원특별자치도 춘천시 방송길 109 (퇴계동, KBS춘천방송총국1층)",강원특별자치도 춘천시 퇴계동 739-5 ,033-257-1199,일반조리판매,2026-05-27
휴게음식점,투썸플레이스춘천명동점,"강원특별자치도 춘천시 금강로 58 (조양동, 1,2층)",강원특별자치도 춘천시 조양동 50-14 ,033-255-0715,커피숍,2026-05-27
휴게음식점,소양댐휴게소,"강원특별자치도 춘천시 신북읍 신샘밭로 862, 1층",강원특별자치도 춘천시 신북읍 천전리 3-3 ,033-241-3755,커피숍,2026-05-27
휴게음식점,통메밀부침전문점,"강원특별자치도 춘천시 지석로 74-11 (퇴계동, 퇴계시장상가 A-14)",강원특별자치도 춘천시 퇴계동 1018 A-14호 ,033-264-1666,일반조리판매,2026-05-27
휴게음식점,잇츠(It`s)커피,강원특별자치도 춘천시 동내면 외솔길19번길 49-30 (101호),강원특별자치도 춘천시 동내면 거두리 1022-5 ,033-261-5404,커피숍,2026-05-27
휴게음식점,지에스25시(춘천강대사랑점),강원특별자치도 춘천시 백령로138번길 47 (효자동),강원특별자치도 춘천시 효자동 631-2 ,033-254-2026,기타 휴게음식점,2026-05-27
휴게음식점,피자스쿨춘천후평점,강원특별자치도 춘천시 후석로 299 (후평동),강원특별자치도 춘천시 후평동 793-3 ,033-253-8998,패스트푸드,2026-05-27
휴게음식점,땅스부대찌개우두점,강원특별자치도 춘천시 영서로 2786 (우두동),강원특별자치도 춘천시 우두동 691-14 ,033-253-8599,패스트푸드,2026-05-27
휴게음식점,강촌쵸코민트,"강원특별자치도 춘천시 남산면 풀무골1길 58, 1층",강원특별자치도 춘천시 남산면 방곡리 84-1 ,033-261-5454,일반조리판매,2026-05-27
휴게음식점,피자에땅(교동점),"강원특별자치도 춘천시 춘천로 239-1 (효자동, 1층)",강원특별자치도 춘천시 효자동 751-11 ,033-253-5353,일반조리판매,2026-05-27
휴게음식점,롯데쇼핑(주)롯데마트석사점,"강원특별자치도 춘천시 세실로 108 (석사동, 롯데마트석사점)",강원특별자치도 춘천시 석사동 27-2 ,033-260-7744,일반조리판매,2026-05-27
휴게음식점,이디야커피한림대점,"강원특별자치도 춘천시 삭주로 62, 2,3층 (교동)","강원특별자치도 춘천시 교동 11-1 2,3층 ",033-910-3792,커피숍,2026-05-27
휴게음식점,지에스25시(춘천시티점),강원특별자치도 춘천시 서부대성로 205 (효자동),강원특별자치도 춘천시 효자동 618-3 ,033-256-5506,일반조리판매,2026-05-27
휴게음식점,리얼브래드진,"강원특별자치도 춘천시 동면 춘천로449번길 16-5, 1층",강원특별자치도 춘천시 동면 장학리 1005 ,070-4245-1249,커피숍,2026-05-27
휴게음식점,커피쟁이비버씨,강원특별자치도 춘천시 동내면 거두택지길 93-1,강원특별자치도 춘천시 동내면 거두리 1111-6 ,033-264-7744,커피숍,2026-05-27
휴게음식점,본죽(강대점),"강원특별자치도 춘천시 백령로 152, 2층 (효자동)",강원특별자치도 춘천시 효자동 19-2 ,033-244-4467,일반조리판매,2026-05-27
휴게음식점,이디야커피,"강원특별자치도 춘천시 공지로 591, 춘천역 1층 (근화동)",강원특별자치도 춘천시 근화동 190 춘천역 ,033-256-1254,패스트푸드,2026-05-27
휴게음식점,스타벅스강원대점,"강원특별자치도 춘천시 서부대성로 243-1, 1층 (효자동)",강원특별자치도 춘천시 효자동 632-3 ,033-256-8490,커피숍,2026-05-27
휴게음식점,화월비,강원특별자치도 춘천시 애막골길3번길 6-1 (석사동),강원특별자치도 춘천시 석사동 750-11 ,033-817-2336,커피숍,2026-05-27
휴게음식점,할리스춘천강원대점,"강원특별자치도 춘천시 서부대성로 229 (효자동, 1층,2층)",강원특별자치도 춘천시 효자동 628-4 ,033-253-0425,패스트푸드,2026-05-27
휴게음식점,남이아일랜드북까페,강원특별자치도 춘천시 남산면 남이섬길 1 ((밥플렉스 1층)),강원특별자치도 춘천시 남산면 방하리 198-7 (밥플렉스 1층) ,031-580-8098,커피숍,2026-05-27
휴게음식점,던킨도너츠,"강원특별자치도 춘천시 공지로 591, 춘천역 3층 (근화동)",강원특별자치도 춘천시 근화동 190 춘천역 ,033-255-6923,패스트푸드,2026-05-27
휴게음식점,허니비스코디지,강원특별자치도 춘천시 남산면 햇골길 80 (A매점),강원특별자치도 춘천시 남산면 서천리 414 외30필지(매점A동) ,033-260-8300,패스트푸드,2026-05-27
휴게음식점,가드너스코티지,"강원특별자치도 춘천시 남산면 햇골길 80, 제이드가든수목원 B동",강원특별자치도 춘천시 남산면 서천리 412 제이드가든수목원 ,033-260-8380,일반조리판매,2026-05-27
휴게음식점,카페띠아모(퇴계점),"강원특별자치도 춘천시 남춘천새길 10-1 (퇴계동, 1층)",강원특별자치도 춘천시 퇴계동 1109 ,033-252-3484,커피숍,2026-05-27
휴게음식점,아이스쿨,강원특별자치도 춘천시 애막골길11번길 32-1 (석사동),강원특별자치도 춘천시 석사동 735-20 ,033-264-8999,일반조리판매,2026-05-27
휴게음식점,세븐일레븐춘천우두풍년점,강원특별자치도 춘천시 충열로 78 (우두동),강원특별자치도 춘천시 우두동 410-28 ,033-257-6503,편의점,2026-05-27
휴게음식점,지에스25시(춘천대학로점),강원특별자치도 춘천시 백령로 115 (효자동),강원특별자치도 춘천시 효자동 769-15 ,033-254-1876,기타 휴게음식점,2026-05-27
휴게음식점,씨유우두점,강원특별자치도 춘천시 영서로2753번길 36 (우두동),강원특별자치도 춘천시 우두동 1055 ,033-241-0799,편의점,2026-05-27
휴게음식점,지노커피,"강원특별자치도 춘천시 후석로 391, 1층 (후평동)",강원특별자치도 춘천시 후평동 710-4 ,033-252-9736,커피숍,2026-05-27
휴게음식점,남부커피숍,"강원특별자치도 춘천시 공지로 349, 1층 (효자동)",강원특별자치도 춘천시 효자동 685-8 ,033-251-2444,다방,2026-05-27
휴게음식점,이디야커피춘천동면점,강원특별자치도 춘천시 동면 만천로 138,강원특별자치도 춘천시 동면 만천리 864-3 ,033-252-6844,커피숍,2026-05-27
휴게음식점,카페8MM,강원특별자치도 춘천시 신동면 모오리길 47-26,강원특별자치도 춘천시 신동면 팔미리 237-7 ,033-262-6868,기타 휴게음식점,2026-05-27
휴게음식점,춘천동원학교카페공감,강원특별자치도 춘천시 영서로 2854 (사농동),강원특별자치도 춘천시 사농동 84 ,033-259-0879,커피숍,2026-05-27
휴게음식점,프랭크서울커피와나무,강원특별자치도 춘천시 동면 만천양지길 41 (1층),강원특별자치도 춘천시 동면 만천리 844-2 (1층) ,,커피숍,2026-05-27
휴게음식점,로뎀까페,"강원특별자치도 춘천시 영서로2151번길 30, 바동 1층 (퇴계동)",강원특별자치도 춘천시 퇴계동 202 ,033-259-3028,커피숍,2026-05-27
휴게음식점,스타벅스강원대점2,"강원특별자치도 춘천시 서부대성로 243-1 (효자동, 2층,3층)","강원특별자치도 춘천시 효자동 632-3 (2층,3층) ",033-256-8490,커피숍,2026-05-27
휴게음식점,케이에프씨춘천이마트,"강원특별자치도 춘천시 경춘로 2353, 이마트 (온의동)",강원특별자치도 춘천시 온의동 511 이마트 ,02-3670-8395,일반조리판매,2026-05-27
휴게음식점,장미다방,"강원특별자치도 춘천시 춘천로 70, 지하1층 (효자동)",강원특별자치도 춘천시 효자동 684-7 지하1층 ,033-257-8994,다방,2026-05-27
휴게음식점,살롱제이드,"강원특별자치도 춘천시 남산면 햇골길 80, 1, 2층",강원특별자치도 춘천시 남산면 서천리 412 ,033-260-8312,일반조리판매,2026-05-27
휴게음식점,씨유춘천제일점,강원특별자치도 춘천시 우석로 65 (석사동),강원특별자치도 춘천시 석사동 747-10 ,033-263-2306,편의점,2026-05-27
휴게음식점,소나타까페,강원특별자치도 춘천시 남산면 남이섬길 1,강원특별자치도 춘천시 남산면 방하리 198 ,031-580-8150,커피숍,2026-05-27
휴게음식점,(주)강촌레일파크패스트푸드앤커피전문점,강원특별자치도 춘천시 신동면 김유정로 1383,강원특별자치도 춘천시 신동면 증리 323-2 ,033-254-1000,유원지,2026-05-27
휴게음식점,씨유춘천후평세실점,강원특별자치도 춘천시 세실로 267 (후평동),강원특별자치도 춘천시 후평동 90-1 ,033-241-2440,기타 휴게음식점,2026-05-27
휴게음식점,미인다방,강원특별자치도 춘천시 춘천로 226 (효자동),강원특별자치도 춘천시 효자동 748 2층 ,033-243-7006,다방,2026-05-27
휴게음식점,경강카페테리아,강원특별자치도 춘천시 남산면 서백길 57,강원특별자치도 춘천시 남산면 서천리 32-3 ,033-245-1131,커피숍,2026-05-27
휴게음식점,씨유명동점,강원특별자치도 춘천시 중앙로 63-1 (중앙로2가),강원특별자치도 춘천시 중앙로2가 25 ,033-243-0482,편의점,2026-05-27
휴게음식점,지에스봄내위도,강원특별자치도 춘천시 영서로 3020 (사농동),강원특별자치도 춘천시 사농동 660 ,033-252-9983,편의점,2026-05-27
휴게음식점,알마,강원특별자치도 춘천시 중앙로 184 (근화동),강원특별자치도 춘천시 근화동 264-29 ,,커피숍,2026-05-27
휴게음식점,맘스터치명동직영점,"강원특별자치도 춘천시 중앙로 지하 47, 다 11호 (중앙로1가)",강원특별자치도 춘천시 중앙로1가 91 다11 ,033-242-9288,패스트푸드,2026-05-27
휴게음식점,오구쌀피자,"강원특별자치도 춘천시 동내면 춘천순환로 64, 103호",강원특별자치도 춘천시 동내면 거두리 926-3 ,033-262-5969,패스트푸드,2026-05-27
휴게음식점,시실리아,"강원특별자치도 춘천시 서부대성로227번길 22 (효자동, 1층,2층)","강원특별자치도 춘천시 효자동 629-14 (1층,2층) ",070-7768-9255,커피숍,2026-05-27
휴게음식점,이디야커피전문점,"강원특별자치도 춘천시 보안길 70-2 (후평동, 소라빌딩104호)",강원특별자치도 춘천시 후평동 457 ,033-256-3572,커피숍,2026-05-27
휴게음식점,이마트24 R 춘천유앤아이점,"강원특별자치도 춘천시 동면 만천로143번길 52, 1층",강원특별자치도 춘천시 동면 만천리 575-2 ,033-264-3319,기타 휴게음식점,2026-05-27
휴게음식점,국수나무춘천CGV점,"강원특별자치도 춘천시 퇴계농공로 12, 104호 (석사동)",강원특별자치도 춘천시 석사동 880-1 ,033-261-2267,기타 휴게음식점,2026-05-27
휴게음식점,커피니강원대학교병원점,강원특별자치도 춘천시 백령로 156 (효자동),강원특별자치도 춘천시 효자동 17-1 ,033-242-1012,커피숍,2026-05-27
휴게음식점,이디야커피퇴계점,"강원특별자치도 춘천시 퇴계로93번길 15, 1층 (퇴계동)",강원특별자치도 춘천시 퇴계동 395-79 ,033-261-0222,커피숍,2026-05-27
휴게음식점,으니의수라간(춘천점),"강원특별자치도 춘천시 영서로 2195, 1층 (퇴계동)",강원특별자치도 춘천시 퇴계동 381-1 ,033-251-0435,기타 휴게음식점,2026-05-27
휴게음식점,봉구스밥버거(한림대점),강원특별자치도 춘천시 삭주로 70 (교동),강원특별자치도 춘천시 교동 158-15 ,033-264-2050,기타 휴게음식점,2026-05-27
휴게음식점,강원대학교생활협동조합(GS강원대농생대점),강원특별자치도 춘천시 강원대학길 1 (효자동),강원특별자치도 춘천시 효자동 192-1 ,033-250-7411,커피숍,2026-05-27
휴게음식점,죽이야기,"강원특별자치도 춘천시 영서로2279번길 3, 1층 (온의동)",강원특별자치도 춘천시 온의동 171-1 ,033-242-6288,기타 휴게음식점,2026-05-27
휴게음식점,이디야장학점,"강원특별자치도 춘천시 동면 춘천로449번길 11, 1층",강원특별자치도 춘천시 동면 장학리 1002 ,033-252-2628,커피숍,2026-05-27
휴게음식점,꺼벙이,강원특별자치도 춘천시 소양로 122 (소양로2가),강원특별자치도 춘천시 소양로2가 157-7 ,033-252-0866,일반조리판매,2026-05-27
휴게음식점,투썸플레이스춘천거두점,강원특별자치도 춘천시 동내면 춘천순환로 131 (1층),강원특별자치도 춘천시 동내면 거두리 1058-1 1층 ,033-261-8588,커피숍,2026-05-27
휴게음식점,봉구스밥버거명동점,"강원특별자치도 춘천시 중앙로 지하 33-1, 15호 (중앙로1가, 지하 다열)",강원특별자치도 춘천시 중앙로1가 91 다열 15호,033-251-5094,일반조리판매,2026-05-27
휴게음식점,씨유춘천효자중앙점,강원특별자치도 춘천시 성심로35번길 2 (효자동),강원특별자치도 춘천시 효자동 754 ,070-8830-3451,편의점,2026-05-27
휴게음식점,반갑다창문밖고양이,"강원특별자치도 춘천시 삭주로80번길 5, 1층 (교동)",강원특별자치도 춘천시 교동 154-2 ,033-244-8636,커피숍,2026-05-27
휴게음식점,봉구스밥버거,강원특별자치도 춘천시 공지로 121 (석사동),강원특별자치도 춘천시 석사동 310-10 ,033-263-5026,기타 휴게음식점,2026-05-27
휴게음식점,씨유춘천포스코점,"강원특별자치도 춘천시 춘천로310번길 12, 1층 (후평동)",강원특별자치도 춘천시 후평동 691-21 1층 ,070-8887-2124,기타 휴게음식점,2026-05-27
휴게음식점,파스쿠찌춘천거두점,"강원특별자치도 춘천시 동내면 춘천순환로 128, 1층",강원특별자치도 춘천시 동내면 거두리 1102-2 ,033-262-8497,커피숍,2026-05-27
휴게음식점,차담,강원특별자치도 춘천시 남산면 남이섬길 1,강원특별자치도 춘천시 남산면 방하리 197 외8필지 ,031-581-1223,커피숍,2026-05-27
휴게음식점,씨유스무숲점,강원특별자치도 춘천시 스무숲길 35 (석사동),강원특별자치도 춘천시 석사동 928-1 ,033-261-5886,편의점,2026-05-27
휴게음식점,씨유춘천효제점,"강원특별자치도 춘천시 효제길 24, 1층 (효자동)",강원특별자치도 춘천시 효자동 164-11 1층 ,033-244-3283,편의점,2026-05-27
휴게음식점,메가엠지씨커피남춘천사거리점,"강원특별자치도 춘천시 퇴계로93번길 3, 106호 (퇴계동, 아이시티)",강원특별자치도 춘천시 퇴계동 1076 아이시티 106호,033-264-2367,커피숍,2026-05-27
휴게음식점,씨유춘천서부점,강원특별자치도 춘천시 새롬공원길5번길 38 (석사동),강원특별자치도 춘천시 석사동 838-6 씨유편의점 내 ,033-264-2145,기타 휴게음식점,2026-05-27
휴게음식점,오구본가(남춘천점),강원특별자치도 춘천시 퇴계로 95 (퇴계동),강원특별자치도 춘천시 퇴계동 1093 ,033-264-5958,일반조리판매,2026-05-27
휴게음식점,지에스이십오춘천신북점,강원특별자치도 춘천시 신북읍 신샘밭로 364 (GS25신북점 편의점내),강원특별자치도 춘천시 신북읍 율문리 274-14 GS25신북점 편의점내 ,033-241-2557,일반조리판매,2026-05-27
휴게음식점,세븐일레븐춘천만천대로점,강원특별자치도 춘천시 동면 만천로 87 (GS25춘천만천점 내),강원특별자치도 춘천시 동면 만천리 587-4 GS25춘천만천점 내 ,033-254-6618,패스트푸드,2026-05-27
휴게음식점,한양분식점,"강원특별자치도 춘천시 퇴계로 172, 107호 (퇴계동, 주공2차아파트)",강원특별자치도 춘천시 퇴계동 983-2 주공2차아파트 107호,033-261-4500,기타 휴게음식점,2026-05-27
휴게음식점,신돈야시장(춘천점),"강원특별자치도 춘천시 방송길 84 (온의동, 롯데마트춘천점 내)",강원특별자치도 춘천시 온의동 6-25 롯데마트춘천점 내 ,033-240-2517,일반조리판매,2026-05-27
휴게음식점,씨유강대에이스점,"강원특별자치도 춘천시 백령로 139 (효자동, 씨유강대에이스점 내)",강원특별자치도 춘천시 효자동 619-9 씨유강대에이스점 내 ,033-254-0127,일반조리판매,2026-05-27
휴게음식점,씨유한림춘천성심병원점,"강원특별자치도 춘천시 삭주로 77 (교동, 한림춘천싱심병원 씨유편의점 내)",강원특별자치도 춘천시 교동 153 한림춘천싱심병원 씨유편의점 내 ,033-764-9802,패스트푸드,2026-05-27
휴게음식점,벨몽드강북점(회코너),"강원특별자치도 춘천시 사우4길 36 (사농동, 벨몽드강북점내)",강원특별자치도 춘천시 사농동 99-6 벨몽드강북점내 , 033-252-6581,기타 휴게음식점,2026-05-27
휴게음식점,피자스쿨남춘천점,"강원특별자치도 춘천시 춘주로 150, 1층 (퇴계동, 현진@상가106,107)","강원특별자치도 춘천시 퇴계동 916-1 현진@상가106,107 ",033-252-3633,패스트푸드,2026-05-27
휴게음식점,비네뜨,강원특별자치도 춘천시 동내면 춘천순환로 62,강원특별자치도 춘천시 동내면 거두리 926-2 ,033-264-1215,커피숍,2026-05-27
휴게음식점,눈내린빙수,"강원특별자치도 춘천시 공지로 111, 101, 102호 (석사동, 신우아파트상가)","강원특별자치도 춘천시 석사동 682-1 신우아파트상가 101, 102호 ",033-262-3846,패스트푸드,2026-05-27
휴게음식점,샘파크,강원특별자치도 춘천시 남산면 방하로 429,강원특별자치도 춘천시 남산면 방하리 401-6 ,033-263-0125,일반조리판매,2026-05-27
휴게음식점,홍천메밀부침,"강원특별자치도 춘천시 효자로 108, 1층 (효자동)",강원특별자치도 춘천시 효자동 665-1 ,033-256-5195,기타 휴게음식점,2026-05-27
휴게음식점,이디야,"강원특별자치도 춘천시 서부대성로 245, 101호 (효자동)",강원특별자치도 춘천시 효자동 632-15 101호,,커피숍,2026-05-27
휴게음식점,옛날김밥,강원특별자치도 춘천시 신북읍 신북로 28,강원특별자치도 춘천시 신북읍 율문리 318-34 ,033-241-9399,일반조리판매,2026-05-27
휴게음식점,커피식스쥬스식스춘천명동CGV점,"강원특별자치도 춘천시 중앙로67번길 18, 6동 1층 6113호 (죽림동, 브라운가)",강원특별자치도 춘천시 죽림동 189 ,070-4694-6985,커피숍,2026-05-27
휴게음식점,벨몽드회코너(팔호광장점),"강원특별자치도 춘천시 춘천로 197-1, 1층 (효자동, 벨몽드팔호광장점)",강원특별자치도 춘천시 효자동 641 벨몽드팔호광장점 1층 ,033-258-5021,편의점,2026-05-27
휴게음식점,GS25춘천본점,"강원특별자치도 춘천시 후석로 45, 1층 (석사동)",강원특별자치도 춘천시 석사동 652-1 1층 ,033-261-5012,편의점,2026-05-27
휴게음식점,한국맥도날드(유)춘천퇴계DT점,"강원특별자치도 춘천시 영서로 2173, 1,2층 (퇴계동)","강원특별자치도 춘천시 퇴계동 418-20 1,2층 ",070-7209-1062,패스트푸드,2026-05-27
휴게음식점,투썸플레이스(춘천동면점),"강원특별자치도 춘천시 동면 춘천순환로 734, 1층",강원특별자치도 춘천시 동면 장학리 729-2 ,033-251-3002,커피숍,2026-05-27
휴게음식점,이삭토스트춘천명동점,강원특별자치도 춘천시 명동길 17-1 (조양동),강원특별자치도 춘천시 조양동 51-14 ,033-251-2411,패스트푸드,2026-05-27
휴게음식점,카페테리아,"강원특별자치도 춘천시 동산면 종자리로 331-21, 2층",강원특별자치도 춘천시 동산면 군자리 502 외7필지 ,033-263-7997,커피숍,2026-05-27
휴게음식점,히포코코,"강원특별자치도 춘천시 중앙로67번길 9, A동 6층 (조양동)",강원특별자치도 춘천시 조양동 144-3 ,033-253-3523,커피숍,2026-05-27
휴게음식점,곰씨네,"강원특별자치도 춘천시 중앙로77번길 31, 2층 (죽림동)",강원특별자치도 춘천시 죽림동 28-10 ,033-254-3633,다방,2026-05-27
휴게음식점,뮤지엄샵,"강원특별자치도 춘천시 우석로 70, 1층 (석사동)",강원특별자치도 춘천시 석사동 95-3 ,033-256-8511,커피숍,2026-05-27
휴게음식점,김밥마녀,강원특별자치도 춘천시 사우4길 36 (사농동),강원특별자치도 춘천시 사농동 99-6 ,033-252-7787,기타 휴게음식점,2026-05-27
휴게음식점,GS25춘천칠전점,강원특별자치도 춘천시 칠전서길 11-3 (칠전동),강원특별자치도 춘천시 칠전동 624-1 ,033-263-5047,편의점,2026-05-27
휴게음식점,버거타운,"강원특별자치도 춘천시 서부대성로 18, 1층 (소양로2가)",강원특별자치도 춘천시 소양로2가 165-2 ,033-250-8175,패스트푸드,2026-05-27
휴게음식점,교동꼬마김밥,강원특별자치도 춘천시 삭주로 34 (교동),강원특별자치도 춘천시 교동 137 ,033-256-0880,일반조리판매,2026-05-27
휴게음식점,로다운컵,"강원특별자치도 춘천시 공지로307번길 11, 1층 (효자동)",강원특별자치도 춘천시 효자동 707-1 ,033-911-3772,커피숍,2026-05-27
휴게음식점,꽃돼지분식,"강원특별자치도 춘천시 방송길 34, 1층 (근화동)",강원특별자치도 춘천시 근화동 713-7 ,,기타 휴게음식점,2026-05-27
휴게음식점,눈내린빙수(강대점),"강원특별자치도 춘천시 백령로 23, 1층 (효자동)",강원특별자치도 춘천시 효자동 176-29 ,033-244-6661,기타 휴게음식점,2026-05-27
휴게음식점,로스팅힐,"강원특별자치도 춘천시 금강로13번길 9, 1,2층 (소양로3가)",강원특별자치도 춘천시 소양로3가 95-2 ,033-241-2709,커피숍,2026-05-27
휴게음식점,씨유춘천e편한점,"강원특별자치도 춘천시 서부대성로 18, 1층 (소양로2가)",강원특별자치도 춘천시 소양로2가 165-2 ,033-251-2656,편의점,2026-05-27
휴게음식점,초원다실,"강원특별자치도 춘천시 중앙로 87-1, 2층 (중앙로2가)",강원특별자치도 춘천시 중앙로2가 42-99 2층 ,033-241-7009,다방,2026-05-27
휴게음식점,더카페(홈플러스춘천점),"강원특별자치도 춘천시 김유정로 1840, 1층 (퇴계동, 홈플러스춘천점내)",강원특별자치도 춘천시 퇴계동 141 ,033-262-5617,커피숍,2026-05-27
휴게음식점,씨유춘천현대점,"강원특별자치도 춘천시 춘천로 177, 1층 (운교동)",강원특별자치도 춘천시 운교동 182-1 ,033-252-8600,편의점,2026-05-27
휴게음식점,프랭크버거춘천후평점,"강원특별자치도 춘천시 보안길 66, 1층 (후평동)",강원특별자치도 춘천시 후평동 456-8 1층 ,033-242-3128,기타 휴게음식점,2026-05-27
휴게음식점,메가엠지씨커피춘천거두사거리점,"강원특별자치도 춘천시 동내면 춘천순환로 64, 1층 101호",강원특별자치도 춘천시 동내면 거두리 926-3 ,033-241-7799,기타 휴게음식점,2026-05-27
휴게음식점,지에스25엘리시안강촌,"강원특별자치도 춘천시 남산면 북한강변길 688, 엘리시안강촌리조트내 1층",강원특별자치도 춘천시 남산면 백양리 29-1 엘리시안 강촌 ,033-263-3446,편의점,2026-05-27
휴게음식점,인생닭강정,"강원특별자치도 춘천시 춘천로17번길 21, 춘천강남하이엔드 114호 (온의동)",강원특별자치도 춘천시 온의동 587-5 춘천강남하이엔드 ,033-257-3770,기타 휴게음식점,2026-05-27
휴게음식점,토스트잇,"강원특별자치도 춘천시 동면 춘천로449번길 20-1, 1층 101호",강원특별자치도 춘천시 동면 장학리 996-3 ,033-242-9592,기타 휴게음식점,2026-05-27
휴게음식점,샤론플라워카페,"강원특별자치도 춘천시 춘주로 135, 1층 (퇴계동)",강원특별자치도 춘천시 퇴계동 891-3 ,033-254-8394,기타 휴게음식점,2026-05-27
휴게음식점,요거프레소춘천소양로점,"강원특별자치도 춘천시 모수물길 40, 1층 (소양로2가)",강원특별자치도 춘천시 소양로2가 80-4 ,033-241-0925,커피숍,2026-05-27
휴게음식점,다올,"강원특별자치도 춘천시 공지로 154, 1층 (석사동)",강원특별자치도 춘천시 석사동 351-8 ,033-254-2934,커피숍,2026-05-27
휴게음식점,크리스피크림도넛춘천석사점,"강원특별자치도 춘천시 퇴계농공로 11, 1층 (석사동)",강원특별자치도 춘천시 석사동 888-1 ,033-244-4747,기타 휴게음식점,2026-05-27
휴게음식점,바불리옛날왕만두춘천점,"강원특별자치도 춘천시 약사고개길 7-1, 1층 (죽림동)",강원특별자치도 춘천시 죽림동 11-97 ,070-4107-9490,일반조리판매,2026-05-27
휴게음식점,책과인쇄박물관,"강원특별자치도 춘천시 신동면 풍류1길 156, 1층",강원특별자치도 춘천시 신동면 증리 616 ,033-264-9923,기타 휴게음식점,2026-05-27
휴게음식점,씨유춘천후평동아점,"강원특별자치도 춘천시 서부대성로 327, 1층 106~108호 (후평동, 동아아파트상가)",강원특별자치도 춘천시 후평동 893 ,033-255-8741,편의점,2026-05-27
휴게음식점,카페빅,"강원특별자치도 춘천시 중앙로 1, 신관2층 (봉의동)",강원특별자치도 춘천시 봉의동 15 ,033-251-2727,커피숍,2026-05-27
휴게음식점,크리스피크림도넛춘천명동점,"강원특별자치도 춘천시 중앙로67번길 18, 1층 1101호 (죽림동, 브라운상가1동)",강원특별자치도 춘천시 죽림동 189 ,033-252-6677,기타 휴게음식점,2026-05-27
휴게음식점,공차춘천강원대점,"강원특별자치도 춘천시 서부대성로 216, 1층 (효자동)",강원특별자치도 춘천시 효자동 617-14 ,033-263-0707,커피숍,2026-05-27
휴게음식점,세븐일레븐강촌점,"강원특별자치도 춘천시 남산면 강촌로 112, 1층",강원특별자치도 춘천시 남산면 강촌리 338-2 ,033-262-4882,편의점,2026-05-27
휴게음식점,빽다방강원대점,"강원특별자치도 춘천시 서부대성로239번길 4, 1층 (효자동)",강원특별자치도 춘천시 효자동 632 ,033-243-7737,커피숍,2026-05-27
휴게음식점,33떡볶이&꼬마김밥춘천우두점,"강원특별자치도 춘천시 충열로 10-14, 1층 (우두동)",강원특별자치도 춘천시 우두동 1067-1 ,033-251-3353,기타 휴게음식점,2026-05-27
휴게음식점,봄빛꿈을그리다,"강원특별자치도 춘천시 퇴계로 61-2, 1,2층 (퇴계동)",강원특별자치도 춘천시 퇴계동 1166-12 ,033-241-2820,커피숍,2026-05-27
휴게음식점,파파존스춘천점,"강원특별자치도 춘천시 후석로 342, 1층 (후평동)",강원특별자치도 춘천시 후평동 702 외2필지 ,033-251-8070,기타 휴게음식점,2026-05-27
휴게음식점,빽다방춘천석사CGV점,"강원특별자치도 춘천시 지석로 85, 1층 101호 (석사동)",강원특별자치도 춘천시 석사동 888-4 ,033-261-8701,커피숍,2026-05-27
휴게음식점,세븐일레븐춘천퇴계마루점,"강원특별자치도 춘천시 퇴계농공로 12, 1층 (석사동)",강원특별자치도 춘천시 석사동 880-1 ,,편의점,2026-05-27
휴게음식점,세븐일레븐춘천조안점,"강원특별자치도 춘천시 후석로59번길 11, 1층 101호 (석사동)",강원특별자치도 춘천시 석사동 646-1 ,,편의점,2026-05-27
휴게음식점,람지샌드,"강원특별자치도 춘천시 우석로4번길 15-1, 1층 (석사동)",강원특별자치도 춘천시 석사동 778-7 ,070-4231-7878,커피숍,2026-05-27
휴게음식점,정스수제마카롱,"강원특별자치도 춘천시 석사길5번길 4-1, 1층 (석사동)",강원특별자치도 춘천시 석사동 662-9 ,033-261-3390,기타 휴게음식점,2026-05-27
휴게음식점,이디야커피우두동점,"강원특별자치도 춘천시 충열로 39, B동 1층 121호 (우두동)",강원특별자치도 춘천시 우두동 707-35 ,033-241-1220,커피숍,2026-05-27
휴게음식점,씨유춘천두미르플러스점,"강원특별자치도 춘천시 영서로 2790-1, 1층 (우두동)",강원특별자치도 춘천시 우두동 759-20 ,033-255-2217,편의점,2026-05-27
휴게음식점,세븐일레븐춘천한림대점,"강원특별자치도 춘천시 봉의산길22번길 24-1, 1층 (옥천동)",강원특별자치도 춘천시 옥천동 9-3 ,033-251-2940,편의점,2026-05-27
휴게음식점,조운베이크샵,"강원특별자치도 춘천시 금강로 67-1, 1층 (조양동)",강원특별자치도 춘천시 조양동 37-21 ,033-251-9090,커피숍,2026-05-27
휴게음식점,투썸플레이스춘천퇴계점,"강원특별자치도 춘천시 안마산로 199, 1층 105호 (퇴계동)",강원특별자치도 춘천시 퇴계동 87 ,033-263-7859,커피숍,2026-05-27
휴게음식점,이디야커피춘천현대점,"강원특별자치도 춘천시 춘천로269번길 1, 1층 (후평동)",강원특별자치도 춘천시 후평동 677-13 ,033-256-3832,커피숍,2026-05-27
휴게음식점,롯데리아우두점,"강원특별자치도 춘천시 충열로 39, 1층 (우두동, A동)",강원특별자치도 춘천시 우두동 707-35 ,033-241-5258,패스트푸드,2026-05-27
휴게음식점,세븐일레븐춘천애막골점,"강원특별자치도 춘천시 애막골길11번길 34, 1층 (석사동)",강원특별자치도 춘천시 석사동 735-1 ,033-261-2585,편의점,2026-05-27
휴게음식점,이디야춘천온의롯데캐슬점,"강원특별자치도 춘천시 방송길 70, 117상가동 1층 105호 (온의동, 온의롯데캐슬스카이클래스)",강원특별자치도 춘천시 온의동 590 ,033-252-3086,커피숍,2026-05-27
휴게음식점,카페앤더슨(Anderson),"강원특별자치도 춘천시 영서로2151번길 4, 2층 (퇴계동)",강원특별자치도 춘천시 퇴계동 415-3 ,033-243-2977,커피숍,2026-05-27
휴게음식점,쥬씨후평점,"강원특별자치도 춘천시 후석로326번길 14, 1층 (후평동, MS마트내)",강원특별자치도 춘천시 후평동 79-1 ,033-251-9895,커피숍,2026-05-27
휴게음식점,빈티지다락방,"강원특별자치도 춘천시 서부대성로 243, 지하1층 (효자동)",강원특별자치도 춘천시 효자동 632-2 ,033-251-1160,기타 휴게음식점,2026-05-27
휴게음식점,세븐일레븐춘천제일점,"강원특별자치도 춘천시 동내면 거두택지길26번길 22, 1층",강원특별자치도 춘천시 동내면 거두리 954-9 ,033-262-6317,편의점,2026-05-27
휴게음식점,빵굽는카페,"강원특별자치도 춘천시 동내면 금촌로 64, 1층",강원특별자치도 춘천시 동내면 신촌리 166-3 ,033-261-8346,기타 휴게음식점,2026-05-27
휴게음식점,그다방,"강원특별자치도 춘천시 수변공원길 54, 2층 (삼천동)",강원특별자치도 춘천시 삼천동 238-3 ,033-242-7373,커피숍,2026-05-27
휴게음식점,지에스25춘천호반점,"강원특별자치도 춘천시 동내면 거두택지길 80, 상가동 1층 105호",강원특별자치도 춘천시 동내면 거두리 1138 ,,편의점,2026-05-27
휴게음식점,씨유(CU)춘천효자바위점,"강원특별자치도 춘천시 춘천로213번길 8, 1층 (효자동)",강원특별자치도 춘천시 효자동 745-2 1층 ,033-256-4007,기타 휴게음식점,2026-05-27
휴게음식점,쥐눈이콩나물밥1호점(춘천시니어클럽),"강원특별자치도 춘천시 중앙로 지하 33, 다열 82호, 83호 (중앙로1가)",강원특별자치도 춘천시 중앙로1가 91 다84 ,033-242-9777,기타 휴게음식점,2026-05-27
휴게음식점,세븐일레븐춘천남춘로점,"강원특별자치도 춘천시 남춘로 36, 1층 (효자동)",강원특별자치도 춘천시 효자동 367-18 ,033-261-7587,편의점,2026-05-27
휴게음식점,세븐일레븐춘천장학주공점,"강원특별자치도 춘천시 동면 소양강로 100-1, 1층 10호 (춘천장학 LH 1단지 상가동)",강원특별자치도 춘천시 동면 장학리 989 ,033-241-5616,편의점,2026-05-27
휴게음식점,세븐일레븐봄내박물관점,"강원특별자치도 춘천시 우석로 43, 1층 (석사동)",강원특별자치도 춘천시 석사동 765-2 ,,편의점,2026-05-27
휴게음식점,지에스(GS)25춘천송암,"강원특별자치도 춘천시 스포츠타운길 91, 2층 (송암동)",강원특별자치도 춘천시 송암동 243 ,033-262-9923,편의점,2026-05-27
휴게음식점,스타벅스커피춘천석사DT점,"강원특별자치도 춘천시 후석로 13, 1,2층 (석사동)",강원특별자치도 춘천시 석사동 799-4 ,033-262-2634,커피숍,2026-05-27
휴게음식점,지에스25장학춘천로점,"강원특별자치도 춘천시 동면 춘천로449번길 20, 1층",강원특별자치도 춘천시 동면 장학리 996-2 ,033-241-0250,편의점,2026-05-27
휴게음식점,지에스(GS)25춘천후평본,"강원특별자치도 춘천시 후만로98번길 9, 제점포2동 1층 4,5호 (후평동, 후평주공4단지아파트)",강원특별자치도 춘천시 후평동 809 후평주공4단지아파트 ,,편의점,2026-05-27
휴게음식점,존앤존피씨방,"강원특별자치도 춘천시 서부대성로 232, 2층 (효자동)",강원특별자치도 춘천시 효자동 627-11 ,033-243-1462,기타 휴게음식점,2026-05-27
휴게음식점,이디야커피거두점,"강원특별자치도 춘천시 동내면 춘천순환로 134, 1층 101호",강원특별자치도 춘천시 동내면 거두리 1105-2 ,033-262-0283,커피숍,2026-05-27
휴게음식점,소풍길분식,"강원특별자치도 춘천시 동면 춘천순환로 901, 1층 (신북농엽협동조합내)",강원특별자치도 춘천시 동면 장학리 450 외3필지 ,033-252-7001,기타 휴게음식점,2026-05-27
휴게음식점,베라카빈,"강원특별자치도 춘천시 미나리길11번길 6-3, 1층 (퇴계동)",강원특별자치도 춘천시 퇴계동 381-26 ,033-255-0422,커피숍,2026-05-27
휴게음식점,이디야남춘천점,"강원특별자치도 춘천시 행촌로 47, 1층 (퇴계동)",강원특별자치도 춘천시 퇴계동 889-1 ,033-241-0023,커피숍,2026-05-27
휴게음식점,바미토리,,강원특별자치도 춘천시 소양로3가 171-1 (꿈자람 물정원 내) ,033-818-0900,푸드트럭,2026-05-27
휴게음식점,세븐일레븐춘천만천쉼터점,"강원특별자치도 춘천시 동면 만천로 110, 1층",강원특별자치도 춘천시 동면 만천리 871-4 ,033-256-2250,편의점,2026-05-27
휴게음식점,한국맥도날드(유)춘천후평DT점,"강원특별자치도 춘천시 후석로 334, 1,2층 (후평동)",강원특별자치도 춘천시 후평동 702-5 ,070-7209-0662,패스트푸드,2026-05-27
휴게음식점,카페그랑강원대점,"강원특별자치도 춘천시 강원대학길 1, 1층 (효자동, BTL생활관 1층카페)",강원특별자치도 춘천시 효자동 192-1 ,,커피숍,2026-05-27
휴게음식점,버거킹춘천거두GS점,"강원특별자치도 춘천시 동내면 춘천순환로 59, 1~2층",강원특별자치도 춘천시 동내면 거두리 910 ,033-264-0332,패스트푸드,2026-05-27
휴게음식점,세븐일레븐남춘천광장점,"강원특별자치도 춘천시 우묵길 24-1, 1층 (퇴계동)",강원특별자치도 춘천시 퇴계동 1192-4 ,033-263-0714,편의점,2026-05-27
휴게음식점,스위티베어케이크,"강원특별자치도 춘천시 서부대성로 245, 1층 (효자동)",강원특별자치도 춘천시 효자동 632-15 ,033-252-2544,기타 휴게음식점,2026-05-27
휴게음식점,이디야춘천터미널점,"강원특별자치도 춘천시 춘주로 89, 1층 103,104호 (온의동, 트리플타워)",강원특별자치도 춘천시 온의동 515-3 ,033-251-7137,커피숍,2026-05-27
휴게음식점,세븐일레븐춘천석사제일점,"강원특별자치도 춘천시 벌말길 111, 1층 (석사동)",강원특별자치도 춘천시 석사동 705 ,033-262-2942,편의점,2026-05-27
휴게음식점,명랑핫도그춘천명동점,"강원특별자치도 춘천시 중앙로67번길 18, 6동 1층 6102호 (죽림동, 브라운가)",강원특별자치도 춘천시 죽림동 189 브라운가 ,033-252-3133,일반조리판매,2026-05-27
휴게음식점,니생각,"강원특별자치도 춘천시 학당길 32-1, 1층 (낙원동)",강원특별자치도 춘천시 낙원동 41-4 ,070-8875-1793,커피숍,2026-05-27
휴게음식점,크로프트커피로스터스,"강원특별자치도 춘천시 가연길16번길 6, 1층 (낙원동)",강원특별자치도 춘천시 낙원동 117-6 ,033-255-1176,커피숍,2026-05-27
휴게음식점,스타벅스커피춘천후평DT점,"강원특별자치도 춘천시 후석로 316, 1~2층 (후평동)",강원특별자치도 춘천시 후평동 700 외2필지 ,033-257-3287,커피숍,2026-05-27
휴게음식점,이디야커피거두사거리점,"강원특별자치도 춘천시 동내면 춘천순환로 70, 1층 103호",강원특별자치도 춘천시 동내면 거두리 926-5 1층 103호,033-261-5866,커피숍,2026-05-27
휴게음식점,원인더스트리,"강원특별자치도 춘천시 동면 춘천순환로 802, 1층",강원특별자치도 춘천시 동면 장학리 604-4 ,033-257-1186,기타 휴게음식점,2026-05-27
휴게음식점,카멜리아,"강원특별자치도 춘천시 신동면 금병의숙1길 4, 1층",강원특별자치도 춘천시 신동면 증리 488 ,033-263-8429,기타 휴게음식점,2026-05-27
휴게음식점,이마트24춘천요선점,"강원특별자치도 춘천시 서부대성로 48, 1층 (요선동)",강원특별자치도 춘천시 요선동 7-17 ,033-254-4944,편의점,2026-05-27
휴게음식점,지에스25행촌로점,"강원특별자치도 춘천시 행촌로 11, 1층 (퇴계동)",강원특별자치도 춘천시 퇴계동 917 ,033-242-5606,편의점,2026-05-27
휴게음식점,이디야춘천중앙역,"강원특별자치도 춘천시 우묵길52번길 24, 1층 (퇴계동)",강원특별자치도 춘천시 퇴계동 1-2 ,033-256-4716,커피숍,2026-05-27
휴게음식점,씨유춘천사농쉼터점,"강원특별자치도 춘천시 영서로 3057, 1층 (사농동)",강원특별자치도 춘천시 사농동 271-26 ,033-242-9185,편의점,2026-05-27
휴게음식점,씨유춘천후평점,"강원특별자치도 춘천시 춘천로 283, 1층 (후평동)",강원특별자치도 춘천시 후평동 686-1 ,033-243-5569,편의점,2026-05-27
휴게음식점,이디야커피낙원점,"강원특별자치도 춘천시 중앙로 110, 1층 (낙원동)",강원특별자치도 춘천시 낙원동 118-6 ,033-253-5759,커피숍,2026-05-27
휴게음식점,이삭토스트춘천봄내점,"강원특별자치도 춘천시 퇴계로 223, 1층 (석사동)",강원특별자치도 춘천시 석사동 818-3 1층 ,033-242-6696,일반조리판매,2026-05-27
휴게음식점,지에스(GS25)25춘천그랜드점,"강원특별자치도 춘천시 우석로101번길 20, 상가동 101호 (석사동, 그랜드아파트)",강원특별자치도 춘천시 석사동 722-2 그랜드아파트 상가동 101호,033-263-7488,일반조리판매,2026-05-27
휴게음식점,스낵하우스5호점,"강원특별자치도 춘천시 남산면 북한강변길 688, 1층 (엘리시안강촌리조트내)",강원특별자치도 춘천시 남산면 백양리 29-1 ,,패스트푸드,2026-05-27
휴게음식점,맘스케익(청주오믈렛)춘천점,"강원특별자치도 춘천시 후석로 261, 1층 (후평동)",강원특별자치도 춘천시 후평동 832-2 ,070-4252-8058,기타 휴게음식점,2026-05-27
휴게음식점,모두막춘천점,"강원특별자치도 춘천시 금강로 68-4, 2,3층 (조양동)",강원특별자치도 춘천시 조양동 41-1 ,033-257-1774,기타 휴게음식점,2026-05-27
휴게음식점,씨유춘천서면점,"강원특별자치도 춘천시 서면 박사로 929, 1층",강원특별자치도 춘천시 서면 금산리 999-1 ,033-241-6132,편의점,2026-05-27
휴게음식점,이디야강원도청점,"강원특별자치도 춘천시 서부대성로 44, 1층 (요선동)",강원특별자치도 춘천시 요선동 8-7 ,033-251-4074,커피숍,2026-05-27
휴게음식점,오케이분식,"강원특별자치도 춘천시 삭주로 68-1, 1층 (교동)",강원특별자치도 춘천시 교동 158-16 ,033-244-8321,일반조리판매,2026-05-27
휴게음식점,이삭토스트(춘천애막골점),강원특별자치도 춘천시 후석로186번길 22-1 (석사동),강원특별자치도 춘천시 석사동 726-10 ,033-262-5556,일반조리판매,2026-05-27
휴게음식점,어나더패브릭(another fabric),"강원특별자치도 춘천시 백령로 217-10, 1, 2층 (후평동)",강원특별자치도 춘천시 후평동 698-2 ,070-4219-2856,커피숍,2026-05-27
휴게음식점,추억의사랑방(춘천시니어클럽),"강원특별자치도 춘천시 중앙로 지하 33-1, 지하1층 가열58,59호 (중앙로1가)",강원특별자치도 춘천시 중앙로1가 91 관리사무실 ,033-256-3005,커피숍,2026-05-27
휴게음식점,GS25춘천애막골점,"강원특별자치도 춘천시 우석로79번길 25, 1층 (석사동)",강원특별자치도 춘천시 석사동 740-2 ,033-264-0450,편의점,2026-05-27
휴게음식점,GS25춘천동면점,"강원특별자치도 춘천시 동면 가산로 90-4, 1층",강원특별자치도 춘천시 동면 지내리 220-4 ,,편의점,2026-05-27
휴게음식점,세븐일레븐춘천에이스점,"강원특별자치도 춘천시 만천로 239, 1층 (후평동)",강원특별자치도 춘천시 후평동 754-4 ,,편의점,2026-05-27
휴게음식점,요거프레소춘천온의점,"강원특별자치도 춘천시 춘천로17번길 31, 1층 120호 (온의동, 더스위트캐슬)",강원특별자치도 춘천시 온의동 587-3 ,033-251-2498,커피숍,2026-05-27
휴게음식점,오월에,"강원특별자치도 춘천시 서면 화악지암길 810, 1층",강원특별자치도 춘천시 서면 오월리 190-11 ,033-243-5339,커피숍,2026-05-27
휴게음식점,몽키친,"강원특별자치도 춘천시 새롬공원길 8, 1층 (석사동)",강원특별자치도 춘천시 석사동 848-4 ,033-263-7767,일반조리판매,2026-05-27
휴게음식점,글로벌경영관까페,"강원특별자치도 춘천시 강원대학길 1, 2층 (효자동, 글로벌경영관)",강원특별자치도 춘천시 효자동 192-1 ,033-250-7797,커피숍,2026-05-27
휴게음식점,GS25춘천메가시티점,"강원특별자치도 춘천시 춘천로 188, 1층 101,102호 (효자동)",강원특별자치도 춘천시 효자동 654-9 ,033-256-9221,편의점,2026-05-27
휴게음식점,씨유춘천사북점,"강원특별자치도 춘천시 사북면 영서로 4797-1, 1층",강원특별자치도 춘천시 사북면 지촌리 536-12 ,033-243-1050,편의점,2026-05-27
휴게음식점,GS25춘천장학점,"강원특별자치도 춘천시 동면 만천로 240, 상가동 1층 104호 (춘천두산위브)",강원특별자치도 춘천시 동면 장학리 982 ,033-251-7732,편의점,2026-05-27
휴게음식점,세븐일레븐춘천포스코점,"강원특별자치도 춘천시 춘천로296번길 15-1, 1층 (후평동)",강원특별자치도 춘천시 후평동 690-3 ,,편의점,2026-05-27
휴게음식점,GS25춘천중앙점,"강원특별자치도 춘천시 남춘로 47, 1층 (효자동)",강원특별자치도 춘천시 효자동 712-11 ,033-242-7475,편의점,2026-05-27
휴게음식점,도담흑도라지,"강원특별자치도 춘천시 퇴계로145번길 11-17, 1층 102호 (퇴계동)",강원특별자치도 춘천시 퇴계동 1117 ,033-264-0619,커피숍,2026-05-27
휴게음식점,앨리스커피,"강원특별자치도 춘천시 남면 충효로 801, 1층",강원특별자치도 춘천시 남면 발산리 92-10 ,033-261-8384,커피숍,2026-05-27
휴게음식점,누림마루,"강원특별자치도 춘천시 동산면 영서로 824, 1층",강원특별자치도 춘천시 동산면 원창리 713 ,033-260-3315,커피숍,2026-05-27
휴게음식점,세븐일레븐춘천거두공단점,"강원특별자치도 춘천시 동내면 순환대로 940, 1층",강원특별자치도 춘천시 동내면 거두리 440-2 ,070-8870-6400,편의점,2026-05-27
휴게음식점,온스트릿,,강원특별자치도 춘천시 근화동 690-1 야외음악당 ,033-910-5800,푸드트럭,2026-05-27
휴게음식점,GS25춘천그린점,"강원특별자치도 춘천시 효자문길 3, 1층 (효자동)",강원특별자치도 춘천시 효자동 668 ,033-255-7047,편의점,2026-05-27
휴게음식점,보석상자,"강원특별자치도 춘천시 미나리길11번길 10, 1,2층 (퇴계동)",강원특별자치도 춘천시 퇴계동 381-30 ,033-255-4377,커피숍,2026-05-27
휴게음식점,미니분식,"강원특별자치도 춘천시 서부대성로 12, 1층 32,33호 (소양로2가, 춘천서부시장)","강원특별자치도 춘천시 소양로2가 172-1 32,33호 춘천서부시장 ",033-255-2510,일반조리판매,2026-05-27
휴게음식점,자이언트PC방2호점,"강원특별자치도 춘천시 지석로 85, 강남프라자 5층 (석사동)",강원특별자치도 춘천시 석사동 888-4 ,,일반조리판매,2026-05-27
휴게음식점,가까운PC방후평동,"강원특별자치도 춘천시 후석로 264, 2층 (후평동)",강원특별자치도 춘천시 후평동 836-13 ,,일반조리판매,2026-05-27
휴게음식점,지에스(GS)25춘천효제길,"강원특별자치도 춘천시 효제길37번길 6, 1층 (효자동, 청양연립)",강원특별자치도 춘천시 효자동 159-2 청양연립 ,,편의점,2026-05-27
휴게음식점,씨유춘천칠전대우2차점,"강원특별자치도 춘천시 칠전서길 15-2, 상가동 1층 107~109호 (칠전동, 칠전대우2차아파트)",강원특별자치도 춘천시 칠전동 585-1 칠전대우2차아파트 ,033-251-9187,편의점,2026-05-27
휴게음식점,투썸플레이스CGV춘천점,"강원특별자치도 춘천시 지석로 80, 춘천시너스카펠라복합빌딩 3층 301호 (퇴계동)",강원특별자치도 춘천시 퇴계동 1017 ,033-269-7801,커피숍,2026-05-27
휴게음식점,씨유춘천퇴계휴먼시아점,"강원특별자치도 춘천시 퇴계로105번길 5, 1층 103호 (퇴계동)",강원특별자치도 춘천시 퇴계동 1083 ,033-263-1618,편의점,2026-05-27
휴게음식점,GS25춘천제일점,"강원특별자치도 춘천시 서부대성로239번길 33, 1층 (후평동)",강원특별자치도 춘천시 후평동 486-10 ,033-254-1465,편의점,2026-05-27
휴게음식점,파파트리,"강원특별자치도 춘천시 터미널길14번길 44, 2층 (온의동)",강원특별자치도 춘천시 온의동 105-7 ,033-243-2527,커피숍,2026-05-27
휴게음식점,세븐일레븐춘천온의대로점,"강원특별자치도 춘천시 안마산로 19-1, 1층 (온의동)",강원특별자치도 춘천시 온의동 548-11 ,,편의점,2026-05-27
휴게음식점,스마일명품찹쌀꽈배기,"강원특별자치도 춘천시 후석로 295, 1층 (후평동)",강원특별자치도 춘천시 후평동 793-5 ,033-243-3350,일반조리판매,2026-05-27
휴게음식점,씨유춘천한주점,"강원특별자치도 춘천시 안마산로 219, 1층 (퇴계동)",강원특별자치도 춘천시 퇴계동 1012 ,033-257-4003,편의점,2026-05-27
휴게음식점,롯데리아춘천장학점,"강원특별자치도 춘천시 동면 춘천순환로 600, 지하1층",강원특별자치도 춘천시 동면 장학리 234 ,033-257-5258,패스트푸드,2026-05-27
휴게음식점,청춘꼬마김밥앤떡볶이후평점,"강원특별자치도 춘천시 후석로326번길 5, 1층 102호 (후평동)",강원특별자치도 춘천시 후평동 701-12 102호,033-262-2640,일반조리판매,2026-05-27
휴게음식점,카페공지로268,"강원특별자치도 춘천시 공지로 268, 1층 (효자동)",강원특별자치도 춘천시 효자동 310-12 ,033-261-2002,커피숍,2026-05-27
휴게음식점,커피숍마실,"강원특별자치도 춘천시 솟발1길 4-81, 1층 (퇴계동)",강원특별자치도 춘천시 퇴계동 471-11 ,033-257-2355,다방,2026-05-27
휴게음식점,오르새피자강원대학교점,"강원특별자치도 춘천시 백령로 212, 1층 (후평동)",강원특별자치도 춘천시 후평동 67-11 ,033-242-8855,일반조리판매,2026-05-27
휴게음식점,코아아이스크림,"강원특별자치도 춘천시 명동길 23, 1층 101호 (죽림동)",강원특별자치도 춘천시 죽림동 7-1 1층 101호,,아이스크림,2026-05-27
휴게음식점,CU춘천효자법원점,"강원특별자치도 춘천시 남춘로55번길 3, 1층 (효자동)",강원특별자치도 춘천시 효자동 711-18 ,033-244-0221,편의점,2026-05-27
휴게음식점,아이언PC,"강원특별자치도 춘천시 백령로 123, 2층 (효자동)",강원특별자치도 춘천시 효자동 767-2 ,,일반조리판매,2026-05-27
휴게음식점,CU춘천인벤스점,"강원특별자치도 춘천시 충열로 27, 롯데인벤스아파트상가 1층 105호 (우두동)",강원특별자치도 춘천시 우두동 1081 롯데인벤스아파트상가 ,033-251-3018,편의점,2026-05-27
휴게음식점,달쿠,"강원특별자치도 춘천시 모수물길 60, 상가동 102호 (소양로2가, 소양로현대아파트)",강원특별자치도 춘천시 소양로2가 1 소양로현대아파트 상가동 102호,070-4120-0038,커피숍,2026-05-27
휴게음식점,강원대학교생활협동조합(GS강원대보듬관점),"강원특별자치도 춘천시 강원대학길 1, 강원대학교 청정산업신기술센터 1층 (효자동)",강원특별자치도 춘천시 효자동 192-1 강원대학교 ,,커피숍,2026-05-27
휴게음식점,빽다방 춘천우두택지점,"강원특별자치도 춘천시 우두1길 101, 1층 109호 (우두동)",강원특별자치도 춘천시 우두동 1118-1 ,,커피숍,2026-05-27
휴게음식점,어썸춘천,"강원특별자치도 춘천시 서부대성로 194, 1층 (효자동)",강원특별자치도 춘천시 효자동 611-14 ,,기타 휴게음식점,2026-05-27
휴게음식점,에스에이치(SH),"강원특별자치도 춘천시 춘천로 218-4, 2층 (효자동)",강원특별자치도 춘천시 효자동 743-19 ,033-251-8259,커피숍,2026-05-27
휴게음식점,카페코빈즈,"강원특별자치도 춘천시 동면 노루목길 8-24, 2층",강원특별자치도 춘천시 동면 장학리 42-10 ,033-255-7189,커피숍,2026-05-27
휴게음식점,탑골카페,"강원특별자치도 춘천시 남산면 김유정로 427-12, 1층",강원특별자치도 춘천시 남산면 광판리 351 ,,커피숍,2026-05-27
휴게음식점,CU춘천칠전부영점,"강원특별자치도 춘천시 칠전서길 45, 상가동 1층 (칠전동, 칠전 사랑으로부영아파트)",강원특별자치도 춘천시 칠전동 529-2 칠전 사랑으로부영아파트 ,033-264-1896,편의점,2026-05-27
휴게음식점,GS25춘천CGV점,"강원특별자치도 춘천시 지석로 80, 1층 132호 (퇴계동)",강원특별자치도 춘천시 퇴계동 1017 ,,편의점,2026-05-27
휴게음식점,카페라포레,"강원특별자치도 춘천시 낙원길 28-3, 1,2층 (중앙로2가)",강원특별자치도 춘천시 중앙로2가 72 ,,커피숍,2026-05-27
휴게음식점,세븐일레븐 트루엘더퍼스트점,"강원특별자치도 춘천시 백령로 190, 1층 (후평동)",강원특별자치도 춘천시 후평동 67-55 1층 ,,편의점,2026-05-27
휴게음식점,키리엘,강원특별자치도 춘천시 퇴계로77번길 9-1 (퇴계동),강원특별자치도 춘천시 퇴계동 344-16 ,,커피숍,2026-05-27
휴게음식점,씨유춘천두미르레스텔점,"강원특별자치도 춘천시 충열로 1-21, 1층 (우두동)",강원특별자치도 춘천시 우두동 685-4 ,033-253-2521,편의점,2026-05-27
휴게음식점,파스쿠찌춘천후평사거리점,"강원특별자치도 춘천시 춘천로 324, 1층 (후평동)",강원특별자치도 춘천시 후평동 703 1층 ,033-252-8500,커피숍,2026-05-27
휴게음식점,이디야춘천공지천점,"강원특별자치도 춘천시 수변공원길 11, 1층 104호 (삼천동)",강원특별자치도 춘천시 삼천동 13-1 ,033-252-2272,커피숍,2026-05-27
휴게음식점,하하푸드트럭,"강원특별자치도 춘천시 스포츠타운길 136, 춘천시종합경기장 (송암동)",강원특별자치도 춘천시 송암동 301 춘천시종합경기장 ,,푸드트럭,2026-05-27
휴게음식점,오감재,"강원특별자치도 춘천시 동내면 대룡산길 81, 1층",강원특별자치도 춘천시 동내면 사암리 768-12 ,033-251-0704,커피숍,2026-05-27
휴게음식점,와플대학춘천봄내캠퍼스,"강원특별자치도 춘천시 퇴계로 201, 1층 (석사동)",강원특별자치도 춘천시 석사동 796-16 ,033-261-0920,일반조리판매,2026-05-27
휴게음식점,세븐일레븐춘천김유정역점,"강원특별자치도 춘천시 신동면 금병의숙길 1-6, 1층",강원특별자치도 춘천시 신동면 증리 1043-130 ,,편의점,2026-05-27
휴게음식점,강남1984,"강원특별자치도 춘천시 남춘로36번길 8, 1층 (퇴계동)",강원특별자치도 춘천시 퇴계동 396-9 ,033-264-1984,커피숍,2026-05-27
휴게음식점,씨유춘천신북산천점,"강원특별자치도 춘천시 신북읍 장본길 2, 1층",강원특별자치도 춘천시 신북읍 산천리 290-1 ,033-244-1504,일반조리판매,2026-05-27
휴게음식점,피자스쿨춘천장학점,"강원특별자치도 춘천시 동면 춘천로449번길 30-1, 1층",강원특별자치도 춘천시 동면 장학리 996 ,033-241-8222,일반조리판매,2026-05-27
휴게음식점,오리진,"강원특별자치도 춘천시 전원안길33번길 12-2, 1층 (교동)",강원특별자치도 춘천시 교동 113-138 ,033-264-7572,커피숍,2026-05-27
휴게음식점,이스티,"강원특별자치도 춘천시 서부대성로47번길 15, 1층 (요선동)",강원특별자치도 춘천시 요선동 3-27 ,033-252-0332,커피숍,2026-05-27
휴게음식점,피스엔(piece n),강원특별자치도 춘천시 보안길 72-1 (후평동),강원특별자치도 춘천시 후평동 430-8 ,033-911-5939,커피숍,2026-05-27
휴게음식점,라이또피씨거두점,"강원특별자치도 춘천시 동내면 거두택지길 93-16, 3층",강원특별자치도 춘천시 동내면 거두리 1102-1 ,,일반조리판매,2026-05-27
휴게음식점,GS25춘천부영점,"강원특별자치도 춘천시 우석로101번길 83, 1층 102,103호 (석사동, 석사3지구 부영아파트)",강원특별자치도 춘천시 석사동 727-2 석사3지구 부영아파트 ,033-261-1170,편의점,2026-05-27
휴게음식점,사주카페운정철학상담소,"강원특별자치도 춘천시 효자로 123-5, 1층 (효자동)",강원특별자치도 춘천시 효자동 661-23 ,,커피숍,2026-05-27
휴게음식점,요거프레소춘천터미널점,"강원특별자치도 춘천시 영서로2279번길 20, 가온펠리스 1층 101호 (온의동)",강원특별자치도 춘천시 온의동 514-1 ,033-256-5300,커피숍,2026-05-27
휴게음식점,북카페(춘천지역자활센터),"강원특별자치도 춘천시 우석로 100, 춘천시립도서관 1층 (석사동)",강원특별자치도 춘천시 석사동 산 32-1 춘천시립도서관 ,033-253-4575,편의점,2026-05-27
휴게음식점,씨유춘천두미르2차점,"강원특별자치도 춘천시 중앙로154번길 33, 1층 (근화동)",강원특별자치도 춘천시 근화동 236-31 ,033-256-3925,편의점,2026-05-27
휴게음식점,씨유춘천퇴계하모니점,"강원특별자치도 춘천시 남춘로36번길 44, 1층 (퇴계동)",강원특별자치도 춘천시 퇴계동 1099 ,,편의점,2026-05-27
휴게음식점,메가MGC커피춘천석사점,"강원특별자치도 춘천시 퇴계농공로 22, 1층 110호 (석사동)",강원특별자치도 춘천시 석사동 880-4 ,033-261-1159,커피숍,2026-05-27
휴게음식점,카페올레,,강원특별자치도 춘천시 근화동 187-2 ,,푸드트럭,2026-05-27
휴게음식점,먹방뷰,"강원특별자치도 춘천시 공지로252번길 28, 백령마을 상가동 1층 102호 (효자동)",강원특별자치도 춘천시 효자동 333-60 ,033-262-3337,일반조리판매,2026-05-27
휴게음식점,오롯이커피,"강원특별자치도 춘천시 안마산로 42, 1층 103호 (퇴계동)",강원특별자치도 춘천시 퇴계동 796 ,033-254-8866,커피숍,2026-05-27
휴게음식점,공차춘천석사점,"강원특별자치도 춘천시 퇴계농공로 16, 펠리즈프라자 1층 107호 (석사동)",강원특별자치도 춘천시 석사동 880-2 ,033-262-6441,커피숍,2026-05-27
휴게음식점,헤라피씨방3호점,"강원특별자치도 춘천시 삭주로 71, 2층 (교동)",강원특별자치도 춘천시 교동 152-5 ,,일반조리판매,2026-05-27
휴게음식점,이디야커피춘천의암호점,"강원특별자치도 춘천시 서면 박사로 734, 지하1,1층",강원특별자치도 춘천시 서면 현암리 578-4 ,033-255-4716,커피숍,2026-05-27
휴게음식점,라운지,"강원특별자치도 춘천시 충혼길5번길 4, 1층 (퇴계동)",강원특별자치도 춘천시 퇴계동 874-1 ,033-911-6668,커피숍,2026-05-27
휴게음식점,홍루이젠퇴계점,"강원특별자치도 춘천시 김유정로 1864, 춘천퇴계세영리첼아파트 301동 1층 107호 (퇴계동)",강원특별자치도 춘천시 퇴계동 1235 ,033-263-2323,기타 휴게음식점,2026-05-27
휴게음식점,스마일명품찹쌀꽈배기,"강원특별자치도 춘천시 영서로 2761, 1층 (우두동)",강원특별자치도 춘천시 우두동 1052-34 ,033-243-3350,일반조리판매,2026-05-27
휴게음식점,테이크원,"강원특별자치도 춘천시 스포츠타운길 136, 춘천시종합경기장 (송암동)",강원특별자치도 춘천시 송암동 301 춘천시종합경기장 ,,푸드트럭,2026-05-27
휴게음식점,CU춘천미소점,"강원특별자치도 춘천시 근화길15번길 37, 1층 (근화동)",강원특별자치도 춘천시 근화동 289-15 ,,편의점,2026-05-27
휴게음식점,이디야커피춘천강촌점,"강원특별자치도 춘천시 남산면 강촌로 159, 3동 1층",강원특별자치도 춘천시 남산면 방곡리 396-8 ,,커피숍,2026-05-27
휴게음식점,그래요거,"강원특별자치도 춘천시 삭주로70번길 16-2, 1층 1,2호 (교동)",강원특별자치도 춘천시 교동 158-7 ,070-4383-7771,기타 휴게음식점,2026-05-27
휴게음식점,우나멜로,"강원특별자치도 춘천시 남면 박암관천길 406, 1층",강원특별자치도 춘천시 남면 박암리 162-2 ,033-479-3696,커피숍,2026-05-27
휴게음식점,세븐일레븐춘천석사효석점,"강원특별자치도 춘천시 후석로45번길 36, 1층 (석사동)",강원특별자치도 춘천시 석사동 705-11 ,033-263-7201,일반조리판매,2026-05-27
휴게음식점,살롱드쀼,"강원특별자치도 춘천시 옥천길40번길 14, 1층 좌측상가호 (옥천동)",강원특별자치도 춘천시 옥천동 14-48 ,033-256-2486,커피숍,2026-05-27
휴게음식점,메가엠지씨커피후평점,"강원특별자치도 춘천시 후석로 326, 1층 111호 (후평동)",강원특별자치도 춘천시 후평동 701-8 ,033-251-3077,커피숍,2026-05-27
휴게음식점,CU춘천온의동점,강원특별자치도 춘천시 영서로 2315-2 (온의동),강원특별자치도 춘천시 온의동 148-5 ,033-257-0778,편의점,2026-05-27
휴게음식점,피렌체로스터리카페,"강원특별자치도 춘천시 동면 만군길 157-4, 1,2층",강원특별자치도 춘천시 동면 만천리 329-93 ,070-4122-1360,커피숍,2026-05-27
휴게음식점,이마트24R춘천강남하이엔드점,"강원특별자치도 춘천시 춘천로17번길 21, 춘천강남하이엔드 111,112호 (온의동)",강원특별자치도 춘천시 온의동 587-5 춘천강남하이엔드 ,033-241-1177,일반조리판매,2026-05-27
휴게음식점,이마트24춘천약사명동점,"강원특별자치도 춘천시 망대길 5, 1층 (중앙로3가)",강원특별자치도 춘천시 중앙로3가 60-11 ,033-255-9463,일반조리판매,2026-05-27
휴게음식점,카페봄내(밀알일터),"강원특별자치도 춘천시 시청길 11, 춘천시청 2층 (옥천동)",강원특별자치도 춘천시 옥천동 111-1 춘천시청 ,033-264-4008,커피숍,2026-05-27
휴게음식점,에를레프니스,"강원특별자치도 춘천시 동면 만천로 84, 1,2층",강원특별자치도 춘천시 동면 만천리 639-1 ,070-4239-4222,커피숍,2026-05-27
휴게음식점,백석39,"강원특별자치도 춘천시 백석골길 39, 지하1층 (퇴계동)",강원특별자치도 춘천시 퇴계동 838-1 ,033-252-5860,커피숍,2026-05-27
휴게음식점,카페피에스타,"강원특별자치도 춘천시 백석골길 47, 1층 (퇴계동)",강원특별자치도 춘천시 퇴계동 840-1 ,070-8866-7809,커피숍,2026-05-27
휴게음식점,카페드220볼트,"강원특별자치도 춘천시 동내면 금촌로 107-27, 지하1,지상1~2층",강원특별자치도 춘천시 동내면 신촌리 107-15 ,033-263-0220,커피숍,2026-05-27
휴게음식점,씨씨소매점,"강원특별자치도 춘천시 서부대성로239번길 29, 2층 (효자동)",강원특별자치도 춘천시 효자동 17-8 ,033-257-5322,기타 휴게음식점,2026-05-27
휴게음식점,브라운밀(Brown Meal),"강원특별자치도 춘천시 동내면 거두택지길 49, 1층",강원특별자치도 춘천시 동내면 거두리 773-8 ,070-4101-5701,커피숍,2026-05-27
휴게음식점,세븐일레븐춘천스마일점,"강원특별자치도 춘천시 근화길15번길 21, 1층 (근화동)",강원특별자치도 춘천시 근화동 286-20 ,,편의점,2026-05-27
휴게음식점,이디야커피춘천사농동점,"강원특별자치도 춘천시 사우로 38, 1층 101호 (사농동)",강원특별자치도 춘천시 사농동 46-5 ,033-256-7784,커피숍,2026-05-27
휴게음식점,미니마켓동면점(춘천시니어클럽),"강원특별자치도 춘천시 동면 세실로 250, 춘천시동부노인복지관 B동 1층",강원특별자치도 춘천시 동면 만천리 893-3 춘천시동부노인복지관 ,,일반조리판매,2026-05-27
휴게음식점,이디야커피춘천학곡점,"강원특별자치도 춘천시 동내면 영서로 1783, 1,2층",강원특별자치도 춘천시 동내면 학곡리 306-14 ,033-262-1420,커피숍,2026-05-27
휴게음식점,이디야춘천여고점,강원특별자치도 춘천시 동면 만천양지길 93,강원특별자치도 춘천시 동면 만천리 755-11 ,033-252-0899,커피숍,2026-05-27
휴게음식점,GS25춘천센터점,"강원특별자치도 춘천시 춘천로 360, 1층 (후평동)",강원특별자치도 춘천시 후평동 730-8 ,033-255-0031,편의점,2026-05-27
휴게음식점,베베샤워,"강원특별자치도 춘천시 동면 만천로 51, 3층",강원특별자치도 춘천시 동면 만천리 609 ,033-242-5900,일반조리판매,2026-05-27
휴게음식점,씨에스유통롯데슈퍼춘천,"강원특별자치도 춘천시 영서로 2195, 롯데슈퍼 1층 (퇴계동)",강원특별자치도 춘천시 퇴계동 381-1 롯데슈퍼 ,033-252-3000,일반조리판매,2026-05-27
휴게음식점,기억앤기억,"강원특별자치도 춘천시 스포츠타운길 153, 1,2층 (송암동)",강원특별자치도 춘천시 송암동 348-1 ,033-262-7198,커피숍,2026-05-27
휴게음식점,GS25춘천럭키점,"강원특별자치도 춘천시 벌말길 106-1, 1층 (석사동)",강원특별자치도 춘천시 석사동 695-4 ,033-263-5855,편의점,2026-05-27
휴게음식점,세븐일레븐춘천학곡센터점,"강원특별자치도 춘천시 동내면 영서로 1765, 1층",강원특별자치도 춘천시 동내면 학곡리 276-2 ,,편의점,2026-05-27
휴게음식점,오후2시,"강원특별자치도 춘천시 춘천로310번길 24, 1층 (후평동)",강원특별자치도 춘천시 후평동 691-3 ,033-255-2402,커피숍,2026-05-27
휴게음식점,세븐일레븐춘천효자사거리점,"강원특별자치도 춘천시 효제길 11, 1층 (효자동)",강원특별자치도 춘천시 효자동 150-15 ,,편의점,2026-05-27
휴게음식점,769스트리트(769st),"강원특별자치도 춘천시 신북읍 신샘밭로 769, 1층",강원특별자치도 춘천시 신북읍 천전리 38-6 ,033-244-0769,커피숍,2026-05-27
휴게음식점,이디야김유정역점,"강원특별자치도 춘천시 신동면 김유정로 1417, 유정프라자 B동 1층 101-1호, 101-2호",강원특별자치도 춘천시 신동면 증리 938-2 ,033-251-7748,커피숍,2026-05-27
휴게음식점,예그리나,강원특별자치도 춘천시 옛경춘로 609 (칠전동),강원특별자치도 춘천시 칠전동 23-2 ,033-263-3107,일반조리판매,2026-05-27
휴게음식점,커피레이크,"강원특별자치도 춘천시 공지로 137, 1층 (석사동)",강원특별자치도 춘천시 석사동 308-3 ,,커피숍,2026-05-27
휴게음식점,달콤한게으름,"강원특별자치도 춘천시 신북읍 신샘밭로 502, 1층",강원특별자치도 춘천시 신북읍 율문리 35-13 ,070-7788-7877,커피숍,2026-05-27
휴게음식점,여부초밥춘천퇴계점,"강원특별자치도 춘천시 춘주로 162, 상가동 1층 103호 (퇴계동, 퇴계현대1차아파트)",강원특별자치도 춘천시 퇴계동 916-2 퇴계현대1차아파트 ,,일반조리판매,2026-05-27
휴게음식점,세븐일레븐춘천화목원점,"강원특별자치도 춘천시 신샘밭로 119, 1층 (사농동)",강원특별자치도 춘천시 사농동 217-296 1층 ,,편의점,2026-05-27
휴게음식점,카페디쿼드,"강원특별자치도 춘천시 영서로2753번길 22, 2,3층 (우두동)",강원특별자치도 춘천시 우두동 1056-6 ,033-252-8255,커피숍,2026-05-27
휴게음식점,8.8CAFE,"강원특별자치도 춘천시 효평길 110, 1층~2층 (후평동)",강원특별자치도 춘천시 후평동 691-10 ,,커피숍,2026-05-27
휴게음식점,대한스포렉스,"강원특별자치도 춘천시 우묵들길 24, 2층 (퇴계동)",강원특별자치도 춘천시 퇴계동 1155 ,033-253-4114,기타 휴게음식점,2026-05-27
휴게음식점,CU남춘천점,"강원특별자치도 춘천시 행촌로 49, 1층 (퇴계동)",강원특별자치도 춘천시 퇴계동 888-4 ,033-253-0226,편의점,2026-05-27
휴게음식점,세븐일레븐춘천두산위브점,"강원특별자치도 춘천시 동면 삭주로 224, 1층",강원특별자치도 춘천시 동면 만천리 788-2 ,033-242-8894,편의점,2026-05-27
휴게음식점,팔공티한림대점,"강원특별자치도 춘천시 성심로 4-1, 1층 (교동)",강원특별자치도 춘천시 교동 157-26 ,070-8813-8080,기타 휴게음식점,2026-05-27
휴게음식점,치유재 ㅣ 윤,"강원특별자치도 춘천시 후석로 299-1, 1층 (후평동)",강원특별자치도 춘천시 후평동 793-2 ,033-242-2027,기타 휴게음식점,2026-05-27
휴게음식점,세븐일레븐춘천효자원룸점,"강원특별자치도 춘천시 두하길 17, 1층 (효자동)",강원특별자치도 춘천시 효자동 40-6 ,,일반조리판매,2026-05-27
휴게음식점,초록커피,강원특별자치도 춘천시 신북읍 상천3길 20,강원특별자치도 춘천시 신북읍 천전리 212-63 ,,커피숍,2026-05-27
휴게음식점,씨유춘천석사두산점,"강원특별자치도 춘천시 후석로186번길 25, 상가동 1층 102,103호 (석사동, 두산아파트)",강원특별자치도 춘천시 석사동 727-4 두산아파트 ,,편의점,2026-05-27
휴게음식점,더헤라PC방,"강원특별자치도 춘천시 백령로 67, 3층 (효자동)",강원특별자치도 춘천시 효자동 178-54 ,,기타 휴게음식점,2026-05-27
휴게음식점,봄봄커피숍,"강원특별자치도 춘천시 신동면 김유정로 1397, 1층",강원특별자치도 춘천시 신동면 증리 950-11 ,,커피숍,2026-05-27
휴게음식점,그길(The Way),"강원특별자치도 춘천시 신동면 풍류1길 72, 1층",강원특별자치도 춘천시 신동면 증리 566 ,033-261-2837,커피숍,2026-05-27
휴게음식점,효자양과점,"강원특별자치도 춘천시 백령로 138, 1층 (효자동)",강원특별자치도 춘천시 효자동 626 ,,기타 휴게음식점,2026-05-27
휴게음식점,매시아트스튜디오,"강원특별자치도 춘천시 동내면 춘천순환로 130, 4층",강원특별자치도 춘천시 동내면 거두리 1102-3 ,,일반조리판매,2026-05-27
휴게음식점,7번가피자춘천점,"강원특별자치도 춘천시 후석로 55-1, 1층 (석사동)",강원특별자치도 춘천시 석사동 642-3 ,033-264-7277,기타 휴게음식점,2026-05-27
휴게음식점,예담더갤러리,"강원특별자치도 춘천시 도화길6번길 9, 1층 (효자동)",강원특별자치도 춘천시 효자동 601-11 ,033-912-9129,기타 휴게음식점,2026-05-27
휴게음식점,열매상점,"강원특별자치도 춘천시 춘천로296번길 4, 1층 (후평동)",강원특별자치도 춘천시 후평동 687-23 ,,기타 휴게음식점,2026-05-27
휴게음식점,이디야춘천사우중앙점,"강원특별자치도 춘천시 충열로 153, 북춘천새마을금고 나동 1층 (우두동)",강원특별자치도 춘천시 우두동 444-1 북춘천새마을금고 ,033-253-4777,커피숍,2026-05-27
휴게음식점,고트피씨,"강원특별자치도 춘천시 효자로 143, 2층 (효자동)",강원특별자치도 춘천시 효자동 657-9 ,033-241-0778,기타 휴게음식점,2026-05-27
휴게음식점,(주)비지에프리테일강원대BTL기숙사점,"강원특별자치도 춘천시 강원대학길 1, 강원대학교 민자학생생활관 1층 (효자동)",강원특별자치도 춘천시 효자동 192-1 강원대학교 ,,편의점,2026-05-27
휴게음식점,세븐일레븐춘천영서뷰티점,"강원특별자치도 춘천시 영서로 2896, 1층 (사농동)",강원특별자치도 춘천시 사농동 370-12 ,,편의점,2026-05-27
휴게음식점,치요남치킨강촌점,강원특별자치도 춘천시 남면 충효로 1381,강원특별자치도 춘천시 남면 가정리 908 ,,푸드트럭,2026-05-27
휴게음식점,GS25강촌중앙점,"강원특별자치도 춘천시 남산면 강촌로 63, 1층",강원특별자치도 춘천시 남산면 강촌리 243-4 ,,기타 휴게음식점,2026-05-27
휴게음식점,씨유춘천거두호반점,"강원특별자치도 춘천시 동내면 외솔길19번길 80-10, 1층",강원특별자치도 춘천시 동내면 거두리 1060 ,033-262-9702,편의점,2026-05-27
휴게음식점,버거킹춘천온의점,"강원특별자치도 춘천시 방송길 98-1, 1층 (온의동)",강원특별자치도 춘천시 온의동 588-9 ,070-7462-6848,패스트푸드,2026-05-27
휴게음식점,담터땡밥,"강원특별자치도 춘천시 옥천길 9, 좌측 1층 (중앙로1가)",강원특별자치도 춘천시 중앙로1가 63 ,033-818-2004,일반조리판매,2026-05-27
휴게음식점,CU강원대백록관,"강원특별자치도 춘천시 강원대학길 1, 강원대학교 백록관 1층 (효자동)",강원특별자치도 춘천시 효자동 192-1 강원대학교 ,033-250-7788,편의점,2026-05-27
휴게음식점,쥐눈이콩나물밥3호점,"강원특별자치도 춘천시 효자로 46-1, 1층 (효자동)",강원특별자치도 춘천시 효자동 698-1 ,033-241-5167,일반조리판매,2026-05-27
휴게음식점,봄내제빵소,"강원특별자치도 춘천시 안마산로 128, 1층 104~105호 (퇴계동)",강원특별자치도 춘천시 퇴계동 523-23 ,033-264-0880,기타 휴게음식점,2026-05-27
휴게음식점,카페엠,"강원특별자치도 춘천시 동면 도일길 56, 1층",강원특별자치도 춘천시 동면 만천리 676 ,,커피숍,2026-05-27
휴게음식점,도깨비꽈배기(엠케이푸드),"강원특별자치도 춘천시 보안길 39, 1층 (후평동)",강원특별자치도 춘천시 후평동 794-3 ,033-251-0029,기타 휴게음식점,2026-05-27
휴게음식점,우리동네달콤호두,"강원특별자치도 춘천시 중앙로 123, 1층 (중앙로3가)",강원특별자치도 춘천시 중앙로3가 75-8 ,033-251-7774,기타 휴게음식점,2026-05-27
휴게음식점,배스킨라빈스춘천애막골점,"강원특별자치도 춘천시 후석로186번길 18, 1층 (석사동)",강원특별자치도 춘천시 석사동 729-1 ,033-263-8480,기타 휴게음식점,2026-05-27
휴게음식점,스타벅스춘천구봉산R점,"강원특별자치도 춘천시 동면 순환대로 1154-63, 1,2층,옥상테라스층",강원특별자치도 춘천시 동면 만천리 340-61 ,033-244-9180,기타 휴게음식점,2026-05-27
휴게음식점,에그드랍,"강원특별자치도 춘천시 지석로 85, 1층 109호 (석사동)",강원특별자치도 춘천시 석사동 888-4 ,033-263-8884,기타 휴게음식점,2026-05-27
휴게음식점,씨유춘천퇴계빌리지점,"강원특별자치도 춘천시 퇴계로69번길 11, 1층 (퇴계동)",강원특별자치도 춘천시 퇴계동 1145-3 ,,편의점,2026-05-27
휴게음식점,배스킨라빈스온의점,"강원특별자치도 춘천시 방송길 70, 117동 1층 103호 (온의동, 온의 롯데캐슬 스카이클래스)",강원특별자치도 춘천시 온의동 590 온의 롯데캐슬 스카이클래스 ,033-256-3110,아이스크림,2026-05-27
휴게음식점,봄이락,"강원특별자치도 춘천시 새롬공원길5번길 4, 1층 (석사동)",강원특별자치도 춘천시 석사동 840-9 ,,일반조리판매,2026-05-27
휴게음식점,폴리매카,"강원특별자치도 춘천시 동산면 영서로 1290-31, 한국폴리텍대학 춘천캠퍼스 본관동 1층",강원특별자치도 춘천시 동산면 원창리 70 한국폴리텍대학 춘천캠퍼스 ,070-7500-0821,기타 휴게음식점,2026-05-27
휴게음식점,착한팥쥐네,"강원특별자치도 춘천시 서부대성로 126, 1층 (운교동)",강원특별자치도 춘천시 운교동 186 ,033-243-7766,기타 휴게음식점,2026-05-27
휴게음식점,피시토랑춘천본점,"강원특별자치도 춘천시 서부대성로44번길 9, 2층 (요선동)",강원특별자치도 춘천시 요선동 10-1 ,070-7510-7557,기타 휴게음식점,2026-05-27
휴게음식점,메가엠지씨커피춘천온의점,"강원특별자치도 춘천시 춘천로17번길 21, 춘천강남하이엔드 1층 105호 (온의동)",강원특별자치도 춘천시 온의동 587-5 춘천강남하이엔드 ,033-241-2338,커피숍,2026-05-27
휴게음식점,이디야춘천구봉산전망대점,"강원특별자치도 춘천시 동면 순환대로 1154-117, 3,4층",강원특별자치도 춘천시 동면 장학리 139-58 ,033-241-2581,커피숍,2026-05-27
휴게음식점,춘맥휴게실,"강원특별자치도 춘천시 공지로 433, 2층 (근화동)",강원특별자치도 춘천시 근화동 712-1 ,033-255-4287,기타 휴게음식점,2026-05-27
휴게음식점,갬성겜방,"강원특별자치도 춘천시 충열로 32, 상가동 지하층 104호 (우두동, 동부아파트)",강원특별자치도 춘천시 우두동 1068-1 동부아파트 상가동 104호,033-244-7179,기타 휴게음식점,2026-05-27
휴게음식점,메가엠지씨커피춘천한숲시티점,"강원특별자치도 춘천시 안마산로 115, A3동 1층 101호 (퇴계동)",강원특별자치도 춘천시 퇴계동 1240 ,033-241-5366,커피숍,2026-05-27
휴게음식점,세븐일레븐뉴강대천하점,"강원특별자치도 춘천시 백령로 75, 1층 (효자동)",강원특별자치도 춘천시 효자동 178-56 ,033-256-5780,편의점,2026-05-27
휴게음식점,오엔(ON)국수,"강원특별자치도 춘천시 서부대성로227번길 4, 2층 (효자동)",강원특별자치도 춘천시 효자동 628-1 ,033-241-5151,기타 휴게음식점,2026-05-27
휴게음식점,CU강원대동문점,"강원특별자치도 춘천시 강원대학길 1, 강원대학교 간이매점동 1층 (효자동)",강원특별자치도 춘천시 효자동 192-1 강원대학교 ,033-250-7359,기타 휴게음식점,2026-05-27
휴게음식점,벌툰춘천본점,"강원특별자치도 춘천시 지석로 85, 강남프라자 5층 501호 (석사동)",강원특별자치도 춘천시 석사동 888-4 ,033-263-4419,일반조리판매,2026-05-27
휴게음식점,춘천CU거두라온점,"강원특별자치도 춘천시 동내면 동내로 9, 독도빌딩 1층",강원특별자치도 춘천시 동내면 거두리 986-2 독도빌딩 ,,편의점,2026-05-27
휴게음식점,GS25춘천미소점,"강원특별자치도 춘천시 근화길15번길 43, 1층 (근화동)",강원특별자치도 춘천시 근화동 291-14 ,033-241-0607,편의점,2026-05-27
휴게음식점,GS25거두에이스점,"강원특별자치도 춘천시 동내면 외솔길19번길 66, 1층",강원특별자치도 춘천시 동내면 거두리 1046-1 ,033-264-3761,편의점,2026-05-27
휴게음식점,꽃마중,"강원특별자치도 춘천시 동내면 거두단지길 6-16, 1층",강원특별자치도 춘천시 동내면 거두리 441-9 ,033-252-9810,기타 휴게음식점,2026-05-27
휴게음식점,GS25시춘천낭만점,강원특별자치도 춘천시 동내면 순환대로 664,강원특별자치도 춘천시 동내면 사암리 1250-1 ,033-264-0207,편의점,2026-05-27
휴게음식점,씨유춘천퇴계행복점,"강원특별자치도 춘천시 안마산로 246, 퇴계9단지주공아파트 (퇴계동)",강원특별자치도 춘천시 퇴계동 1024 퇴계9단지주공아파트 ,033-253-1029,편의점,2026-05-27
휴게음식점,설빙춘천강남점,"강원특별자치도 춘천시 옛경춘로 516, 제2동 1층 (온의동)",강원특별자치도 춘천시 온의동 506-1 ,033-241-4141,기타 휴게음식점,2026-05-27
휴게음식점,카페뷰,"강원특별자치도 춘천시 사북면 춘화로 337, 1층",강원특별자치도 춘천시 사북면 고탄리 554-7 ,070-8848-0337,커피숍,2026-05-27
휴게음식점,화산스파랜드3층매점,"강원특별자치도 춘천시 영서로 2309, 3층 (온의동)",강원특별자치도 춘천시 온의동 151-2 ,033-242-4011,기타 휴게음식점,2026-05-27
휴게음식점,카페394,"강원특별자치도 춘천시 신북읍 신샘밭로 394, 1층",강원특별자치도 춘천시 신북읍 율문리 37-71 ,,커피숍,2026-05-27
휴게음식점,살롱드노마드,"강원특별자치도 춘천시 서면 덕두원길 108-27, 지하1층",강원특별자치도 춘천시 서면 덕두원리 251-4 ,033-251-8900,기타 휴게음식점,2026-05-27
휴게음식점,춘천북부노인복지관카페,"강원특별자치도 춘천시 충열로 124, 춘천 북부노인복지관 3층 (우두동)",강원특별자치도 춘천시 우두동 426-1 ,033-255-9877,커피숍,2026-05-27
휴게음식점,씨유춘천소양로점,"강원특별자치도 춘천시 소양로 216-1, 1층 (소양로1가)",강원특별자치도 춘천시 소양로1가 102-12 ,033-251-2521,편의점,2026-05-27
휴게음식점,GS25춘천만천사거리점,"강원특별자치도 춘천시 동면 한솔만천로 40, 1층",강원특별자치도 춘천시 동면 만천리 290-12 ,033-256-7198,편의점,2026-05-27
휴게음식점,씨유거두점,"강원특별자치도 춘천시 동내면 거두택지길 20, 1층",강원특별자치도 춘천시 동내면 거두리 956-1 ,033-261-2270,편의점,2026-05-27
휴게음식점,본죽&비빔밥CAFE 춘천퇴계한숲점,"강원특별자치도 춘천시 안마산로 113, 이편한세상 춘천 한숲시티 상가B동 1층 B2-103호 (퇴계동)",강원특별자치도 춘천시 퇴계동 1240 ,033-257-6288,기타 휴게음식점,2026-05-27
휴게음식점,(주)크린산업같이가치공방지점,"강원특별자치도 춘천시 충열로 90, 강원도농업인단체회관 1층 (우두동)",강원특별자치도 춘천시 우두동 413-1 강원도농업인단체회관 ,033-241-7761,커피숍,2026-05-27
휴게음식점,메가엠지씨커피춘천팔호광장점,"강원특별자치도 춘천시 효자로 154, 1층 (효자동)",강원특별자치도 춘천시 효자동 653 ,033-251-1196,기타 휴게음식점,2026-05-27
휴게음식점,채우다브루어,"강원특별자치도 춘천시 동내면 외솔길19번길 80-36, 1층",강원특별자치도 춘천시 동내면 거두리 1062-1 ,033-263-4219,커피숍,2026-05-27
휴게음식점,GS25강원대정문점,"강원특별자치도 춘천시 백령로 7, 1층 (효자동)",강원특별자치도 춘천시 효자동 315-10 ,033-251-3313,편의점,2026-05-27
휴게음식점,이디야춘천삭주로점,"강원특별자치도 춘천시 삭주로 197-1, 1층 (후평동)",강원특별자치도 춘천시 후평동 741-3 ,033-252-2727,커피숍,2026-05-27
휴게음식점,타코야끼,"강원특별자치도 춘천시 공지로 432-1, 1층 (근화동)",강원특별자치도 춘천시 근화동 710-17 ,033-244-9679,일반조리판매,2026-05-27
휴게음식점,바미토리,"강원특별자치도 춘천시 동부시장길 8, 1층 89호 (운교동, 동부시장현대아파트)",강원특별자치도 춘천시 운교동 183 동부시장현대아파트 ,033-818-0900,일반조리판매,2026-05-27
휴게음식점,GS25춘천애플점,"강원특별자치도 춘천시 공지로 69-10, 1층 101호 (석사동, 석사신도브래뉴)",강원특별자치도 춘천시 석사동 971 석사신도브래뉴 ,033-254-8026,편의점,2026-05-27
휴게음식점,카페811,"강원특별자치도 춘천시 동산면 종자리로 268, 1.2층",강원특별자치도 춘천시 동산면 군자리 811-1 ,033-263-0811,커피숍,2026-05-27
휴게음식점,폴스베이글,"강원특별자치도 춘천시 동면 장학길 29, 1층",강원특별자치도 춘천시 동면 장학리 789-77 ,033-255-1731,일반조리판매,2026-05-27
휴게음식점,투썸플레이스소양강댐점,"강원특별자치도 춘천시 신북읍 신샘밭로 752, 1,2층",강원특별자치도 춘천시 신북읍 천전리 47-4 ,033-251-2323,커피숍,2026-05-27
휴게음식점,망원동티라미수춘천온의롯데마트점,"강원특별자치도 춘천시 방송길 84, 롯데마트 3층 (온의동)",강원특별자치도 춘천시 온의동 6-25 롯데마트 ,033-251-1465,기타 휴게음식점,2026-05-27
휴게음식점,해원야식,"강원특별자치도 춘천시 공지로461번길 13-2, 1층 (근화동)",강원특별자치도 춘천시 근화동 282-15 ,033-243-8685,기타 휴게음식점,2026-05-27
휴게음식점,자미당강대점,"강원특별자치도 춘천시 백령로 177, 1층 (효자동)",강원특별자치도 춘천시 효자동 18-76 ,033-254-7878,기타 휴게음식점,2026-05-27
휴게음식점,스타벅스춘천온의점,"강원특별자치도 춘천시 방송길 104, 1층 (온의동)",강원특별자치도 춘천시 온의동 589-2 ,033-241-3951,커피숍,2026-05-27
휴게음식점,날으는ABC토스트,"강원특별자치도 춘천시 공지로 111, 상가동 1층 110호 (석사동, 석사신우아파트)",강원특별자치도 춘천시 석사동 682-1 석사신우아파트 ,033-241-5322,기타 휴게음식점,2026-05-27
휴게음식점,카페 가을,"강원특별자치도 춘천시 남산면 충효로 437, 춘천애견체험박물관 휴게실(전망대) 1층",강원특별자치도 춘천시 남산면 광판리 산 250 ,033-913-1442,커피숍,2026-05-27
휴게음식점,카페 겨울,"강원특별자치도 춘천시 남산면 충효로 437, 춘천애견체험박물관 교육강의동 1층",강원특별자치도 춘천시 남산면 광판리 산 250 , 033-913-1442,커피숍,2026-05-27
휴게음식점,카페봄,"강원특별자치도 춘천시 남산면 충효로 437, 애견체험박물관 2층",강원특별자치도 춘천시 남산면 광판리 산 250 ,033-913-1442,커피숍,2026-05-27
휴게음식점,도너츠윤,"강원특별자치도 춘천시 가연길 17, 1층 (소양로4가)",강원특별자치도 춘천시 소양로4가 103-11 ,033-911-7891,기타 휴게음식점,2026-05-27
휴게음식점,겜잡이피씨방,"강원특별자치도 춘천시 애막골길3번길 28, 1층 (석사동)",강원특별자치도 춘천시 석사동 737-16 ,033-263-8945,일반조리판매,2026-05-27
휴게음식점,38마일,"강원특별자치도 춘천시 남산면 종자리로 42, 1~3층",강원특별자치도 춘천시 남산면 광판리 134-1 ,033-262-3800,커피숍,2026-05-27
휴게음식점,씨유춘천파크자이점,"강원특별자치도 춘천시 스포츠타운길 460, 상가동 1층 102,103호 (삼천동, 춘천파크자이)",강원특별자치도 춘천시 삼천동 44-10 춘천파크자이 ,,편의점,2026-05-27
휴게음식점,씨유퇴계주공2단지점,"강원특별자치도 춘천시 퇴계로 166, 1층 (퇴계동)",강원특별자치도 춘천시 퇴계동 983-1 ,033-264-5131,기타 휴게음식점,2026-05-27
휴게음식점,오월학교,"강원특별자치도 춘천시 서면 납실길 160, 1층",강원특별자치도 춘천시 서면 오월리 286-2 ,033-253-2111,기타 휴게음식점,2026-05-27
휴게음식점,몽키푸드,강원특별자치도 춘천시 남면 충효로 1381,강원특별자치도 춘천시 남면 가정리 907-3 ,,푸드트럭,2026-05-27
휴게음식점,솔마랭,"강원특별자치도 춘천시 동면 소양강로 516, 1층",강원특별자치도 춘천시 동면 장학리 394-13 ,033-244-0202,커피숍,2026-05-27
휴게음식점,지씨아뜰리에,"강원특별자치도 춘천시 동면 건일길 236, 1,2,3층",강원특별자치도 춘천시 동면 장학리 139-128 ,033-255-5678,기타 휴게음식점,2026-05-27
휴게음식점,제빵소덤,"강원특별자치도 춘천시 남산면 소주고개로 555, 1,2층",강원특별자치도 춘천시 남산면 창촌리 257-4 ,033-262-1118,기타 휴게음식점,2026-05-27
휴게음식점,배스킨라빈스춘천장학점,"강원특별자치도 춘천시 동면 춘천로 457, 유정빌딩 1층",강원특별자치도 춘천시 동면 장학리 1007-5 ,033-242-3233,아이스크림,2026-05-27
휴게음식점,노리터피씨카페,"강원특별자치도 춘천시 영서로 2305, 3층 (온의동)",강원특별자치도 춘천시 온의동 151-9 ,,일반조리판매,2026-05-27
휴게음식점,이디야만천점,"강원특별자치도 춘천시 동면 춘천순환로 328, 1층",강원특별자치도 춘천시 동면 만천리 525-26 ,033-255-1200,커피숍,2026-05-27
휴게음식점,카페동산,"강원특별자치도 춘천시 영서로 2859, 1층 (사농동)",강원특별자치도 춘천시 사농동 115-19 ,033-243-2074,커피숍,2026-05-27
휴게음식점,강원대학교 생활협동조합,"강원특별자치도 춘천시 강원대학길 1, 강원대학교 (효자동)",강원특별자치도 춘천시 효자동 192-1 강원대학교 ,033-250-7351,커피숍,2026-05-27
휴게음식점,날쌘카페춘천점,"강원특별자치도 춘천시 동내면 거두택지길 87-10, 1층 왼쪽상가호",강원특별자치도 춘천시 동내면 거두리 1111-11 ,033-262-9574,기타 휴게음식점,2026-05-27
휴게음식점,자미당거두점,"강원특별자치도 춘천시 동내면 춘천순환로 130, 1층",강원특별자치도 춘천시 동내면 거두리 1102-3 ,033-262-1009,기타 휴게음식점,2026-05-27
휴게음식점,클럽티파니,"강원특별자치도 춘천시 동면 춘천순환로 515, 4층",강원특별자치도 춘천시 동면 만천리 763-2 4층 ,033-241-0303,기타 휴게음식점,2026-05-27
휴게음식점,브이스페이스(V Space),강원특별자치도 춘천시 신동면 금병의숙길 9-18,강원특별자치도 춘천시 신동면 증리 425-5 ,033-264-5255,커피숍,2026-05-27
휴게음식점,스타벅스춘천퇴계DT점,"강원특별자치도 춘천시 안마산로 95, 1,2층 (퇴계동)",강원특별자치도 춘천시 퇴계동 산 55-3 ,033-242-3862,커피숍,2026-05-27
휴게음식점,이디야커피춘천봄내점,"강원특별자치도 춘천시 남춘로36번길 89, 1층 102호 (퇴계동)",강원특별자치도 춘천시 퇴계동 968-6 ,033-264-0120,커피숍,2026-05-27
휴게음식점,투썸플레이스춘천삼천점,"강원특별자치도 춘천시 선들길 28-11, 1층 (삼천동)",강원특별자치도 춘천시 삼천동 49-26 ,,커피숍,2026-05-27
휴게음식점,힐앤힐(hill and heal),"강원특별자치도 춘천시 신동면 팔미길 18-47, 1층",강원특별자치도 춘천시 신동면 팔미리 401-1 ,033-262-1595,커피숍,2026-05-27
휴게음식점,틈새마들렌,"강원특별자치도 춘천시 만천로245번길 4-1, 1층 (후평동)",강원특별자치도 춘천시 후평동 755-4 ,033-244-5341,기타 휴게음식점,2026-05-27
휴게음식점,장충동왕족발,"강원특별자치도 춘천시 경춘로 2353, 이마트 1층 (온의동)",강원특별자치도 춘천시 온의동 511 이마트 ,033-240-1234,일반조리판매,2026-05-27
휴게음식점,빽다방춘천한림대점,"강원특별자치도 춘천시 삭주로 64, 1층 (교동)",강원특별자치도 춘천시 교동 15-3 ,033-241-2501,기타 휴게음식점,2026-05-27
휴게음식점,봉스,"강원특별자치도 춘천시 퇴계농공로 20, 6층 (석사동)",강원특별자치도 춘천시 석사동 880-3 ,033-261-2616,키즈카페,2026-05-27
휴게음식점,씨유춘천퇴계공단점,"강원특별자치도 춘천시 퇴계농공로 75, 1층 (퇴계동)",강원특별자치도 춘천시 퇴계동 1-2 ,033-264-9278,편의점,2026-05-27
휴게음식점,GS25춘천대로점,"강원특별자치도 춘천시 영서로 2025, 탑클리닉빌딩 1층 (석사동)",강원특별자치도 춘천시 석사동 885-2 ,033-264-2030,편의점,2026-05-27
휴게음식점,첫서재,"강원특별자치도 춘천시 춘천로145번길 36, 1층 (약사동)",강원특별자치도 춘천시 약사동 1-73 ,070-8835-3696,커피숍,2026-05-27
휴게음식점,세븐일레븐춘천후평사거리점,"강원특별자치도 춘천시 후석로 355, 1층 (후평동)",강원특별자치도 춘천시 후평동 704-22 ,,편의점,2026-05-27
휴게음식점,파파존스피자남춘천점,"강원특별자치도 춘천시 퇴계로 72, 1층 (퇴계동)",강원특별자치도 춘천시 퇴계동 1170-1 ,033-242-8070,기타 휴게음식점,2026-05-27
휴게음식점,아르미과자점,"강원특별자치도 춘천시 영서로2434번길 13, 1층 (근화동)",강원특별자치도 춘천시 근화동 747-8 ,070-4237-6005,기타 휴게음식점,2026-05-27
휴게음식점,세븐일레븐춘천근화대로점,"강원특별자치도 춘천시 영서로 2478-1, 1층 (근화동)",강원특별자치도 춘천시 근화동 743-1 ,,편의점,2026-05-27
휴게음식점,볼드,"강원특별자치도 춘천시 시청길 32, 해찬빌딩 1층 101호 (조양동)",강원특별자치도 춘천시 조양동 6-227 ,033-241-2200,커피숍,2026-05-27
휴게음식점,이디야춘천소양강점,"강원특별자치도 춘천시 신북읍 신샘밭로 655-1, 신샘밭로 661 1,2층","강원특별자치도 춘천시 신북읍 천전리 97-11 천전리 97-8 (1,2층) ",033-818-9599,커피숍,2026-05-27
휴게음식점,GS25춘천명동점,"강원특별자치도 춘천시 아침길 14, 1층 (조양동)",강원특별자치도 춘천시 조양동 6-67 ,033-263-7442,편의점,2026-05-27
휴게음식점,와플대학춘천우두캠퍼스,"강원특별자치도 춘천시 영서로 2769, 1층 (우두동)",강원특별자치도 춘천시 우두동 1052-2 ,070-7755-9026,커피숍,2026-05-27
휴게음식점,내맘카페(내맘CAFE),"강원특별자치도 춘천시 우석로 29, 1층 102호 (석사동)",강원특별자치도 춘천시 석사동 765-16 ,033-262-4855,커피숍,2026-05-27
휴게음식점,이디야강대병원후문점,"강원특별자치도 춘천시 백령로 178, 1층 103,104호 (후평동)",강원특별자치도 춘천시 후평동 67-14 ,033-255-2558,커피숍,2026-05-27
휴게음식점,GS25남춘천코아루점,"강원특별자치도 춘천시 남춘로 17, 남춘천역 코아루웰라움타워 에비뉴상가 1층 (퇴계동)",강원특별자치도 춘천시 퇴계동 369-9 ,033-244-6936,편의점,2026-05-27
휴게음식점,박사마을곰핫도그,강원특별자치도 춘천시 서면 금산길 66,강원특별자치도 춘천시 서면 금산리 497-12 ,033-251-1999,기타 휴게음식점,2026-05-27
휴게음식점,무재커피(MOO JAE COFFEE),"강원특별자치도 춘천시 공지로 164, 2동 1층 (석사동)",강원특별자치도 춘천시 석사동 428-5 ,033-910-0392,커피숍,2026-05-27
휴게음식점,카페나루터,,강원특별자치도 춘천시 송암동 684-2 ,033-251-0015,기타 휴게음식점,2026-05-27
휴게음식점,씨유 춘천중앙하이츠점,"강원특별자치도 춘천시 김유정로 1881, 1층 102호 (퇴계동)",강원특별자치도 춘천시 퇴계동 187-5 ,,편의점,2026-05-27
휴게음식점,춘빙고,강원특별자치도 춘천시 효자로14번길 12-23 (퇴계동),강원특별자치도 춘천시 퇴계동 1145-5 ,033-253-0201,기타 휴게음식점,2026-05-27
휴게음식점,이마트24춘천근화점,강원특별자치도 춘천시 공지로451번길 8 (근화동),강원특별자치도 춘천시 근화동 283-2 ,,편의점,2026-05-27
휴게음식점,씨유(CU)춘천석사점,강원특별자치도 춘천시 애막골길11번길 22 (석사동),강원특별자치도 춘천시 석사동 735-12 ,,편의점,2026-05-27
휴게음식점,숨고르기,"강원특별자치도 춘천시 자라우새길 68, 2층 (송암동)",강원특별자치도 춘천시 송암동 83 ,,커피숍,2026-05-27
휴게음식점,우주라이크커피춘천점,"강원특별자치도 춘천시 서부대성로48번길 13, 1층 (요선동)",강원특별자치도 춘천시 요선동 9-10 ,033-242-7666,커피숍,2026-05-27
휴게음식점,투썸플레이스춘천석사후석로점,"강원특별자치도 춘천시 후석로 12, 풍강빌딩 1층 (석사동)",강원특별자치도 춘천시 석사동 809-2 ,033-262-8808,커피숍,2026-05-27
휴게음식점,지에스25(GS25)강촌방곡로드점,강원특별자치도 춘천시 남산면 강촌로 242,강원특별자치도 춘천시 남산면 방곡리 280-4 , 033-263-1876,편의점,2026-05-27
휴게음식점,카페더피플강원도청,"강원특별자치도 춘천시 중앙로 5, 강원도청 제2청사 6층 (중앙로1가)",강원특별자치도 춘천시 중앙로1가 9 ,070-7543-6573,커피숍,2026-05-27
휴게음식점,씨유신우아파트점,"강원특별자치도 춘천시 공지로 111, 상가동 1층 111,112호 (석사동, 석사신우아파트)",강원특별자치도 춘천시 석사동 682-1 석사신우아파트 ,,편의점,2026-05-27
휴게음식점,와플대학춘천후평캠퍼스,강원특별자치도 춘천시 부안길 28 (후평동),강원특별자치도 춘천시 후평동 67-10 ,033-241-0127,커피숍,2026-05-27
휴게음식점,카페포레스트곰곰,"강원특별자치도 춘천시 공지로 258, 1층 (효자동)",강원특별자치도 춘천시 효자동 320-20 ,033-262-1277,기타 휴게음식점,2026-05-27
휴게음식점,이마트24R남춘천휴먼시아점,"강원특별자치도 춘천시 남춘천새길 4, 1층 (퇴계동)",강원특별자치도 춘천시 퇴계동 1113 ,033-262-2897,편의점,2026-05-27
휴게음식점,구구리,강원특별자치도 춘천시 남산면 강촌구곡길 254,강원특별자치도 춘천시 남산면 강촌리 432 ,033-264-9920,커피숍,2026-05-27
휴게음식점,세븐일레븐춘천석사대우점,"강원특별자치도 춘천시 우석로101번길 86, 상가동 1층 103, 104호 (석사동, 석사대우아파트)",강원특별자치도 춘천시 석사동 721-2 석사대우아파트 ,,편의점,2026-05-27
휴게음식점,세븐일레븐춘천시청점,"강원특별자치도 춘천시 시청길 24, 1층 (조양동)",강원특별자치도 춘천시 조양동 6-164 ,033-257-4444,편의점,2026-05-27
휴게음식점,GS25춘천후레쉬점,"강원특별자치도 춘천시 서부대성로 186, 1층 (효자동)",강원특별자치도 춘천시 효자동 611 ,033-256-5047,편의점,2026-05-27
휴게음식점,CU춘천공지로점,"강원특별자치도 춘천시 공지로 55, 1층 (석사동)",강원특별자치도 춘천시 석사동 116-3 ,,편의점,2026-05-27
휴게음식점,카페방송길86,"강원특별자치도 춘천시 방송길 86, 강남동행정복지센터, 춘천남부노인복지관 2층 (온의동)","강원특별자치도 춘천시 온의동 6-33 강남동행정복지센터, 춘천남부노인복지관 ",,커피숍,2026-05-27
휴게음식점,롯데리아하나로마트퇴계점,"강원특별자치도 춘천시 지석로 11, 하나로마트(퇴계점) 1층 101호 (퇴계동)",강원특별자치도 춘천시 퇴계동 164-3 하나로마트(퇴계점) ,033-255-5258,패스트푸드,2026-05-27
휴게음식점,씨유춘천중앙로점,"강원특별자치도 춘천시 중앙로 125, 1층 (중앙로3가)",강원특별자치도 춘천시 중앙로3가 66-14 ,,편의점,2026-05-27
휴게음식점,이디야우두중앙점,"강원특별자치도 춘천시 우두1길 25, 1층 101,102호 (우두동)",강원특별자치도 춘천시 우두동 1096 ,070-7543-5552,커피숍,2026-05-27
휴게음식점,희자호차관,"강원특별자치도 춘천시 우석로38번길 93, 1층 (석사동)",강원특별자치도 춘천시 석사동 760-1 ,033-911-8171,전통찻집,2026-05-27
휴게음식점,세븐일레븐춘천근화점,"강원특별자치도 춘천시 공지로 469, 1층 (근화동)",강원특별자치도 춘천시 근화동 264-32 ,,편의점,2026-05-27
휴게음식점,카페로운,"강원특별자치도 춘천시 애막골길7번길 1, 1층 (석사동)",강원특별자치도 춘천시 석사동 750-7 ,070-8777-102,기타 휴게음식점,2026-05-27
휴게음식점,달다곰이석사점,"강원특별자치도 춘천시 세실로 108, 롯데마트 석사점 지하1층 (석사동)",강원특별자치도 춘천시 석사동 27-2 롯데마트 석사점 ,,커피숍,2026-05-27
휴게음식점,CU춘천해온채점,"강원특별자치도 춘천시 동면 소양강로 102-1, 장학엘에이치해온채 상가동 1층 A구역호",강원특별자치도 춘천시 동면 장학리 988 장학엘에이치해온채 ,,편의점,2026-05-27
휴게음식점,씨유춘천터미널점,"강원특별자치도 춘천시 공지로 450, 1층 (근화동)",강원특별자치도 춘천시 근화동 711-3 ,033-244-1772,일반조리판매,2026-05-27
휴게음식점,배스킨라빈스춘천한숲시티점,"강원특별자치도 춘천시 안마산로 115, e편한세상 춘천 한숲시티 A3동 1층 110,111호 (퇴계동)",강원특별자치도 춘천시 퇴계동 1240 e편한세상 춘천 한숲시티 ,033-912-9931,아이스크림,2026-05-27
휴게음식점,세븐일레븐리버스타춘천점,강원특별자치도 춘천시 영서로 2670 (소양로1가),강원특별자치도 춘천시 소양로1가 100-1 ,,편의점,2026-05-27
휴게음식점,이디야커피춘천삼악산호수케이블카점,,강원특별자치도 춘천시 서면 덕두원리 산 164-24 외1필지 1층 ,,커피숍,2026-05-27
휴게음식점,인디커피삼악산케이블카지점,"강원특별자치도 춘천시 스포츠타운길 245, 1층 (삼천동)",강원특별자치도 춘천시 삼천동 392-10 ,033-263-0220,커피숍,2026-05-27
휴게음식점,컴포즈커피춘천석사점,"강원특별자치도 춘천시 퇴계농공로 20, 종로타워 1층 103호 (석사동)",강원특별자치도 춘천시 석사동 880-3 ,033-262-7776,기타 휴게음식점,2026-05-27
휴게음식점,카페400,"강원특별자치도 춘천시 후석로 400, 1층 (후평동)",강원특별자치도 춘천시 후평동 340-14 ,070-7807-3535,일반조리판매,2026-05-27
휴게음식점,온의불한증막,"강원특별자치도 춘천시 영서로 2333, 지하1층 (온의동)",강원특별자치도 춘천시 온의동 52-7 ,033-241-5958,일반조리판매,2026-05-27
휴게음식점,컴포즈커피춘천후평점,"강원특별자치도 춘천시 후석로 318, 103호 (후평동)",강원특별자치도 춘천시 후평동 700-5 ,033-253-1125,커피숍,2026-05-27
휴게음식점,이디야커피춘천포레스트,"강원특별자치도 춘천시 옛경춘로 610, 1층 (온의동)",강원특별자치도 춘천시 온의동 427-4 ,033-264-4716,커피숍,2026-05-27
휴게음식점,7COFFEE,"강원특별자치도 춘천시 서면 박사로 975, 1층",강원특별자치도 춘천시 서면 금산리 495-10 ,,커피숍,2026-05-27
휴게음식점,텐퍼센트커피춘천퇴계점,"강원특별자치도 춘천시 퇴계로 95, 1층 (퇴계동)",강원특별자치도 춘천시 퇴계동 1093 ,033-264-1220,커피숍,2026-05-27
휴게음식점,이디야춘천스무숲길점,"강원특별자치도 춘천시 스무숲1길 81, 1층 (석사동)",강원특별자치도 춘천시 석사동 917-1 ,033-261-3600,커피숍,2026-05-27
휴게음식점,이디야춘천신북점,"강원특별자치도 춘천시 신북읍 신북로 228, 1층",강원특별자치도 춘천시 신북읍 산천리 349-13 ,033-242-4223,커피숍,2026-05-27
휴게음식점,씨유나눔춘천온의점,"강원특별자치도 춘천시 스포츠타운길 503, 춘천센트럴파크푸르지오 지하1층 B02호 (온의동)",강원특별자치도 춘천시 온의동 산 44-1 춘천센트럴파크푸르지오 ,,편의점,2026-05-27
휴게음식점,이마트24춘천교운길점,"강원특별자치도 춘천시 교운길 22, 1층 (교동)",강원특별자치도 춘천시 교동 69-4 ,,편의점,2026-05-27
휴게음식점,썬쿠키,"강원특별자치도 춘천시 성심로 16, 1층 (교동)",강원특별자치도 춘천시 교동 159-17 ,,기타 휴게음식점,2026-05-27
휴게음식점,이마트24R춘천황제팽귄점,"강원특별자치도 춘천시 애막골길 9, 1층 (석사동)",강원특별자치도 춘천시 석사동 749-7 ,033-262-2122,편의점,2026-05-27
휴게음식점,갤러리툰카페,"강원특별자치도 춘천시 서면 박사로 854, 토이로봇관 3층",강원특별자치도 춘천시 서면 현암리 367-3 토이로봇관 3층 ,033-245-6483,커피숍,2026-05-27
휴게음식점,CU춘천효자점,"강원특별자치도 춘천시 서부대성로 163, 1층 (효자동)",강원특별자치도 춘천시 효자동 646-2 ,033-241-0016,편의점,2026-05-27
휴게음식점,GS25김유정역점,"강원특별자치도 춘천시 신동면 김유정로 1417, 1층",강원특별자치도 춘천시 신동면 증리 938-2 ,033-262-2128,편의점,2026-05-27
휴게음식점,지에스25춘천학곡점,"강원특별자치도 춘천시 동내면 영서로 1771, 1층",강원특별자치도 춘천시 동내면 학곡리 306-17 ,033-261-2128,편의점,2026-05-27
휴게음식점,요거데이,"강원특별자치도 춘천시 삭주로80번길 14-6, 1층 (교동)",강원특별자치도 춘천시 교동 156-8 ,033-255-7599,커피숍,2026-05-27
휴게음식점,육림닭강정,"강원특별자치도 춘천시 소양고개길 46, 1층 (요선동)",강원특별자치도 춘천시 요선동 212-2 ,033-244-1510,기타 휴게음식점,2026-05-27
휴게음식점,샐러디춘천후평점,"강원특별자치도 춘천시 후석로 318, 1층 101호 (후평동)",강원특별자치도 춘천시 후평동 700-5 101호,,패스트푸드,2026-05-27
휴게음식점,지에스25(GS)춘천엘타워점,"강원특별자치도 춘천시 공지로 455, 춘천 L-타워 1층 112,112-1,112-2호 (근화동)",강원특별자치도 춘천시 근화동 267-1 춘천 L-타워 ,,편의점,2026-05-27
휴게음식점,컴포즈커피춘천온의점,"강원특별자치도 춘천시 영서로 2349, 1층 (온의동)",강원특별자치도 춘천시 온의동 65-31 ,,커피숍,2026-05-27
휴게음식점,메가엠지씨커피 춘천온의파크점,"강원특별자치도 춘천시 스포츠타운길 522, 1층 101호 (온의동)",강원특별자치도 춘천시 온의동 74 101호,,커피숍,2026-05-27
휴게음식점,이마트24춘천양우아파트점,"강원특별자치도 춘천시 공지로 311, 내안에양우아파트 1층 (효자동)",강원특별자치도 춘천시 효자동 701 내안에양우아파트 ,033-255-7003,편의점,2026-05-27
휴게음식점,언아웃,"강원특별자치도 춘천시 중앙로67번길 18, 2동 2층 2210,2211호 (죽림동, 브라운가)",강원특별자치도 춘천시 죽림동 189 브라운가 ,,커피숍,2026-05-27
휴게음식점,세븐일레븐춘천은하수점,"강원특별자치도 춘천시 대양당길9번길 16-1, 1층 (후평동)",강원특별자치도 춘천시 후평동 802-7 ,,편의점,2026-05-27
휴게음식점,강원대PC카페,"강원특별자치도 춘천시 백령로 29, 2층 (효자동)",강원특별자치도 춘천시 효자동 176-73 ,,일반조리판매,2026-05-27
휴게음식점,플러스마이너스커피,"강원특별자치도 춘천시 충혼길24번길 18, 동쪽상가 1층 (온의동)",강원특별자치도 춘천시 온의동 517-6 동쪽상가 ,,커피숍,2026-05-27
휴게음식점,씨유춘천이지더원점,"강원특별자치도 춘천시 우두1길 80, 춘천우두이지더원시그니처 116동 1층 101,102호 (우두동)",강원특별자치도 춘천시 우두동 1089 ,,편의점,2026-05-27
휴게음식점,이디야춘천교대점,"강원특별자치도 춘천시 공지로 133, 2동 1층 (석사동)",강원특별자치도 춘천시 석사동 311-5 ,033-264-6877,커피숍,2026-05-27
휴게음식점,카페석사동 춘천지역자활센터,"강원특별자치도 춘천시 영서로 1925-29, 춘천지역자활센터 1층 (석사동)",강원특별자치도 춘천시 석사동 170-3 춘천지역자활센터 ,033-253-4575,커피숍,2026-05-27
휴게음식점,나우앤댄(Now And Then),"강원특별자치도 춘천시 동내면 거두택지길 58, 1층",강원특별자치도 춘천시 동내면 거두리 1123-1 ,,커피숍,2026-05-27
휴게음식점,메가엠지씨커피춘천공지천점,"강원특별자치도 춘천시 수변공원길 19, 1층 103호 (삼천동)",강원특별자치도 춘천시 삼천동 13-9 ,033-253-1479,커피숍,2026-05-27
휴게음식점,에브리그릭,"강원특별자치도 춘천시 남춘로36번길 50-10, 1층 102호 (퇴계동)",강원특별자치도 춘천시 퇴계동 1108 ,,일반조리판매,2026-05-27
휴게음식점,샐러디아춘천점,"강원특별자치도 춘천시 춘천순환로 46, 그린빌딩 1층 105호 (석사동)",강원특별자치도 춘천시 석사동 130-85 ,,일반조리판매,2026-05-27
휴게음식점,스낵쉑(Snack Shack),,강원특별자치도 춘천시 중도동 560-4 외3필지 ,,패스트푸드,2026-05-27
휴게음식점,위자드프로즌원더즈(Wizard's frozen wonders),,강원특별자치도 춘천시 중도동 570 ,,아이스크림,2026-05-27
휴게음식점,카이즈애플프라이즈(Kai's apple Fries),,강원특별자치도 춘천시 중도동 560-4 ,,일반조리판매,2026-05-27
휴게음식점,시티스낵스(City Snacks),,강원특별자치도 춘천시 중도동 460 ,,일반조리판매,2026-05-27
휴게음식점,리버레인,"강원특별자치도 춘천시 영서로 2529-47, 1~4층 (근화동)",강원특별자치도 춘천시 근화동 532-8 ,,커피숍,2026-05-27
휴게음식점,씨유춘천퇴계현대점,"강원특별자치도 춘천시 춘주로 162, 1층 (퇴계동, 퇴계현대1차아파트)",강원특별자치도 춘천시 퇴계동 916-2 퇴계현대1차아파트 ,,편의점,2026-05-27
휴게음식점,고스트PC방,"강원특별자치도 춘천시 후석로 45, 2층 (석사동)",강원특별자치도 춘천시 석사동 652-1 ,,기타 휴게음식점,2026-05-27
휴게음식점,던킨도너츠춘천장학,"강원특별자치도 춘천시 동면 춘천로449번길 30, 1층",강원특별자치도 춘천시 동면 장학리 996-1 ,,기타 휴게음식점,2026-05-27
휴게음식점,세븐일레븐춘천퇴계희망점,"강원특별자치도 춘천시 남춘로26번길 20, 1층 102호 (퇴계동)",강원특별자치도 춘천시 퇴계동 1081 ,,편의점,2026-05-27
휴게음식점,아이스펙토리(Ice Factory),"강원특별자치도 춘천시 하중도길 128, 1층 (중도동)",강원특별자치도 춘천시 중도동 603 ,033-815-2300,아이스크림,2026-05-27
휴게음식점,지에스25만천학마을,"강원특별자치도 춘천시 동면 춘천순환로 422, 1층",강원특별자치도 춘천시 동면 만천리 623 ,,편의점,2026-05-27
휴게음식점,스탠다드(STANDARD),"강원특별자치도 춘천시 우두1길 100, 116동 106호 (우두동)",강원특별자치도 춘천시 우두동 1089 ,,커피숍,2026-05-27
휴게음식점,퀴즈노스춘천한림대점,"강원특별자치도 춘천시 삭주로 71, 1층 (교동)",강원특별자치도 춘천시 교동 152-5 ,,기타 휴게음식점,2026-05-27
휴게음식점,이디야춘천하이테크타워점,"강원특별자치도 춘천시 후석로420번길 7, 춘천하이테크타워 B동 1층 107호 (후평동)",강원특별자치도 춘천시 후평동 558-1 ,,커피숍,2026-05-27
휴게음식점,컴포즈커피춘천센트럴타워점,"강원특별자치도 춘천시 방송길 77, 상가동 1층 1109,1141호 (온의동, 춘천 센트럴타워 푸르지오)",강원특별자치도 춘천시 온의동 601 춘천 센트럴타워 푸르지오 ,,커피숍,2026-05-27
휴게음식점,씨유춘천타워푸르지오점,"강원특별자치도 춘천시 방송길 77, 1층 1117,1133호 (온의동, 춘천 센트럴타워 푸르지오)",강원특별자치도 춘천시 온의동 601 춘천 센트럴타워 푸르지오 ,,편의점,2026-05-27
휴게음식점,이마트24춘천소울림점,"강원특별자치도 춘천시 스포츠타운길 344, 1층 (삼천동)",강원특별자치도 춘천시 삼천동 293-1 ,,편의점,2026-05-27
휴게음식점,지에스(GS)25춘천현대,"강원특별자치도 춘천시 모수물길 54, 1층 (소양로2가)",강원특별자치도 춘천시 소양로2가 1 ,,편의점,2026-05-27
휴게음식점,세븐일레븐춘천푸르지오점,"강원특별자치도 춘천시 방송길 77, 1층 1206,1221호 (온의동, 춘천 센트럴타워 푸르지오)",강원특별자치도 춘천시 온의동 601 춘천 센트럴타워 푸르지오 ,,편의점,2026-05-27
휴게음식점,세븐일레븐춘천현진점,"강원특별자치도 춘천시 지석로 63, 현진에버빌2차 상가동 1층 107,108호 (석사동)",강원특별자치도 춘천시 석사동 873 현진에버빌2차 ,,편의점,2026-05-27
휴게음식점,빽다방춘천후평점,"강원특별자치도 춘천시 후석로 280, 1층 (후평동)",강원특별자치도 춘천시 후평동 801-2 ,,커피숍,2026-05-27
휴게음식점,메가커피춘천우두점,"강원특별자치도 춘천시 우두5길 36, 더채움상가 1층 101호 (우두동)",강원특별자치도 춘천시 우두동 1110 ,,기타 휴게음식점,2026-05-27
휴게음식점,투썸플레이스춘천KBS사거리점,"강원특별자치도 춘천시 퇴계로 9, 1,2층 (퇴계동)",강원특별자치도 춘천시 퇴계동 1161-1 ,033-243-7488,커피숍,2026-05-27
휴게음식점,가비상회,"강원특별자치도 춘천시 삭주로 113, 상가동 101호 (후평동, 현대아파트)",강원특별자치도 춘천시 후평동 845 현대아파트 ,,커피숍,2026-05-27
휴게음식점,카페러브레터,"강원특별자치도 춘천시 옥천길 27, 2층 (옥천동)",강원특별자치도 춘천시 옥천동 39-21 ,,기타 휴게음식점,2026-05-27
휴게음식점,시니어마켓,"강원특별자치도 춘천시 시청길12번길 5, 1층 (조양동)",강원특별자치도 춘천시 조양동 24-5 ,033-251-5080,기타 휴게음식점,2026-05-27
휴게음식점,이디야춘천엔타점,"강원특별자치도 춘천시 후석로 120, 춘천 농협 농수산물 종합 유통센터 A동 2층 205호 (석사동)",강원특별자치도 춘천시 석사동 980 ,033-263-1275,커피숍,2026-05-27
휴게음식점,씨유춘천만천로점,"강원특별자치도 춘천시 만천로205번길 1, 1층 (후평동)",강원특별자치도 춘천시 후평동 738-6 ,,편의점,2026-05-27
휴게음식점,라라소프트아이스크림,"강원특별자치도 춘천시 스포츠타운길 245, 삼악산케이블카 상부정차장 지하1층 (삼천동)",강원특별자치도 춘천시 삼천동 801 ,033-250-5319,아이스크림,2026-05-27
휴게음식점,브릭아일랜드,,강원특별자치도 춘천시 중도동 612-2 아로하중도바지선내 ,,기타 휴게음식점,2026-05-27
휴게음식점,컴포즈커피춘천한림대점,"강원특별자치도 춘천시 삭주로 75, 1층 (교동)",강원특별자치도 춘천시 교동 152-7 ,,커피숍,2026-05-27
휴게음식점,브랜다라운지,"강원특별자치도 춘천시 스무숲길 4-15, 1층 101호 (석사동)",강원특별자치도 춘천시 석사동 186-21 ,,커피숍,2026-05-27
휴게음식점,세라젬웰라운지춘천퇴계직영점,"강원특별자치도 춘천시 김유정로 1884, 1층 (퇴계동)",강원특별자치도 춘천시 퇴계동 189 ,,기타 휴게음식점,2026-05-27
휴게음식점,소양보리빵,"강원특별자치도 춘천시 충혼길52번길 5-17, 1층 (온의동)",강원특별자치도 춘천시 온의동 549-16 ,,기타 휴게음식점,2026-05-27
휴게음식점,씨유춘천위너클래스점,"강원특별자치도 춘천시 방송길 41, 상가동 1층 105호 (약사동, 춘천 롯데캐슬 위너클래스)",강원특별자치도 춘천시 약사동 156-1 춘천 롯데캐슬 위너클래스 ,,편의점,2026-05-27
휴게음식점,바파오돈가스,"강원특별자치도 춘천시 방송길 84, 롯데마트푸드코트 2층 (온의동)",강원특별자치도 춘천시 온의동 6-25 롯데마트 ,,일반조리판매,2026-05-27
휴게음식점,빽다방춘천온의점,"강원특별자치도 춘천시 춘천로17번길 31, 더스위트캐슬 1층 107,108호 (온의동)",강원특별자치도 춘천시 온의동 587-3 ,,커피숍,2026-05-27
휴게음식점,투썸플레이스춘천강원대학교두리관점,"강원특별자치도 춘천시 강원대학길 1, 강원대학교 학생회관(두리관) 1층 (효자동)",강원특별자치도 춘천시 효자동 192-1 강원대학교 ,,커피숍,2026-05-27
휴게음식점,이디야강대정문점,"강원특별자치도 춘천시 백령로 8, 1,2층 (효자동)",강원특별자치도 춘천시 효자동 250-52 ,033-261-5889,커피숍,2026-05-27
휴게음식점,요거샌드,"강원특별자치도 춘천시 중앙로 30, 1층 (요선동)",강원특별자치도 춘천시 요선동 9-2 ,,기타 휴게음식점,2026-05-27
휴게음식점,미소김밥,"강원특별자치도 춘천시 방송길 40, 1층 101호 (근화동)",강원특별자치도 춘천시 근화동 714-12 ,,일반조리판매,2026-05-27
휴게음식점,이마트24R춘천후평카페점,"강원특별자치도 춘천시 후석로 368, 1층 (후평동)",강원특별자치도 춘천시 후평동 726-1 ,,편의점,2026-05-27
휴게음식점,아이스클럽,"강원특별자치도 춘천시 후석로 120, 춘천농협농수산물종합유통센터 2층 215호 (석사동)",강원특별자치도 춘천시 석사동 980 ,,커피숍,2026-05-27
휴게음식점,팽피시카페,"강원특별자치도 춘천시 행촌로 55, 3층 (퇴계동)",강원특별자치도 춘천시 퇴계동 592-4 ,,기타 휴게음식점,2026-05-27
휴게음식점,그로우딥(Grow deep),"강원특별자치도 춘천시 효석로 79, 1층 (석사동)",강원특별자치도 춘천시 석사동 711-6 ,,커피숍,2026-05-27
휴게음식점,컴포즈커피춘천우두두미르점,"강원특별자치도 춘천시 충열로 1-16, 1층 103호 (우두동)",강원특별자치도 춘천시 우두동 685-9 ,,커피숍,2026-05-27
휴게음식점,마리나휴게음식점,강원특별자치도 춘천시 남산면 북한강변길 142,강원특별자치도 춘천시 남산면 서천리 565-7 ,,기타 휴게음식점,2026-05-27
휴게음식점,씨유강원대생활관점,"강원특별자치도 춘천시 강원대학길 1, 강원대학교 식당동 1층 (효자동)",강원특별자치도 춘천시 효자동 192-1 강원대학교 , 033-250-7353,편의점,2026-05-27
휴게음식점,파란만잔강원대점,"강원특별자치도 춘천시 강원대학길 1, 강원대학교 식당동 1층 (효자동)",강원특별자치도 춘천시 효자동 192-1 강원대학교 , 033-250-7366,커피숍,2026-05-27
휴게음식점,텐퍼센트커피춘천하이테크점,"강원특별자치도 춘천시 후석로420번길 7, 1층 A110호 (후평동)",강원특별자치도 춘천시 후평동 558-1 ,,커피숍,2026-05-27
휴게음식점,컴포즈커피춘천한숲시티점,"강원특별자치도 춘천시 안마산로 114, 1층 102호 (퇴계동)",강원특별자치도 춘천시 퇴계동 529-10 ,,커피숍,2026-05-27
휴게음식점,미스터리커피,"강원특별자치도 춘천시 칠전서길 46, 1층 (칠전동)",강원특별자치도 춘천시 칠전동 543-5 ,,커피숍,2026-05-27
휴게음식점,짱이네분식,"강원특별자치도 춘천시 서부대성로 12, 2층 31호 (소양로2가, 신동아아파트)",강원특별자치도 춘천시 소양로2가 172-1 신동아아파트 ,,기타 휴게음식점,2026-05-27
휴게음식점,해피버터데이(Happy butter day),"강원특별자치도 춘천시 우석로85번길 7, 1층 (석사동)",강원특별자치도 춘천시 석사동 732-9 ,,기타 휴게음식점,2026-05-27
휴게음식점,맛깔손만두앤김밥,"강원특별자치도 춘천시 소양로163번길 26, 1층 (소양로2가)",강원특별자치도 춘천시 소양로2가 177-28 ,,일반조리판매,2026-05-27
휴게음식점,컴포즈커피춘천명동점,"강원특별자치도 춘천시 명동길 15, 1층 (조양동)",강원특별자치도 춘천시 조양동 51-25 ,,커피숍,2026-05-27
휴게음식점,지에스25춘천추곡점,강원특별자치도 춘천시 북산면 춘양로 1457,강원특별자치도 춘천시 북산면 추곡리 654-10 ,,편의점,2026-05-27
휴게음식점,세븐일레븐춘천후평본점,"강원특별자치도 춘천시 춘천로 266, 1층 (후평동)",강원특별자치도 춘천시 후평동 678-10 ,,편의점,2026-05-27
휴게음식점,세븐일레븐춘천퇴계점,"강원특별자치도 춘천시 퇴계로146번길 12-2, 1층 (퇴계동)",강원특별자치도 춘천시 퇴계동 977-6 ,,편의점,2026-05-27
휴게음식점,치즈얌,"강원특별자치도 춘천시 중앙로67번길 18, 3동 1층 3111호 (죽림동, 브라운가)",강원특별자치도 춘천시 죽림동 189 브라운가 ,,기타 휴게음식점,2026-05-27
휴게음식점,이디야봉의고교점,"강원특별자치도 춘천시 후석로 244, 1층 (후평동)",강원특별자치도 춘천시 후평동 891-3 ,033-256-0110,커피숍,2026-05-27
휴게음식점,제로백춘천후평점,"강원특별자치도 춘천시 후석로 326, 1동 3층 301, 302호 (후평동)",강원특별자치도 춘천시 후평동 701-8 ,,기타 휴게음식점,2026-05-27
휴게음식점,이디야삼천점,"강원특별자치도 춘천시 스포츠타운길 432, 102호 (삼천동)",강원특별자치도 춘천시 삼천동 152-1 ,,커피숍,2026-05-27
휴게음식점,이마트24 R춘천학곡리점,"강원특별자치도 춘천시 동내면 영서로 1787, 1층",강원특별자치도 춘천시 동내면 학곡리 306-8 ,,편의점,2026-05-27
휴게음식점,지에스25춘천우미린,"강원특별자치도 춘천시 후석로 294, 1층 4, 5호 (후평동)",강원특별자치도 춘천시 후평동 795-1 ,,편의점,2026-05-27
휴게음식점,김삼중미술아트관(아트카페),"강원특별자치도 춘천시 충혼길24번길 14-1, 1층 (온의동)",강원특별자치도 춘천시 온의동 521-7 ,,커피숍,2026-05-27
휴게음식점,하비커피,"강원특별자치도 춘천시 중앙로 지하 50-1, 다-08 (요선동)",강원특별자치도 춘천시 요선동 19 다8 ,,기타 휴게음식점,2026-05-27
휴게음식점,마들렌12(Madeleine twelve),"강원특별자치도 춘천시 우석로4번길 5, 1층 (석사동)",강원특별자치도 춘천시 석사동 774-14 ,,기타 휴게음식점,2026-05-27
휴게음식점,아울(OWL),"강원특별자치도 춘천시 동내면 거두길 127-7, 2, 3층",강원특별자치도 춘천시 동내면 거두리 617-33 ,,기타 휴게음식점,2026-05-27
휴게음식점,댄싱컵춘천우미린점,"강원특별자치도 춘천시 후석로 294, 102호 (후평동)",강원특별자치도 춘천시 후평동 795-1 ,,커피숍,2026-05-27
휴게음식점,설빙우두점,"강원특별자치도 춘천시 우두1길 17, 우리프라자 2층 203호 (우두동)",강원특별자치도 춘천시 우두동 1094 ,,커피숍,2026-05-27
휴게음식점,컴포즈커피(춘천우두중앙점),"강원특별자치도 춘천시 우두1길 17, 우리프라자 103호 (우두동)",강원특별자치도 춘천시 우두동 1094 ,,커피숍,2026-05-27
휴게음식점,아코디언커피,"강원특별자치도 춘천시 벌말길 94, 지하 1층 102호 (석사동)",강원특별자치도 춘천시 석사동 696-5 ,,커피숍,2026-05-27
휴게음식점,댄싱컵춘천근화점,"강원특별자치도 춘천시 방송길 40, 1층 103, 104호 (근화동)",강원특별자치도 춘천시 근화동 714-12 ,,커피숍,2026-05-27
휴게음식점,씨유춘천백령점,"강원특별자치도 춘천시 백령로 67, 1층 (효자동)",강원특별자치도 춘천시 효자동 178-54 ,,편의점,2026-05-27
휴게음식점,우지커피춘천온의점,"강원특별자치도 춘천시 춘천로17번길 21, 춘천강남하이엔드 1층 107호 (온의동)",강원특별자치도 춘천시 온의동 587-5 춘천강남하이엔드 ,,커피숍,2026-05-27
휴게음식점,프레드피자춘천점,"강원특별자치도 춘천시 서부대성로 166, 1층 (효자동)",강원특별자치도 춘천시 효자동 647-5 ,,패스트푸드,2026-05-27
휴게음식점,명동다방,"강원특별자치도 춘천시 아침길 9, 2층 (조양동)",강원특별자치도 춘천시 조양동 13-5 ,,다방,2026-05-27
휴게음식점,엔제리너스강촌점,"강원특별자치도 춘천시 남산면 강촌로 89, 1층",강원특별자치도 춘천시 남산면 강촌리 247-17 ,,커피숍,2026-05-27
휴게음식점,지에스25춘천대양,"강원특별자치도 춘천시 남춘천새길 41, 1층 (효자동)",강원특별자치도 춘천시 효자동 300-27 ,,편의점,2026-05-27
휴게음식점,씨유춘천옥천길점,"강원특별자치도 춘천시 옥천길54번길 26, 1층 (옥천동)",강원특별자치도 춘천시 옥천동 14-33 ,,편의점,2026-05-27
휴게음식점,봄봄카페,"강원특별자치도 춘천시 당간지주길 74, 1층 (근화동)",강원특별자치도 춘천시 근화동 797-5 ,,커피숍,2026-05-27
휴게음식점,세이지,"강원특별자치도 춘천시 지석로 29, 상가2동 1층 101호 (석사동, 휴먼타운아파트)",강원특별자치도 춘천시 석사동 866 휴먼타운아파트 ,,커피숍,2026-05-27
휴게음식점,1847커피앤드디저트,"강원특별자치도 춘천시 한림대학길 1, 한림대학교 생명과학관 1층 (옥천동)",강원특별자치도 춘천시 옥천동 1-1 한림대학교 ,,커피숍,2026-05-27
휴게음식점,스타디움피씨방,"강원특별자치도 춘천시 서부대성로 239, 3층 (효자동)",강원특별자치도 춘천시 효자동 628-10 ,,기타 휴게음식점,2026-05-27
휴게음식점,투썸플레이스춘천후평점,"강원특별자치도 춘천시 후석로 352, 1층 102~105호 (후평동)",강원특별자치도 춘천시 후평동 703-1 ,,커피숍,2026-05-27
휴게음식점,와라분식,"강원특별자치도 춘천시 스포츠타운길 136, 춘천시종합경기장 (송암동)",강원특별자치도 춘천시 송암동 301 춘천시종합경기장 ,,푸드트럭,2026-05-27
휴게음식점,메가엠지씨커피남춘천점,"강원특별자치도 춘천시 행촌로32번길 1, 1층 (퇴계동)",강원특별자치도 춘천시 퇴계동 902-7 , 033-241-2023,커피숍,2026-05-27
휴게음식점,플러스마이너스커피,"강원특별자치도 춘천시 남춘로 26, 1층 1-2호 (퇴계동)",강원특별자치도 춘천시 퇴계동 395-5 ,,기타 휴게음식점,2026-05-27
휴게음식점,컴포즈커피춘천퇴계점,"강원특별자치도 춘천시 효자로 3, 1층 (퇴계동)",강원특별자치도 춘천시 퇴계동 1163-2 ,,기타 휴게음식점,2026-05-27
휴게음식점,드림스페이스카페,"강원특별자치도 춘천시 퇴계로145번길 7-3, 1층 (퇴계동)",강원특별자치도 춘천시 퇴계동 961-5 ,,커피숍,2026-05-27
휴게음식점,이디야커피춘천롯데슈퍼점,"강원특별자치도 춘천시 영서로 2195, 롯데슈퍼 1층 (퇴계동)",강원특별자치도 춘천시 퇴계동 381-1 롯데슈퍼 , 033-261-0222,커피숍,2026-05-27
휴게음식점,세븐일레븐춘천소양강점,"강원특별자치도 춘천시 신북읍 상천3길 4, 1층",강원특별자치도 춘천시 신북읍 천전리 39-3 ,,편의점,2026-05-27
휴게음식점,미스터구바비큐,"강원특별자치도 춘천시 스포츠타운길 136, 춘천시종합경기장 (송암동)",강원특별자치도 춘천시 송암동 301 춘천시종합경기장 ,,푸드트럭,2026-05-27
휴게음식점,지에스25춘천퇴계로,"강원특별자치도 춘천시 퇴계로 205, 1층 (석사동)",강원특별자치도 춘천시 석사동 796-10 ,,편의점,2026-05-27
휴게음식점,빙세권,"강원특별자치도 춘천시 동면 춘천로449번길 30-3, 104호",강원특별자치도 춘천시 동면 장학리 995-1 , 033-244-1107,기타 휴게음식점,2026-05-27
휴게음식점,이디야춘천메디컬타워점,"강원특별자치도 춘천시 영서로 2341, 1층 104호 (온의동)",강원특별자치도 춘천시 온의동 58-7 ,,커피숍,2026-05-27
휴게음식점,씨유춘천후평공단점,"강원특별자치도 춘천시 공단로 70, 1층 101호 (후평동)",강원특별자치도 춘천시 후평동 224-2 ,,편의점,2026-05-27
휴게음식점,인필드(INFEELD),"강원특별자치도 춘천시 동면 가락재로 40, 1, 2층",강원특별자치도 춘천시 동면 감정리 736 ,,커피숍,2026-05-27
휴게음식점,커피베이,"강원특별자치도 춘천시 신동면 김유정로 1407, 1층",강원특별자치도 춘천시 신동면 증리 1043-127 , 033-261-7998,커피숍,2026-05-27
휴게음식점,지에스25춘천우두엘에이치점,"강원특별자치도 춘천시 우두로 130, 101, 102, 103호 (우두동, 춘천우두엘에이치천년나무1단지)",강원특별자치도 춘천시 우두동 1086 춘천우두엘에이치천년나무1단지 ,,편의점,2026-05-27
휴게음식점,베이크블럭,"강원특별자치도 춘천시 영서로 2261, 1층 (퇴계동)",강원특별자치도 춘천시 퇴계동 631-3 ,,기타 휴게음식점,2026-05-27
휴게음식점,플러스마이너스츄러스,"강원특별자치도 춘천시 신북읍 신샘밭로 669, 1층",강원특별자치도 춘천시 신북읍 천전리 99-7 ,,커피숍,2026-05-27
휴게음식점,카페애드,"강원특별자치도 춘천시 안마산로 171, 1층 (퇴계동)",강원특별자치도 춘천시 퇴계동 152 ,,기타 휴게음식점,2026-05-27
휴게음식점,튀김매니아,"강원특별자치도 춘천시 중앙로 93, 1층 (중앙로3가)",강원특별자치도 춘천시 중앙로3가 60-14 ,,기타 휴게음식점,2026-05-27
휴게음식점,프레드커피하우스춘천온의점,"강원특별자치도 춘천시 방송길 70, 117동 1층 111호 (온의동, 온의 롯데캐슬 스카이클래스)",강원특별자치도 춘천시 온의동 590 온의 롯데캐슬 스카이클래스 ,,커피숍,2026-05-27
휴게음식점,팝스스모크트레인,"강원특별자치도 춘천시 사북면 가일길 578-8, 1층",강원특별자치도 춘천시 사북면 가일리 197-3 ,,기타 휴게음식점,2026-05-27
휴게음식점,컴포즈커피춘천봄내점,"강원특별자치도 춘천시 퇴계로 201, 1층 (석사동)",강원특별자치도 춘천시 석사동 796-16 ,,커피숍,2026-05-27
휴게음식점,감자래요,"강원특별자치도 춘천시 스포츠타운길 136, 춘천시종합경기장 (송암동)",강원특별자치도 춘천시 송암동 301 춘천시종합경기장 ,,푸드트럭,2026-05-27
휴게음식점,청춘꼬마김밥앤떡볶이우두점,"강원특별자치도 춘천시 영서로2771번길 5, 1층 (우두동)",강원특별자치도 춘천시 우두동 1052 ,,일반조리판매,2026-05-27
휴게음식점,세향다원,"강원특별자치도 춘천시 북산면 오봉산길 779, 가동 1층",강원특별자치도 춘천시 북산면 청평리 669 ,,기타 휴게음식점,2026-05-27
휴게음식점,호야커피빵,"강원특별자치도 춘천시 남면 소주고개로 17-11, 2동 1층",강원특별자치도 춘천시 남면 발산리 254-1 ,,기타 휴게음식점,2026-05-27
휴게음식점,엠분식,"강원특별자치도 춘천시 중앙로67번길 18, 1동 1층 1109호 (죽림동, 브라운가)",강원특별자치도 춘천시 죽림동 189 브라운가 ,,기타 휴게음식점,2026-05-27
휴게음식점,꼬냐카페,,강원특별자치도 춘천시 석사동 757 석사공원 일원 ,,푸드트럭,2026-05-27
휴게음식점,이디야커피남춘천아이씨점,"강원특별자치도 춘천시 남산면 김유정로 334, 1층",강원특별자치도 춘천시 남산면 광판리 111-1 ,033-264-2164,커피숍,2026-05-27
휴게음식점,이마트24춘천스무숲점,"강원특별자치도 춘천시 승지골길16번길 50, 퇴계8단지주공아파트상가 104호 (퇴계동)",강원특별자치도 춘천시 퇴계동 1036-2 퇴계8단지주공아파트상가 ,,편의점,2026-05-27
휴게음식점,푼히(poonhee),"강원특별자치도 춘천시 소양고개길 20, 1층 (소양로2가)",강원특별자치도 춘천시 소양로2가 146-1 ,,커피숍,2026-05-27
휴게음식점,피자스쿨춘천우두점,"강원특별자치도 춘천시 우두1길 100, 116동 1층 111호 (우두동)",강원특별자치도 춘천시 우두동 1089 ,033-252-0526,기타 휴게음식점,2026-05-27
휴게음식점,카페유성(cafe YOUSEONG),"강원특별자치도 춘천시 퇴계로 129-6, 102호 (퇴계동)",강원특별자치도 춘천시 퇴계동 1120 ,,커피숍,2026-05-27
휴게음식점,댄싱컵춘천우두점,"강원특별자치도 춘천시 우두1길 100, 춘천우두이지더원시그니처 116동 1층 103, 104호 (우두동)",강원특별자치도 춘천시 우두동 1089 ,,커피숍,2026-05-27
휴게음식점,웁씨(OOPSY),"강원특별자치도 춘천시 퇴계로 183, 1층 (석사동)",강원특별자치도 춘천시 석사동 796-2 ,,기타 휴게음식점,2026-05-27
휴게음식점,이마트24알춘천요선센터점,"강원특별자치도 춘천시 서부대성로48번길 22, 1층 (요선동)",강원특별자치도 춘천시 요선동 14-7 ,,편의점,2026-05-27
휴게음식점,퀴즈노스춘천엔타점,"강원특별자치도 춘천시 후석로 120, 춘천농협농수산물종합유통센터 2층 206호 (석사동)",강원특별자치도 춘천시 석사동 980 ,,패스트푸드,2026-05-27
휴게음식점,컴포즈커피춘천남부초점,"강원특별자치도 춘천시 미나리길11번길 12-13, 1층 (퇴계동)",강원특별자치도 춘천시 퇴계동 426-24 ,,커피숍,2026-05-27
휴게음식점,써브웨이춘천퇴계점,"강원특별자치도 춘천시 영서로 2195, 롯데슈퍼 1층 (퇴계동)",강원특별자치도 춘천시 퇴계동 381-1 롯데슈퍼 , 033-252-1146,기타 휴게음식점,2026-05-27
휴게음식점,감자니,"강원특별자치도 춘천시 신동면 김유정로 1417, A동 106호",강원특별자치도 춘천시 신동면 증리 938-2 ,,기타 휴게음식점,2026-05-27
휴게음식점,파익스피크소다,"강원특별자치도 춘천시 시청길 14, 1층 (조양동)",강원특별자치도 춘천시 조양동 24-7 ,,기타 휴게음식점,2026-05-27
휴게음식점,카페여름,"강원특별자치도 춘천시 남산면 충효로 437, 1층",강원특별자치도 춘천시 남산면 광판리 1193 ,033-913-1442,기타 휴게음식점,2026-05-27
휴게음식점,코우커피,"강원특별자치도 춘천시 충혼길52번길 3, 1층 (온의동)",강원특별자치도 춘천시 온의동 549 ,,기타 휴게음식점,2026-05-27
휴게음식점,우지커피춘천인성병원점,"강원특별자치도 춘천시 금강로 42, 1층 (중앙로2가)",강원특별자치도 춘천시 중앙로2가 115 ,,커피숍,2026-05-27
휴게음식점,이디야통나무집닭갈비점,"강원특별자치도 춘천시 신북읍 신샘밭로 763-1, 1, 2층",강원특별자치도 춘천시 신북읍 천전리 38-27 ,033-241-5999,커피숍,2026-05-27
휴게음식점,온스트릿,,강원특별자치도 춘천시 삼천동 200-9 춘천지구전투 전승행사 행사장 ,,푸드트럭,2026-05-27
휴게음식점,히어로,,강원특별자치도 춘천시 삼천동 200-9 춘천지구전투 전승행사 행사장 ,,푸드트럭,2026-05-27
휴게음식점,세븐일레븐춘천현진에버빌점,"강원특별자치도 춘천시 지석로 115, 현진에버빌1차 상가 101,102호 (석사동)",강원특별자치도 춘천시 석사동 893 현진에버빌1차 상가 ,,편의점,2026-05-27
휴게음식점,컴포즈커피강원대병원점,"강원특별자치도 춘천시 백령로 159, 1층 (효자동)",강원특별자치도 춘천시 효자동 18-52 ,,커피숍,2026-05-27
휴게음식점,역전꽈배기,"강원특별자치도 춘천시 애막골길11번길 2, 1층 (석사동)",강원특별자치도 춘천시 석사동 748-18 ,,일반조리판매,2026-05-27
휴게음식점,파티플라자스낵,,강원특별자치도 춘천시 중도동 570 ,,푸드트럭,2026-05-27
휴게음식점,존앤존프라임스,"강원특별자치도 춘천시 서부대성로 234, 2층 (효자동)",강원특별자치도 춘천시 효자동 627-13 , 033-244-1462,기타 휴게음식점,2026-05-27
휴게음식점,지에스25춘천춘주로점,강원특별자치도 춘천시 춘주로92번길 38 (온의동),강원특별자치도 춘천시 온의동 536-5 ,,편의점,2026-05-27
휴게음식점,가까운피씨방퇴계점,"강원특별자치도 춘천시 퇴계로93번길 10-8, 2층 (퇴계동)",강원특별자치도 춘천시 퇴계동 1090 ,,기타 휴게음식점,2026-05-27
휴게음식점,푸릇푸릇,"강원특별자치도 춘천시 솟발1길 4-49, 1층 (퇴계동)",강원특별자치도 춘천시 퇴계동 475-9 , 033-252-9182,기타 휴게음식점,2026-05-27
휴게음식점,오늘버터,"강원특별자치도 춘천시 충혼길44번길 15, 1층 (온의동)",강원특별자치도 춘천시 온의동 539 ,,커피숍,2026-05-27
휴게음식점,지에스25춘천구봉산,"강원특별자치도 춘천시 동면 순환대로 1154-113, 1동 1층",강원특별자치도 춘천시 동면 장학리 139-76 ,,편의점,2026-05-27
휴게음식점,디오알케이크(DORCAKE),"강원특별자치도 춘천시 동내면 거두택지길14번길 5-1, 1층",강원특별자치도 춘천시 동내면 거두리 954-4 ,,기타 휴게음식점,2026-05-27
휴게음식점,수정문구점,"강원특별자치도 춘천시 애막골길16번길 5, 1층 (석사동)",강원특별자치도 춘천시 석사동 755-16 , 033-261-6203,일반조리판매,2026-05-27
휴게음식점,샐러디 춘천우두점,"강원특별자치도 춘천시 우두1길 100, 116동 1층 113호 (우두동)",강원특별자치도 춘천시 우두동 1089 , 033-243-8008,기타 휴게음식점,2026-05-27
휴게음식점,(주)동해식품,"강원특별자치도 춘천시 경춘로 2353, 이마트 1층 (온의동)",강원특별자치도 춘천시 온의동 511 이마트 ,031-746-5300,기타 휴게음식점,2026-05-27
휴게음식점,아트스페이스사이로,"강원특별자치도 춘천시 동내면 원창고개길 166, 1층",강원특별자치도 춘천시 동내면 사암리 1106 ,,기타 휴게음식점,2026-05-27
휴게음식점,다코아찌,"강원특별자치도 춘천시 중앙로 186, 근화동 396 청년창업공간 일대 (근화동)",강원특별자치도 춘천시 근화동 396-2 ,,푸드트럭,2026-05-27
휴게음식점,소양강농원콩다방,"강원특별자치도 춘천시 사우벌길 13, 1층 (사농동)",강원특별자치도 춘천시 사농동 596-3 ,,커피숍,2026-05-27
휴게음식점,디저트39남춘천점,"강원특별자치도 춘천시 경춘로 2364, 강남병원 1층 (온의동)",강원특별자치도 춘천시 온의동 513-3 강남병원 , 033-241-3933,기타 휴게음식점,2026-05-27
휴게음식점,이마트24춘천한림점,"강원특별자치도 춘천시 삭주로 110, 1층 (후평동)",강원특별자치도 춘천시 후평동 847 ,,편의점,2026-05-27
휴게음식점,이마트24스마트춘천퇴계시장점,"강원특별자치도 춘천시 지석로 74-11, 1층 A07, B08호 (퇴계동)",강원특별자치도 춘천시 퇴계동 1018 ,,편의점,2026-05-27
휴게음식점,국희네,"강원특별자치도 춘천시 우두로 62, 춘천원예농협 (사농동)",강원특별자치도 춘천시 사농동 808-5 ,,일반조리판매,2026-05-27
휴게음식점,오브느춘천,"강원특별자치도 춘천시 동내면 춘천순환로 67, 1층",강원특별자치도 춘천시 동내면 거두리 912-4 ,,기타 휴게음식점,2026-05-27
휴게음식점,그난푸드,"강원특별자치도 춘천시 동면 순환대로 1154-113, 2동 1층",강원특별자치도 춘천시 동면 장학리 139-76 ,,일반조리판매,2026-05-27
휴게음식점,자미당우두점,"강원특별자치도 춘천시 충열로 39, A동 111호 (우두동)",강원특별자치도 춘천시 우두동 707-35 ,,기타 휴게음식점,2026-05-27
휴게음식점,본카스테라,"강원특별자치도 춘천시 방송길 77, 1층 1213호 (온의동, 춘천 센트럴타워 푸르지오)",강원특별자치도 춘천시 온의동 601 춘천 센트럴타워 푸르지오 ,,기타 휴게음식점,2026-05-27
휴게음식점,해피데이,"강원특별자치도 춘천시 시청길 11, 춘천시청 서문일대 (옥천동)",강원특별자치도 춘천시 옥천동 111-1 춘천시청 ,,푸드트럭,2026-05-27
휴게음식점,곱창좋은날,,"강원특별자치도 춘천시 온의동 583 , 석사천 재즈 페스타 행사장 일대 ",,푸드트럭,2026-05-27
휴게음식점,아로하츄러스,,"강원특별자치도 춘천시 온의동 583 , 석사천 재즈 페스타 행사장 일대 ",,푸드트럭,2026-05-27
휴게음식점,씨유춘천청운길점,"강원특별자치도 춘천시 청운길29번길 2, 1층 (효자동)",강원특별자치도 춘천시 효자동 397-9 ,,편의점,2026-05-27
휴게음식점,우지커피춘천터미널점,"강원특별자치도 춘천시 영서로2279번길 20, 가온펠리스 1층 102호 (온의동)",강원특별자치도 춘천시 온의동 514-1 ,,커피숍,2026-05-27
휴게음식점,더그린눅(The Green Nook),"강원특별자치도 춘천시 하사관길 15-8, 1층 (삼천동)",강원특별자치도 춘천시 삼천동 63-142 ,,커피숍,2026-05-27
휴게음식점,스몰굿커피 춘천명동점,"강원특별자치도 춘천시 시청길10번길 4-2, 1층 (조양동)",강원특별자치도 춘천시 조양동 26-1 , 033-256-9006,커피숍,2026-05-27
휴게음식점,지에스25춘천타운점,"강원특별자치도 춘천시 춘주로 174, 1층 103, 104호 (퇴계동, 그린타운아파트)",강원특별자치도 춘천시 퇴계동 916-3 그린타운아파트 ,,편의점,2026-05-27
휴게음식점,우리카페,"강원특별자치도 춘천시 동면 춘천로 628, 2층",강원특별자치도 춘천시 동면 장학리 43-22 ,,커피숍,2026-05-27
휴게음식점,카페포레스트,"강원특별자치도 춘천시 영서로 2956, 1층 (사농동)",강원특별자치도 춘천시 사농동 748 , 033-255-5458,커피숍,2026-05-27
휴게음식점,꽃다발케이크,"강원특별자치도 춘천시 동면 춘천순환로 626, 지하1층",강원특별자치도 춘천시 동면 장학리 802-1 ,033-252-2331,기타 휴게음식점,2026-05-27
휴게음식점,롯데리아춘천온의점,"강원특별자치도 춘천시 방송길 94-7, 1층 (온의동)",강원특별자치도 춘천시 온의동 588-4 ,,패스트푸드,2026-05-27
휴게음식점,호두멜로우,"강원특별자치도 춘천시 동면 춘천순환로 630, 1층",강원특별자치도 춘천시 동면 장학리 789-48 ,,커피숍,2026-05-27
휴게음식점,자미당 장학점,"강원특별자치도 춘천시 동면 춘천로449번길 30-3, 101호",강원특별자치도 춘천시 동면 장학리 995-1 ,033-255-7174,기타 휴게음식점,2026-05-27
휴게음식점,올데이스테이,"강원특별자치도 춘천시 동면 만천로 28-84, 지하1~지하2층",강원특별자치도 춘천시 동면 만천리 437-1 ,,기타 휴게음식점,2026-05-27
휴게음식점,포트캔커피춘천석사점,"강원특별자치도 춘천시 영서로 2025, 탑클리닉빌딩 1층 102호 (석사동)",강원특별자치도 춘천시 석사동 885-2 ,033-818-1118,커피숍,2026-05-27
휴게음식점,베이스캠프(Base Camp),"강원특별자치도 춘천시 남산면 보매기길 8, 1층",강원특별자치도 춘천시 남산면 창촌리 610-47 ,,커피숍,2026-05-27
휴게음식점,육림커피,"강원특별자치도 춘천시 중앙로77번길 45-1, 1층 (운교동)",강원특별자치도 춘천시 운교동 171-4 ,,커피숍,2026-05-27
휴게음식점,읍천리382춘천시청점,"강원특별자치도 춘천시 중앙로27번길 11-12, 1층 (옥천동)",강원특별자치도 춘천시 옥천동 39-22 ,,기타 휴게음식점,2026-05-27
휴게음식점,호두앤미온의점,"강원특별자치도 춘천시 스포츠타운길 496, 지하1층 B104호 (온의동)",강원특별자치도 춘천시 온의동 82-12 , 033-261-1134,기타 휴게음식점,2026-05-27
휴게음식점,광판팔뚝김밥남산농협점,"강원특별자치도 춘천시 남산면 보매기1길 62-25, 1층",강원특별자치도 춘천시 남산면 방곡리 150-2 ,,기타 휴게음식점,2026-05-27
휴게음식점,카페봄촌,"강원특별자치도 춘천시 신동면 실레길 26, 1층",강원특별자치도 춘천시 신동면 증리 880-4 ,,커피숍,2026-05-27
휴게음식점,하삼동커피,"강원특별자치도 춘천시 춘천로296번길 4, 1층 (후평동)",강원특별자치도 춘천시 후평동 687-23 ,,커피숍,2026-05-27
휴게음식점,이디야춘천B&I타워점,"강원특별자치도 춘천시 소양강로 10, 113동 114호 (후평동)",강원특별자치도 춘천시 후평동 623-4 ,,커피숍,2026-05-27
휴게음식점,테이스티(Tasty),"강원특별자치도 춘천시 공지로297번길 8, 1층 (효자동)",강원특별자치도 춘천시 효자동 707-16 ,,커피숍,2026-05-27
휴게음식점,닿다,"강원특별자치도 춘천시 효자로 136, 1층 1-1호 (효자동)",강원특별자치도 춘천시 효자동 651 ,,커피숍,2026-05-27
휴게음식점,메고지고춘천퇴계동점,"강원특별자치도 춘천시 퇴계로 129-17, 1층 102호 (퇴계동)",강원특별자치도 춘천시 퇴계동 1101 ,,커피숍,2026-05-27
휴게음식점,씨유(CU)후평인공폭포점,"강원특별자치도 춘천시 후석로 260, 1층 (후평동)",강원특별자치도 춘천시 후평동 836-10 ,,편의점,2026-05-27
휴게음식점,디카페,"강원특별자치도 춘천시 서면 신숭겸로 272-30, 1층",강원특별자치도 춘천시 서면 방동리 852-1 ,,커피숍,2026-05-27
휴게음식점,핸섬메이드,"강원특별자치도 춘천시 공지로 162-1, 1층 (석사동)",강원특별자치도 춘천시 석사동 429-5 ,,커피숍,2026-05-27
휴게음식점,위드제이에스2,"강원특별자치도 춘천시 우석로 32, 1층 107호 (석사동)",강원특별자치도 춘천시 석사동 98 , 033-262-1538,커피숍,2026-05-27
휴게음식점,그린시즌,"강원특별자치도 춘천시 충혼길34번길 14, 1층 우측호 (온의동)",강원특별자치도 춘천시 온의동 525-2 ,,기타 휴게음식점,2026-05-27
휴게음식점,오즈보드게임카페,"강원특별자치도 춘천시 후석로186번길 16, 3층 (석사동)",강원특별자치도 춘천시 석사동 729-8 ,,기타 휴게음식점,2026-05-27
휴게음식점,춘천서림,"강원특별자치도 춘천시 서부대성로 157, 1층 (효자동)",강원특별자치도 춘천시 효자동 643-7 , 033-242-6002,커피숍,2026-05-27
휴게음식점,베이크워크,"강원특별자치도 춘천시 퇴계로 140, 1층 (퇴계동)",강원특별자치도 춘천시 퇴계동 971-1 ,,커피숍,2026-05-27
휴게음식점,버거킹춘천후평점,"강원특별자치도 춘천시 후석로 322, 1, 2층 (후평동)",강원특별자치도 춘천시 후평동 701-4 , 070-7459-7227,패스트푸드,2026-05-27
휴게음식점,키키봄스튜디오,"강원특별자치도 춘천시 안마산로 128, 2층 208호 (퇴계동)",강원특별자치도 춘천시 퇴계동 523-23 ,,커피숍,2026-05-27
휴게음식점,부르면간다닷컴,"강원특별자치도 춘천시 스포츠타운길 136, 춘천시종합경기장 주경기장 본부석 방향 일대 (송암동)",강원특별자치도 춘천시 송암동 301 춘천시종합경기장 ,,푸드트럭,2026-05-27
휴게음식점,씨즐,"강원특별자치도 춘천시 스포츠타운길 136, 춘천시종합경기장 주경기장 본부석 방향 일대 (송암동)",강원특별자치도 춘천시 송암동 301 춘천시종합경기장 ,,푸드트럭,2026-05-27
휴게음식점,안녕퇴계동,"강원특별자치도 춘천시 남춘로5번길 14-1, 1층 (퇴계동)",강원특별자치도 춘천시 퇴계동 1170-5 ,,커피숍,2026-05-27
휴게음식점,덮담춘천한림대점,"강원특별자치도 춘천시 삭주로 100, 1층 103호 (후평동)",강원특별자치도 춘천시 후평동 855-5 ,033-253-6119,기타 휴게음식점,2026-05-27
휴게음식점,플러스 마이너스 커피 화목원,"강원특별자치도 춘천시 신샘밭로 111, 1층 (사농동)",강원특별자치도 춘천시 사농동 217-306 ,,커피숍,2026-05-27
휴게음식점,포트캔커피효자점,"강원특별자치도 춘천시 서부대성로 201, 1층 (효자동)",강원특별자치도 춘천시 효자동 615-1 ,,커피숍,2026-05-27
휴게음식점,청소년도서관매점(춘천지역자활센터),"강원특별자치도 춘천시 옛경춘로 830-24, 춘천시립청소년도서관 지하1층 (삼천동)",강원특별자치도 춘천시 삼천동 28-79 춘천시립청소년도서관 , 033-253-4575,커피숍,2026-05-27
휴게음식점,지에스(GS)25춘천우석로,"강원특별자치도 춘천시 우석로 77, 1층 (석사동)",강원특별자치도 춘천시 석사동 745-3 ,,편의점,2026-05-27
휴게음식점,이디야커피춘천픽트스퀘어점,"강원특별자치도 춘천시 효자로 144, 1층 (효자동)",강원특별자치도 춘천시 효자동 652-16 , 070-4353-6127,커피숍,2026-05-27
휴게음식점,씨유춘천둥지점,"강원특별자치도 춘천시 둥지길 8, 1층 (효자동)",강원특별자치도 춘천시 효자동 650-1 ,,편의점,2026-05-27
휴게음식점,GS25강원대기숙사점,"강원특별자치도 춘천시 강원대학길 1, 이룸관 1층 (효자동)",강원특별자치도 춘천시 효자동 192-1 ,,편의점,2026-05-27
휴게음식점,인사이드비(B),"강원특별자치도 춘천시 사우로 123, 1층 (우두동)",강원특별자치도 춘천시 우두동 444-8 ,,기타 휴게음식점,2026-05-27
휴게음식점,탑브릭스춘천점,"강원특별자치도 춘천시 방송길 77, 1층 1305호 (온의동, 춘천 센트럴타워 푸르지오)",강원특별자치도 춘천시 온의동 601 춘천 센트럴타워 푸르지오 ,,커피숍,2026-05-27
휴게음식점,몬스터파크주식회사춘천지점,"강원특별자치도 춘천시 금강로 68-9, 미도파아파트 지하1층 (조양동)",강원특별자치도 춘천시 조양동 34 미도파아파트 , 070-8860-4866,키즈카페,2026-05-27
휴게음식점,세븐일레븐춘천할렐루야,"강원특별자치도 춘천시 스포츠타운길 529-1, 1층 (온의동)",강원특별자치도 춘천시 온의동 65-24 ,,편의점,2026-05-27
휴게음식점,카페콘크리트춘천석사점,"강원특별자치도 춘천시 퇴계로 249, 1층 105-2호 (석사동)",강원특별자치도 춘천시 석사동 818-14 ,,커피숍,2026-05-27
휴게음식점,빽다방춘천엔타점,"강원특별자치도 춘천시 후석로 120, 1층 109호 (석사동)",강원특별자치도 춘천시 석사동 980 ,,커피숍,2026-05-27
휴게음식점,델리시유,"강원특별자치도 춘천시 춘천로213번길 10, 1층 (효자동)",강원특별자치도 춘천시 효자동 745-1 ,,커피숍,2026-05-27
휴게음식점,커피빈춘천온의점,"강원특별자치도 춘천시 춘천로17번길 17, 1층 101호 (온의동)",강원특별자치도 춘천시 온의동 587-8 , 033-252-3348,커피숍,2026-05-27
휴게음식점,바디블룸피트니스카페,"강원특별자치도 춘천시 서부대성로47번길 14, 2층 (요선동)",강원특별자치도 춘천시 요선동 2-5 ,,커피숍,2026-05-27
휴게음식점,빙동댕춘천점,"강원특별자치도 춘천시 삭주로 55-2, 1층 (교동)",강원특별자치도 춘천시 교동 93-187 ,,커피숍,2026-05-27
휴게음식점,키에이크(kake),"강원특별자치도 춘천시 동내면 외솔길19번길 49-22, 1층",강원특별자치도 춘천시 동내면 거두리 1022-2 , 070-8838-0510,기타 휴게음식점,2026-05-27
휴게음식점,하삼동커피춘천온의풍물시장점,"강원특별자치도 춘천시 춘천로17번길 31, 1층 106호 (온의동)",강원특별자치도 춘천시 온의동 587-3 , 033-252-5484,커피숍,2026-05-27
휴게음식점,스트릿츄러스(엔타점),"강원특별자치도 춘천시 후석로 120, 2층 208호 (석사동)",강원특별자치도 춘천시 석사동 980 ,,기타 휴게음식점,2026-05-27
휴게음식점,담;따,"강원특별자치도 춘천시 동부시장길 8, 70호 (운교동, 동부시장현대아파트)",강원특별자치도 춘천시 운교동 183 동부시장현대아파트 ,,기타 휴게음식점,2026-05-27
휴게음식점,메고지고떡창고석사동점,"강원특별자치도 춘천시 지석로 63, 현진에버빌2차 1층 101호 (석사동)",강원특별자치도 춘천시 석사동 873 현진에버빌2차 ,,떡카페,2026-05-27
휴게음식점,데이드림케이터링,"강원특별자치도 춘천시 스포츠타운길 376, 춘천베어스타운관광호텔 (삼천동)",강원특별자치도 춘천시 삼천동 300-3 춘천베어스타운관광호텔 ,,푸드트럭,2026-05-27
휴게음식점,공감,"강원특별자치도 춘천시 춘주로201번길 8, 1층 (퇴계동)",강원특별자치도 춘천시 퇴계동 892-9 ,,기타 휴게음식점,2026-05-27
휴게음식점,씨유(CU)충혼길점,"강원특별자치도 춘천시 충혼길 54, 1층 (온의동)",강원특별자치도 춘천시 온의동 549-2 ,,편의점,2026-05-27
휴게음식점,스타벅스 춘천후석로DT,"강원특별자치도 춘천시 후석로 245, 1,2층 (후평동)",강원특별자치도 춘천시 후평동 24-1 , 033-242-4442,커피숍,2026-05-27
휴게음식점,세븐일레븐춘천오케이(OK)점,"강원특별자치도 춘천시 춘천로 120, 현진에버빌3차아파트 상가동 1층 101호 (효자동, 현진에버빌3차아파트)",강원특별자치도 춘천시 효자동 822 현진에버빌3차아파트 ,,편의점,2026-05-27
휴게음식점,지에스(GS)25남춘천본,"강원특별자치도 춘천시 우묵들길 4, 1층 (퇴계동)",강원특별자치도 춘천시 퇴계동 1192-10 ,,편의점,2026-05-27
휴게음식점,지에스(GS)25춘천신일,"강원특별자치도 춘천시 공지로 145-3, 1층 (석사동)",강원특별자치도 춘천시 석사동 678 ,,편의점,2026-05-27
휴게음식점,더1939(The1939),"강원특별자치도 춘천시 남산면 강촌로 63, 1층",강원특별자치도 춘천시 남산면 강촌리 243-4 ,,커피숍,2026-05-27
휴게음식점,을찌로국물떡볶이춘천교대점,"강원특별자치도 춘천시 공지로 108, 1층 102호 (석사동)",강원특별자치도 춘천시 석사동 316-10 ,,기타 휴게음식점,2026-05-27
휴게음식점,만천508카페,"강원특별자치도 춘천시 동면 춘천순환로 508, 1동 2층",강원특별자치도 춘천시 동면 만천리 744 ,,커피숍,2026-05-27
휴게음식점,돌담카페(doldamcafe),"강원특별자치도 춘천시 신북읍 신샘밭로 395, 1,2층",강원특별자치도 춘천시 신북읍 율문리 272-3 ,,커피숍,2026-05-27
휴게음식점,화채한박스춘천점,"강원특별자치도 춘천시 공지로 246, 1층 나호 (효자동)",강원특별자치도 춘천시 효자동 326 ,,기타 휴게음식점,2026-05-27
휴게음식점,달롱도르요거트아이스크림춘천점,"강원특별자치도 춘천시 공지로 246, 1층 가호 (효자동)",강원특별자치도 춘천시 효자동 326 ,,아이스크림,2026-05-27
휴게음식점,메고지고떡창고후평점,"강원특별자치도 춘천시 후석로420번길 7, A동 109호 (후평동)",강원특별자치도 춘천시 후평동 558-1 ,,기타 휴게음식점,2026-05-27
휴게음식점,별하커피,"강원특별자치도 춘천시 방송길 77, 1층 1225호 (온의동, 춘천 센트럴타워 푸르지오)",강원특별자치도 춘천시 온의동 601 춘천 센트럴타워 푸르지오 ,,커피숍,2026-05-27
휴게음식점,히수니카페,"강원특별자치도 춘천시 돌담길 2-1, 지하 1층 (효자동)",강원특별자치도 춘천시 효자동 158-14 ,,기타 휴게음식점,2026-05-27
휴게음식점,바티스트아트하우스,"강원특별자치도 춘천시 후석로 296, 3층 (후평동)",강원특별자치도 춘천시 후평동 794-6 ,,커피숍,2026-05-27
휴게음식점,디아(DIA),"강원특별자치도 춘천시 향교옆길13번길 22, 1층 (옥천동)",강원특별자치도 춘천시 옥천동 14-121 ,,커피숍,2026-05-27
휴게음식점,함께라면,"강원특별자치도 춘천시 남춘로 15, 1층 (퇴계동)",강원특별자치도 춘천시 퇴계동 369-25 ,,기타 휴게음식점,2026-05-27
휴게음식점,카페실론(CAFE CEYLON),"강원특별자치도 춘천시 공지로 297, 1층 (효자동)",강원특별자치도 춘천시 효자동 708-9 ,,커피숍,2026-05-27
휴게음식점,씨유춘천후평주공점,"강원특별자치도 춘천시 후만로 33, 주공6단지아파트 상가동 101호 (후평동)",강원특별자치도 춘천시 후평동 481-2 주공6단지아파트 ,,기타 휴게음식점,2026-05-27
휴게음식점,메가엠지씨커피강원대점,"강원특별자치도 춘천시 서부대성로 243, 1층 (효자동)",강원특별자치도 춘천시 효자동 632-2 ,,커피숍,2026-05-27
휴게음식점,레이업커피,"강원특별자치도 춘천시 우석로 67, 1층 (석사동)",강원특별자치도 춘천시 석사동 746-5 ,,커피숍,2026-05-27
휴게음식점,지에스(GS)25춘천산수빌,"강원특별자치도 춘천시 동내면 향군길 25, 산수빌아파트 1층",강원특별자치도 춘천시 동내면 신촌리 401-1 산수빌아파트 ,,편의점,2026-05-27
휴게음식점,씨유(CU)춘천후평센타점,"강원특별자치도 춘천시 보안길 122, 1층 (후평동)",강원특별자치도 춘천시 후평동 731-8 ,,편의점,2026-05-27
휴게음식점,씨유(CU)춘천모아마트점,강원특별자치도 춘천시 서부대성로206번길 18 (효자동),강원특별자치도 춘천시 효자동 776-6 ,,편의점,2026-05-27
휴게음식점,플러스마이너스커피,"강원특별자치도 춘천시 방송길 77, 1층 1249호 (온의동, 춘천 센트럴타워 푸르지오)",강원특별자치도 춘천시 온의동 601 춘천 센트럴타워 푸르지오 ,,커피숍,2026-05-27
휴게음식점,카페하인나,"강원특별자치도 춘천시 명동길 2-1, 3층 (중앙로2가)",강원특별자치도 춘천시 중앙로2가 2 ,,기타 휴게음식점,2026-05-27
휴게음식점,세븐일레븐춘천한림대에리트점,"강원특별자치도 춘천시 삭주로 89-8, 에리트아파트 109동 103호 (후평동)",강원특별자치도 춘천시 후평동 529-5 에리트아파트 ,,편의점,2026-05-27
휴게음식점,티하우스,"강원특별자치도 춘천시 약사고개길 21, 가톨릭신협 1층 (죽림동)",강원특별자치도 춘천시 죽림동 38 가톨릭신협 ,,커피숍,2026-05-27
휴게음식점,카페쉼,"강원특별자치도 춘천시 서면 경춘로 1511-40, 1층",강원특별자치도 춘천시 서면 덕두원리 70-12 , 033-2547-654,커피숍,2026-05-27
휴게음식점,점핑몬스터,"강원특별자치도 춘천시 솟발1길 4-33, 2층 (퇴계동)",강원특별자치도 춘천시 퇴계동 493-18 ,,키즈카페,2026-05-27
휴게음식점,하프앤로프,"강원특별자치도 춘천시 명주길5번길 44, 2층 (효자동)",강원특별자치도 춘천시 효자동 464-4 ,,커피숍,2026-05-27
휴게음식점,뉴욕버거춘천명동점,"강원특별자치도 춘천시 명동길 6-2, 1층 (중앙로2가)",강원특별자치도 춘천시 중앙로2가 14 ,,패스트푸드,2026-05-27
휴게음식점,영트럭,"강원특별자치도 춘천시 시청길 11, 춘천시청 호반광장 (옥천동)",강원특별자치도 춘천시 옥천동 111-1 춘천시청 ,,푸드트럭,2026-05-27
휴게음식점,컴포즈커피춘천거두리점,"강원특별자치도 춘천시 동내면 공지로 70-51, 1층",강원특별자치도 춘천시 동내면 거두리 931-1 ,,커피숍,2026-05-27
휴게음식점,카페요아정춘천명동점,"강원특별자치도 춘천시 중앙로67번길 18, 4동 1층 4112호 (죽림동, 브라운가)",강원특별자치도 춘천시 죽림동 189 브라운가 ,,아이스크림,2026-05-27
휴게음식점,그양반네,강원특별자치도 춘천시 강원대학길 1 (효자동),강원특별자치도 춘천시 효자동 192-1 ,,푸드트럭,2026-05-27
휴게음식점,빙수의나라빙국,"강원특별자치도 춘천시 동내면 고은길 13, 1층 106호",강원특별자치도 춘천시 동내면 고은리 559-22 ,,커피숍,2026-05-27
휴게음식점,노아카페(Noah Cafe),"강원특별자치도 춘천시 석사길5번길 40-2, 1층 (석사동)",강원특별자치도 춘천시 석사동 670 ,,커피숍,2026-05-27
휴게음식점,지에스(GS)25춘천전원길,강원특별자치도 춘천시 전원길 31 (효자동),강원특별자치도 춘천시 효자동 745-9 ,,편의점,2026-05-27
휴게음식점,엄마랑도너츠,"강원특별자치도 춘천시 효자로 60, 1층 우측상가호 (효자동)",강원특별자치도 춘천시 효자동 700-2 ,,기타 휴게음식점,2026-05-27
휴게음식점,메가엠지씨커피춘천학곡마을점,"강원특별자치도 춘천시 동내면 영서로 1777, 102호",강원특별자치도 춘천시 동내면 학곡리 306-34 ,,커피숍,2026-05-27
휴게음식점,텔로스카페,"강원특별자치도 춘천시 새롬공원길4번길 23, 1층101호, 2층202호 (석사동)",강원특별자치도 춘천시 석사동 855-2 ,,커피숍,2026-05-27
휴게음식점,달자네케이크,"강원특별자치도 춘천시 동내면 거두택지길 48, 1층 101호",강원특별자치도 춘천시 동내면 거두리 1121-3 ,,기타 휴게음식점,2026-05-27
휴게음식점,씨유춘천향교점,"강원특별자치도 춘천시 교동길 2, 1층 (교동)",강원특별자치도 춘천시 교동 138 ,,편의점,2026-05-27
휴게음식점,해피초원목장,강원특별자치도 춘천시 사북면 춘화로 330-48,강원특별자치도 춘천시 사북면 고탄리 산 50-3 ,,기타 휴게음식점,2026-05-27
휴게음식점,케이크지(cakezi),"강원특별자치도 춘천시 우석로79번길 4, 1층 우측상가호 (석사동)",강원특별자치도 춘천시 석사동 733-17 ,,기타 휴게음식점,2026-05-27
휴게음식점,요아정강원대후문점,"강원특별자치도 춘천시 서부대성로227번길 24, 1층 좌측상가호 (효자동)",강원특별자치도 춘천시 효자동 631 ,,아이스크림,2026-05-27
휴게음식점,공상,"강원특별자치도 춘천시 동면 소양강로 150, 1층",강원특별자치도 춘천시 동면 장학리 785-18 ,,커피숍,2026-05-27
휴게음식점,씨유(CU)춘천춘주로점,"강원특별자치도 춘천시 춘주로187번길 10, 1층 (퇴계동)",강원특별자치도 춘천시 퇴계동 896-11 ,,편의점,2026-05-27
휴게음식점,서면79도넛,"강원특별자치도 춘천시 지석로 74-11, 1층 B01,B02,B03호 (퇴계동)",강원특별자치도 춘천시 퇴계동 1018 ,,커피숍,2026-05-27
휴게음식점,경희차마루,"강원특별자치도 춘천시 약사고개길41번길 6-4, 1층 (약사동)",강원특별자치도 춘천시 약사동 59-2 , 033-261-8882,전통찻집,2026-05-27
휴게음식점,우지커피춘천주공랜드마크점,"강원특별자치도 춘천시 퇴계로 166, 1층 103호 (퇴계동)",강원특별자치도 춘천시 퇴계동 983-1 ,,커피숍,2026-05-27
휴게음식점,스타벅스더춘천의암호R,강원특별자치도 춘천시 스포츠타운길 231 (삼천동),강원특별자치도 춘천시 삼천동 338-1 , 033-2414-727,커피숍,2026-05-27
휴게음식점,플러스마이너스,강원특별자치도 춘천시 신북읍 신샘밭로 670,강원특별자치도 춘천시 신북읍 천전리 99-8 ,,커피숍,2026-05-27
휴게음식점,메가엠지씨커피춘천퇴계타운점,"강원특별자치도 춘천시 안마산로 219, 102호 (퇴계동)",강원특별자치도 춘천시 퇴계동 1012 ,,커피숍,2026-05-27
휴게음식점,춘천붕어빵,"강원특별자치도 춘천시 서부대성로48번길 22-2, 1층 (요선동)",강원특별자치도 춘천시 요선동 18-1 ,,기타 휴게음식점,2026-05-27
휴게음식점,세븐일레븐양우스타점,강원특별자치도 춘천시 공지로317번길 14 (효자동),강원특별자치도 춘천시 효자동 697-23 ,,편의점,2026-05-27
휴게음식점,쏘쏘사라다춘천,강원특별자치도 춘천시 중앙로67번길 3 (2층계단옆) 1층 (중앙로2가),강원특별자치도 춘천시 중앙로2가 28 ,,기타 휴게음식점,2026-05-27
휴게음식점,백억커피(춘천1호점),"강원특별자치도 춘천시 퇴계농공로 11, 스타플러스빌딩 105호 (석사동)",강원특별자치도 춘천시 석사동 888-1 ,,커피숍,2026-05-27
휴게음식점,요아정춘천온의점,"강원특별자치도 춘천시 방송길 70, 상가동 우측 101호 (온의동, 온의 롯데캐슬 스카이클래스)",강원특별자치도 춘천시 온의동 590 온의 롯데캐슬 스카이클래스 ,,아이스크림,2026-05-27
휴게음식점,씨유춘천강변코아루점,"강원특별자치도 춘천시 새청말길 27, 1층 102호 (우두동)",강원특별자치도 춘천시 우두동 381-19 ,,편의점,2026-05-27
휴게음식점,가먼트커피,"강원특별자치도 춘천시 서부대성로 196, 2층 (효자동)",강원특별자치도 춘천시 효자동 616 ,,커피숍,2026-05-27
휴게음식점,배스킨라빈스춘천거두리하나로점,"강원특별자치도 춘천시 동내면 공지로 80, 신동농협 하나로마트 1층",강원특별자치도 춘천시 동내면 거두리 929-2 신동농협 하나로마트 ,,아이스크림,2026-05-27
휴게음식점,히히케이크,"강원특별자치도 춘천시 춘천로151번길 19, 우측첫번째상가호 (운교동)",강원특별자치도 춘천시 운교동 170-3 ,,기타 휴게음식점,2026-05-27
휴게음식점,메가엠지씨커피춘천한림대점,"강원특별자치도 춘천시 삭주로 72, 1층 102호 (교동)",강원특별자치도 춘천시 교동 157 ,,커피숍,2026-05-27
휴게음식점,하비커피2,"강원특별자치도 춘천시 중앙로 지하 38, 다51-52 (요선동)",강원특별자치도 춘천시 요선동 19 다51-52 ,,커피숍,2026-05-27
휴게음식점,자미당춘천점,"강원특별자치도 춘천시 퇴계로 241, 1층 105호 (석사동)",강원특별자치도 춘천시 석사동 818-10 ,,기타 휴게음식점,2026-05-27
휴게음식점,레드포스피씨아레나춘천퇴계점,"강원특별자치도 춘천시 김유정로 1884, 2층 (퇴계동)",강원특별자치도 춘천시 퇴계동 189 ,,일반조리판매,2026-05-27
휴게음식점,황가네푸줏간,"강원특별자치도 춘천시 스포츠타운길 458, 춘천파크자이 1층 104호 (삼천동)",강원특별자치도 춘천시 삼천동 796 춘천파크자이 ,,기타 휴게음식점,2026-05-27
휴게음식점,빙동댕석사점,"강원특별자치도 춘천시 효석로67번길 18-1, 1층 (석사동)",강원특별자치도 춘천시 석사동 705-19 ,033-912-7782,아이스크림,2026-05-27
휴게음식점,세븐일레븐스무숲점,"강원특별자치도 춘천시 스무숲1길 71, 1층 (석사동)",강원특별자치도 춘천시 석사동 927-1 ,,편의점,2026-05-27
휴게음식점,빽다방춘천신북샘밭점,"강원특별자치도 춘천시 신북읍 신샘밭로 366, 1층",강원특별자치도 춘천시 신북읍 율문리 274-17 ,,커피숍,2026-05-27
휴게음식점,팔공티 춘천애막골점,"강원특별자치도 춘천시 애막골길11번길 38, 1층 101호 (석사동)",강원특별자치도 춘천시 석사동 729-6 ,,커피숍,2026-05-27
휴게음식점,세븐일레븐강원대점,"강원특별자치도 춘천시 서부대성로 241, 1층 (효자동)",강원특별자치도 춘천시 효자동 632-1 ,,편의점,2026-05-27
휴게음식점,CLOUD303(클라우드303),"강원특별자치도 춘천시 신북읍 배후령길 303, 1층",강원특별자치도 춘천시 신북읍 유포리 1167-29 ,,커피숍,2026-05-27
휴게음식점,씨유(CU)춘천센타점,"강원특별자치도 춘천시 영서로2279번길 3, 1층 101호 (온의동)",강원특별자치도 춘천시 온의동 171-1 ,,편의점,2026-05-27
휴게음식점,풀문&카누하우스,,강원특별자치도 춘천시 송암동 641 ,,기타 휴게음식점,2026-05-27
휴게음식점,에테르(ether),"강원특별자치도 춘천시 서면 신숭겸로 250-8, 1층",강원특별자치도 춘천시 서면 방동리 841-1 , 033-243-6382,커피숍,2026-05-27
휴게음식점,샌드어게인,"강원특별자치도 춘천시 우석로67번길 3, 1층 (석사동)",강원특별자치도 춘천시 석사동 747-9 ,,일반조리판매,2026-05-27
휴게음식점,엘린스샌드위치강원대점,"강원특별자치도 춘천시 두하길 7, 1층 (효자동)",강원특별자치도 춘천시 효자동 613-11 ,,패스트푸드,2026-05-27
휴게음식점,텐퍼센트커피춘천우두중앙점,"강원특별자치도 춘천시 우두1길 140, 210동 115호 (우두동, 춘천우두 EG the1 2차)",강원특별자치도 춘천시 우두동 1087 춘천우두 EG the1 2차 ,,커피숍,2026-05-27
휴게음식점,세븐일레븐춘천본점,"강원특별자치도 춘천시 퇴계로 21, 1층 (퇴계동)",강원특별자치도 춘천시 퇴계동 1161-4 ,,편의점,2026-05-27
휴게음식점,노란팬지브런치,"강원특별자치도 춘천시 동면 서부대성로 441-4, 1층 103호",강원특별자치도 춘천시 동면 만천리 529-12 ,,커피숍,2026-05-27
휴게음식점,프리즈비(FreezeBee),"강원특별자치도 춘천시 스포츠타운길 136, 춘천시종합경기장 (송암동)",강원특별자치도 춘천시 송암동 301 춘천시종합경기장 ,,푸드트럭,2026-05-27
휴게음식점,하이브클럽,"강원특별자치도 춘천시 스포츠타운길 136, 춘천시종합경기장 (송암동)",강원특별자치도 춘천시 송암동 301 춘천시종합경기장 ,,푸드트럭,2026-05-27
휴게음식점,럭셔리베어,"강원특별자치도 춘천시 스포츠타운길 136, 춘천시종합경기장 (송암동)",강원특별자치도 춘천시 송암동 301 춘천시종합경기장 ,,푸드트럭,2026-05-27
휴게음식점,우지커피춘천한숲시티점,"강원특별자치도 춘천시 안마산로 115, e편한세상 춘천 한숲시티 A3동 1층 104호 (퇴계동)",강원특별자치도 춘천시 퇴계동 1240 e편한세상 춘천 한숲시티 ,,커피숍,2026-05-27
휴게음식점,이마트24춘천학곡센터점,"강원특별자치도 춘천시 동내면 학곡지구길 52, 상가동 2층 201,202호 (학곡지구 모아엘가 그랑데)",강원특별자치도 춘천시 동내면 학곡리 860 학곡지구 모아엘가 그랑데 ,,편의점,2026-05-27
휴게음식점,무모아트가든,"강원특별자치도 춘천시 스포츠타운길 459, 3층 309,310,311호 (온의동)",강원특별자치도 춘천시 온의동 593 ,,기타 휴게음식점,2026-05-27
휴게음식점,밤차,"강원특별자치도 춘천시 스포츠타운길 136, 춘천시종합경기장 (송암동)",강원특별자치도 춘천시 송암동 301 춘천시종합경기장 ,,푸드트럭,2026-05-27
휴게음식점,크레아,"강원특별자치도 춘천시 강원대학길 1, 강원대학교 (효자동)",강원특별자치도 춘천시 효자동 192-1 강원대학교 ,,푸드트럭,2026-05-27
휴게음식점,방그리김밥,"강원특별자치도 춘천시 약사고개길 7-3, 1층 (죽림동)",강원특별자치도 춘천시 죽림동 11-38 ,,일반조리판매,2026-05-27
휴게음식점,세븐일레븐 춘천모아엘가비스타점,"강원특별자치도 춘천시 동내면 학곡지구길 24, 춘천학곡 모아엘가 비스타 1층 103호",강원특별자치도 춘천시 동내면 학곡리 859 춘천학곡 모아엘가 비스타 ,,편의점,2026-05-27
휴게음식점,써브웨이 춘천후평점,"강원특별자치도 춘천시 후석로 300, 1층 (후평동)",강원특별자치도 춘천시 후평동 794-1 ,,기타 휴게음식점,2026-05-27
휴게음식점,유캔두잇반다비점,"강원특별자치도 춘천시 우두하리길 15, 2층 (우두동)",강원특별자치도 춘천시 우두동 293-1 ,,커피숍,2026-05-27
휴게음식점,올라운지,"강원특별자치도 춘천시 춘천로 183, 1층 (운교동)",강원특별자치도 춘천시 운교동 182-6 ,,커피숍,2026-05-27
휴게음식점,애쉬스윗(Ash sweet),"강원특별자치도 춘천시 번개시장길 32, 1층 104호 (소양로1가)",강원특별자치도 춘천시 소양로1가 92-26 ,,기타 휴게음식점,2026-05-27
휴게음식점,카페바이어스,"강원특별자치도 춘천시 춘천로 402, 1층 102호 (후평동)",강원특별자치도 춘천시 후평동 748 ,,커피숍,2026-05-27
휴게음식점,씨유춘천퇴계휴먼타운점,"강원특별자치도 춘천시 승지골길 53, 휴먼타운아파트 1층 101,102호 (석사동)",강원특별자치도 춘천시 석사동 866-3 휴먼타운아파트 ,,편의점,2026-05-27
휴게음식점,이층커피,"강원특별자치도 춘천시 약사고개길 46, 1,2층 (약사동)",강원특별자치도 춘천시 약사동 89-4 ,,커피숍,2026-05-27
휴게음식점,피브케이크(pive cake),"강원특별자치도 춘천시 중앙로77번길 30, 1층 (죽림동)",강원특별자치도 춘천시 죽림동 30-22 ,,기타 휴게음식점,2026-05-27
휴게음식점,사조푸디스트(주)한림성심대학교춘천점(CU편의점),"강원특별자치도 춘천시 동면 장학길 48, 한림성심대학교 학생복지관동 1층",강원특별자치도 춘천시 동면 장학리 790 한림성심대학교 ,,편의점,2026-05-27
휴게음식점,(주)아워홈한림대학교점GS편의점(학생생활관8),"강원특별자치도 춘천시 한림대학길 1, 한림대학교 학생생활관 1층 (옥천동)",강원특별자치도 춘천시 옥천동 1-1 한림대학교 ,,편의점,2026-05-27
휴게음식점,(주)아워홈한림대점지에스25편의점,"강원특별자치도 춘천시 한림대학길 1, 한림대학교 자연과학관 4층 (옥천동)",강원특별자치도 춘천시 옥천동 1-1 한림대학교 ,,편의점,2026-05-27
휴게음식점,브릭타스틱스낵,,강원특별자치도 춘천시 중도동 460-52 ,,푸드트럭,2026-05-27
휴게음식점,월드킹춘천점(F&B)에프앤비,"강원특별자치도 춘천시 옛경춘로 732, 2층 2,3호 (삼천동)",강원특별자치도 춘천시 삼천동 67-10 ,,커피숍,2026-05-27
휴게음식점,이디야커피춘천신동초파크점,"강원특별자치도 춘천시 사우벌길 70, 1,2층 (우두동)",강원특별자치도 춘천시 우두동 906 ,,커피숍,2026-05-27
휴게음식점,씨유(CU)춘천퇴계주공7단지점,"강원특별자치도 춘천시 승지골길16번길 16, 퇴계7단지주공아파트 상가동 1층 105,106호 (퇴계동)",강원특별자치도 춘천시 퇴계동 1025-2 퇴계7단지주공아파트 ,,편의점,2026-05-27
휴게음식점,씨유춘천청구마트점,"강원특별자치도 춘천시 서부대성로 332, 상가동 지하1층 2,3호 (석사동, 청구아파트)",강원특별자치도 춘천시 석사동 727-6 청구아파트 ,,편의점,2026-05-27
휴게음식점,영트럭푸드,"강원특별자치도 춘천시 시청길 11, 춘천시청 (옥천동)",강원특별자치도 춘천시 옥천동 111-1 춘천시청 ,,푸드트럭,2026-05-27
휴게음식점,세븐일레븐춘천삭주로점,"강원특별자치도 춘천시 삭주로194번길 12, 1층 (후평동)",강원특별자치도 춘천시 후평동 731-5 ,,편의점,2026-05-27
휴게음식점,춘천일기,"강원특별자치도 춘천시 옛경춘로 846, 1층 (삼천동)",강원특별자치도 춘천시 삼천동 21-3 ,033-818-0361,커피숍,2026-05-27
휴게음식점,하이드온부쉬,"강원특별자치도 춘천시 서면 경춘로 1068, 1층",강원특별자치도 춘천시 서면 당림리 280-2 ,,커피숍,2026-05-27
휴게음식점,씨유(CU)춘천햇살공원점,"강원특별자치도 춘천시 스무숲1길 79-1, 1층 (석사동)",강원특별자치도 춘천시 석사동 917-2 ,,편의점,2026-05-27
휴게음식점,크레용,"강원특별자치도 춘천시 우석로79번길 10, 101호 (석사동)",강원특별자치도 춘천시 석사동 733-22 ,,기타 휴게음식점,2026-05-27
휴게음식점,봉구스밥버거온의점,"강원특별자치도 춘천시 스포츠타운길 533, 1층 입구좌측상가호 (온의동)",강원특별자치도 춘천시 온의동 65-44 ,,기타 휴게음식점,2026-05-27
휴게음식점,이마트24춘천트루엘점,"강원특별자치도 춘천시 백령로 215, 상가3동 1층 106호 (후평동, 춘천일성트루엘더퍼스트아파트)",강원특별자치도 춘천시 후평동 910 춘천일성트루엘더퍼스트아파트 ,,편의점,2026-05-27
휴게음식점,바나타이거춘천팔호광장점,"강원특별자치도 춘천시 춘천로170번길 3-4, 1층 (운교동)",강원특별자치도 춘천시 운교동 181-7 ,,커피숍,2026-05-27
휴게음식점,이디야커피춘천근화DI점,"강원특별자치도 춘천시 영서로 2543, 1층 (근화동)",강원특별자치도 춘천시 근화동 562-5 ,,커피숍,2026-05-27
휴게음식점,룹피스(Loopeace),"강원특별자치도 춘천시 충열로 182, 1,2층 (우두동)",강원특별자치도 춘천시 우두동 460-11 ,,커피숍,2026-05-27
휴게음식점,세븐일레븐 춘천설레임점,"강원특별자치도 춘천시 충혼길52번길 18, 1층 (온의동)",강원특별자치도 춘천시 온의동 538-10 ,,편의점,2026-05-27
휴게음식점,빅푸드,강원특별자치도 춘천시 신북읍 영서로 3282,강원특별자치도 춘천시 신북읍 용산리 231-21 ,,푸드트럭,2026-05-27
휴게음식점,댄싱컵춘천퇴계점,"강원특별자치도 춘천시 김유정로 1881, 1층 104호 (퇴계동)",강원특별자치도 춘천시 퇴계동 187-5 ,,커피숍,2026-05-27
휴게음식점,광장스크린골프,"강원특별자치도 춘천시 춘천로 236, 3층 (효자동)",강원특별자치도 춘천시 효자동 750 ,,일반조리판매,2026-05-27
휴게음식점,컴포즈커피춘천애막골점,"강원특별자치도 춘천시 후석로186번길 10, 1층 102호 (석사동)",강원특별자치도 춘천시 석사동 728-4 ,,커피숍,2026-05-27
휴게음식점,세븐수상레저,강원특별자치도 춘천시 영서로 2663 (근화동),강원특별자치도 춘천시 근화동 8-1 소양강스카이워크 ,,기타 휴게음식점,2026-05-27
휴게음식점,씨유(CU)춘천테라스점,"강원특별자치도 춘천시 중앙로 32, 더테라스리빙3 1층 101,102호 (요선동)",강원특별자치도 춘천시 요선동 9-3 ,,편의점,2026-05-27
휴게음식점,서담,강원특별자치도 춘천시 남산면 남이섬길 1,강원특별자치도 춘천시 남산면 방하리 197 남이섬 ,,커피숍,2026-05-27
휴게음식점,떠기다방(강원대병원점),"강원특별자치도 춘천시 성심로 100, 1층 (효자동)",강원특별자치도 춘천시 효자동 18-42 ,,커피숍,2026-05-27
휴게음식점,윤집사,"강원특별자치도 춘천시 중앙로 41-3, 좌측 카페 1층 (중앙로1가)",강원특별자치도 춘천시 중앙로1가 74 ,,커피숍,2026-05-27
휴게음식점,이마트24춘천이편한센터점,"강원특별자치도 춘천시 서부대성로 33, 상가동 1층 (소양로2가, e편한세상 춘천)",강원특별자치도 춘천시 소양로2가 183 e편한세상 춘천 ,,편의점,2026-05-27
휴게음식점,더리터춘천점,"강원특별자치도 춘천시 동내면 동내로 9, 복도측 1층",강원특별자치도 춘천시 동내면 거두리 986-2 독도빌딩 ,,커피숍,2026-05-27
휴게음식점,마이요거트립춘천퇴계점,"강원특별자치도 춘천시 안마산로 216, 1층 19,20호 (퇴계동)",강원특별자치도 춘천시 퇴계동 945 ,,아이스크림,2026-05-27
휴게음식점,스톤플랜트,"강원특별자치도 춘천시 퇴계농공로 19, 201,202호 (석사동)",강원특별자치도 춘천시 석사동 888-3 ,,커피숍,2026-05-27
휴게음식점,더홀릭보드게임춘천명동점,"강원특별자치도 춘천시 중앙로67번길 3, 3층 (중앙로2가)",강원특별자치도 춘천시 중앙로2가 28 ,,기타 휴게음식점,2026-05-27
휴게음식점,이디야(춘천주니어골프점),"강원특별자치도 춘천시 신동면 김유정로 1668, H동 1층",강원특별자치도 춘천시 신동면 증리 745-1 ,,커피숍,2026-05-27
휴게음식점,자유빵집남춘천역점,"강원특별자치도 춘천시 영서로 2260, 남춘천역 맞이방 2층 (퇴계동)",강원특별자치도 춘천시 퇴계동 633-2 남춘천역 ,,기타 휴게음식점,2026-05-27
휴게음식점,두스쿱(DO스쿱),"강원특별자치도 춘천시 성심로 42, 1층 (효자동)",강원특별자치도 춘천시 효자동 753-17 ,,기타 휴게음식점,2026-05-27
휴게음식점,발산629,"강원특별자치도 춘천시 옛경춘로 508-5, 1층 (온의동)",강원특별자치도 춘천시 온의동 507-4 ,,커피숍,2026-05-27
휴게음식점,유동부치아바타(주),"강원특별자치도 춘천시 동내면 외솔길19번길 80-34, 1층",강원특별자치도 춘천시 동내면 거두리 1062-2 ,,일반조리판매,2026-05-27
휴게음식점,지에스25춘천주공4단지,"강원특별자치도 춘천시 퇴계로 240, 1층 105호 (석사동)",강원특별자치도 춘천시 석사동 822-2 ,,편의점,2026-05-27
휴게음식점,지에스(GS)25춘천조엘,"강원특별자치도 춘천시 새롬공원길5번길 29-1, 1층 (석사동)",강원특별자치도 춘천시 석사동 832-10 ,,편의점,2026-05-27
휴게음식점,씨유(CU)춘천시그니처점,"강원특별자치도 춘천시 우두1길 90, 117동 1층 113,114호 (우두동)",강원특별자치도 춘천시 우두동 1089 ,,편의점,2026-05-27
휴게음식점,하이오커피춘천후평점,"강원특별자치도 춘천시 후석로 251, 1층 코너상가호 (후평동)",강원특별자치도 춘천시 후평동 832-10 ,,커피숍,2026-05-27
휴게음식점,지에스(GS)25춘천포스코,"강원특별자치도 춘천시 기와집길 12, 1층 (소양로2가)",강원특별자치도 춘천시 소양로2가 96-16 ,,편의점,2026-05-27
휴게음식점,카페효자동(cafe 효자동),"강원특별자치도 춘천시 효자로 74-1, 1층 (효자동)",강원특별자치도 춘천시 효자동 669-3 ,,커피숍,2026-05-27
휴게음식점,지영푸드,"강원특별자치도 춘천시 동면 춘천순환로 600, MS마트리테일점 1층",강원특별자치도 춘천시 동면 장학리 234 ,,기타 휴게음식점,2026-05-27
휴게음식점,지에스(GS)25춘천후평초록,"강원특별자치도 춘천시 후만로116번길 14, 1층 (후평동)",강원특별자치도 춘천시 후평동 870 ,,편의점,2026-05-27
휴게음식점,쩝쩝박사,강원특별자치도 춘천시 강원대학길 1 (효자동),강원특별자치도 춘천시 효자동 192-1 ,,푸드트럭,2026-05-27
휴게음식점,씨유(CU)뉴춘천휴먼시아점,"강원특별자치도 춘천시 퇴계로105번길 5, 1층 101,102호 (퇴계동)",강원특별자치도 춘천시 퇴계동 1083 ,,편의점,2026-05-27
휴게음식점,033푸드랩,"강원특별자치도 춘천시 동면 장학길 48, 한림성심대학교",강원특별자치도 춘천시 동면 장학리 790 한림성심대학교 ,,푸드트럭,2026-05-27
휴게음식점,씨유(CU)춘천퇴계주공1단지점,"강원특별자치도 춘천시 퇴계로145번길 11-1, 1층 (퇴계동)",강원특별자치도 춘천시 퇴계동 959-8 ,,편의점,2026-05-27
휴게음식점,컴포즈커피춘천강원대공과대학점,"강원특별자치도 춘천시 백령로 67, 1층 (효자동)",강원특별자치도 춘천시 효자동 178-54 ,,커피숍,2026-05-27
휴게음식점,이마트24 춘천보안센터점,"강원특별자치도 춘천시 보안길 51, 1층 (후평동)",강원특별자치도 춘천시 후평동 67-73 ,,편의점,2026-05-27
휴게음식점,퓨메(Fiume),"강원특별자치도 춘천시 영서로 2949-16, 1,2층 (사농동)",강원특별자치도 춘천시 사농동 357-1 ,,커피숍,2026-05-27
휴게음식점,황금붕어빵,"강원특별자치도 춘천시 행촌로 30, 1층 우측상가호 (퇴계동)",강원특별자치도 춘천시 퇴계동 903 ,,기타 휴게음식점,2026-05-27
휴게음식점,카페월드,"강원특별자치도 춘천시 옥천길 11, 1층 (중앙로1가)",강원특별자치도 춘천시 중앙로1가 62-3 ,,커피숍,2026-05-27
휴게음식점,옵티멈존피씨카페춘천석사점,"강원특별자치도 춘천시 퇴계농공로 22, 3층 305호 (석사동)",강원특별자치도 춘천시 석사동 880-4 ,,기타 휴게음식점,2026-05-27
휴게음식점,해숙이네호떡,"강원특별자치도 춘천시 춘천로 306-4, 1층 (후평동)",강원특별자치도 춘천시 후평동 692-9 ,,기타 휴게음식점,2026-05-27
휴게음식점,(주)강촌레일파크,"강원특별자치도 춘천시 신동면 김유정로 1383, 1층",강원특별자치도 춘천시 신동면 증리 323-2 ,,푸드트럭,2026-05-27
휴게음식점,GS25춘천에이스,"강원특별자치도 춘천시 삭주로108번길 32, 1층 우측호 (후평동)",강원특별자치도 춘천시 후평동 858-5 ,,편의점,2026-05-27
휴게음식점,요거트월드춘천후평점,"강원특별자치도 춘천시 후석로 326, 엠타워 1층 110호 (후평동)",강원특별자치도 춘천시 후평동 701-8 ,,아이스크림,2026-05-27
휴게음식점,이마트24무릉점,"강원특별자치도 춘천시 남춘로36번길 62, 1층 (퇴계동)",강원특별자치도 춘천시 퇴계동 954-3 ,,편의점,2026-05-27
휴게음식점,비밀베이커리춘천온의점,"강원특별자치도 춘천시 춘천로17번길 21, 춘천강남하이엔드 1층 108호 (온의동)",강원특별자치도 춘천시 온의동 587-5 춘천강남하이엔드 ,,기타 휴게음식점,2026-05-27
휴게음식점,인디고PC춘천장학점,"강원특별자치도 춘천시 동면 춘천로 453, 2층",강원특별자치도 춘천시 동면 장학리 1007-3 ,,기타 휴게음식점,2026-05-27
휴게음식점,씨유춘천우두본점,"강원특별자치도 춘천시 사우로 155, 1층 (우두동)",강원특별자치도 춘천시 우두동 165-7 ,,편의점,2026-05-27
휴게음식점,씨유춘천우두중앙공원점,"강원특별자치도 춘천시 우두1길 131, 1층 104,105호 (우두동)",강원특별자치도 춘천시 우두동 1085 ,,편의점,2026-05-27
휴게음식점,피자스쿨춘천온의점,"강원특별자치도 춘천시 방송길 77, 1층 1104호 (온의동, 춘천 센트럴타워 푸르지오)",강원특별자치도 춘천시 온의동 601 춘천 센트럴타워 푸르지오 ,,패스트푸드,2026-05-27
휴게음식점,포토메종,"강원특별자치도 춘천시 서부대성로 107-1, 1층 (교동)",강원특별자치도 춘천시 교동 65-6 ,,커피숍,2026-05-27
휴게음식점,여덟시커피,"강원특별자치도 춘천시 행촌로 55, 1층 (퇴계동)",강원특별자치도 춘천시 퇴계동 592-4 ,,커피숍,2026-05-27
휴게음식점,메고지고춘천우두점,"강원특별자치도 춘천시 우두1길 140, 210동 113호 (우두동, 춘천우두 EG the1 2차)",강원특별자치도 춘천시 우두동 1087 춘천우두 EG the1 2차 ,,기타 휴게음식점,2026-05-27
휴게음식점,씨유춘천스타점,"강원특별자치도 춘천시 모수물길 57, 상가동 B213호 (소양로2가, 더샵 소양스타리버)",강원특별자치도 춘천시 소양로2가 7-2 더샵 소양스타리버 ,,편의점,2026-05-27
휴게음식점,대박왕만두,"강원특별자치도 춘천시 동내면 영서로 1778, 1층 2호",강원특별자치도 춘천시 동내면 학곡리 600 ,,기타 휴게음식점,2026-05-27
휴게음식점,혜인마트,"강원특별자치도 춘천시 서부대성로 33, 상가동 101호 (소양로2가, e편한세상 춘천)",강원특별자치도 춘천시 소양로2가 183 e편한세상 춘천 ,,기타 휴게음식점,2026-05-27
휴게음식점,오이오(oeo),"강원특별자치도 춘천시 중앙로68번길 3-1, 3층 (중앙로2가)",강원특별자치도 춘천시 중앙로2가 82-1 ,,기타 휴게음식점,2026-05-27
휴게음식점,쏘쏘의하루,"강원특별자치도 춘천시 신북읍 신북로 18, 1층",강원특별자치도 춘천시 신북읍 율문리 318-44 ,,기타 휴게음식점,2026-05-27
휴게음식점,스토리오브라망춘천강남점,"강원특별자치도 춘천시 스포츠타운길 457, 1동 1층 (삼천동)",강원특별자치도 춘천시 삼천동 32-9 ,,기타 휴게음식점,2026-05-27
휴게음식점,에그리데이,"강원특별자치도 춘천시 스포츠타운길 459, 센트럴파크플라자 1층 109호 (온의동)",강원특별자치도 춘천시 온의동 593 ,,커피숍,2026-05-27
휴게음식점,김밥이네,"강원특별자치도 춘천시 신북읍 신샘밭로 366, 1층",강원특별자치도 춘천시 신북읍 율문리 274-17 ,,일반조리판매,2026-05-27
휴게음식점,세븐일레븐춘천향교점,"강원특별자치도 춘천시 교동길 8-1, 1층 (교동)",강원특별자치도 춘천시 교동 138-13 ,,편의점,2026-05-27
휴게음식점,우지커피춘천우두점,"강원특별자치도 춘천시 영서로 2786, 1층 (우두동)",강원특별자치도 춘천시 우두동 691-14 ,,커피숍,2026-05-27
휴게음식점,S패밀리,"강원특별자치도 춘천시 춘천로145번길 18, 춘천시교육청 (약사동)",강원특별자치도 춘천시 약사동 2-2 춘천시교육청 ,,푸드트럭,2026-05-27
휴게음식점,소울로스팅랩,"강원특별자치도 춘천시 동면 소양강로 508, 1,2층",강원특별자치도 춘천시 동면 지내리 690 ,,커피숍,2026-05-27
휴게음식점,이디야블루엔젤점,"강원특별자치도 춘천시 신동면 정족길 193, 1층",강원특별자치도 춘천시 신동면 정족리 693-4 ,,커피숍,2026-05-27
휴게음식점,레인웨이,"강원특별자치도 춘천시 남춘천새길 42, 상가동 지하1층 101호 (석사동, 세경5차아파트)",강원특별자치도 춘천시 석사동 694 세경5차아파트 ,,일반조리판매,2026-05-27
휴게음식점,카페솔솔(CAFE SOLSOL),"강원특별자치도 춘천시 동내면 원창고개길 9, 3층",강원특별자치도 춘천시 동내면 학곡리 105-44 ,,커피숍,2026-05-27
휴게음식점,이디야소양3교점,"강원특별자치도 춘천시 동면 사우로 226, 2층",강원특별자치도 춘천시 동면 장학리 663-23 ,,커피숍,2026-05-27
휴게음식점,플러스마이너스아이스크림,"강원특별자치도 춘천시 신북읍 신샘밭로 669, 1층 우측호",강원특별자치도 춘천시 신북읍 천전리 99-7 ,,아이스크림,2026-05-27
휴게음식점,설빙춘천석사점,"강원특별자치도 춘천시 퇴계농공로 9, 1층 101,102호 (석사동)",강원특별자치도 춘천시 석사동 885-3 ,,기타 휴게음식점,2026-05-27
휴게음식점,UZMAN우즈만,"강원특별자치도 춘천시 효제길37번길 3, 1층 (효자동)",강원특별자치도 춘천시 효자동 159-37 ,,일반조리판매,2026-05-27
휴게음식점,비밀베이커리후평점,"강원특별자치도 춘천시 후석로 336, 1층 (후평동)",강원특별자치도 춘천시 후평동 702-4 ,,기타 휴게음식점,2026-05-27
휴게음식점,아랑이분식,"강원특별자치도 춘천시 공지로 425-2, 1층 (근화동)",강원특별자치도 춘천시 근화동 713-13 ,,일반조리판매,2026-05-27
휴게음식점,카페인중독남춘천역점,"강원특별자치도 춘천시 우묵길56번길 25, 1층 101호 (퇴계동)",강원특별자치도 춘천시 퇴계동 1182-7 ,,일반조리판매,2026-05-27
휴게음식점,금은동찐빵김밥,"강원특별자치도 춘천시 충혼길52번길 22, 1층 (온의동)",강원특별자치도 춘천시 온의동 534-9 ,,일반조리판매,2026-05-27
휴게음식점,카인드베이커리(kind bakery),"강원특별자치도 춘천시 방송길 77, 상가동 1층 1230호 (온의동, 춘천 센트럴타워 푸르지오)",강원특별자치도 춘천시 온의동 601 춘천 센트럴타워 푸르지오 ,,기타 휴게음식점,2026-05-27
휴게음식점,눈송이,"강원특별자치도 춘천시 서부대성로44번길 19, 1층 (요선동)",강원특별자치도 춘천시 요선동 14-9 ,,기타 휴게음식점,2026-05-27
휴게음식점,동산상회,"강원특별자치도 춘천시 명동길 45, 1층 (죽림동)",강원특별자치도 춘천시 죽림동 159-5 ,,일반조리판매,2026-05-27
휴게음식점,치즈스토리,"강원특별자치도 춘천시 스포츠타운길 136, 춘천시종합경기장 (송암동)",강원특별자치도 춘천시 송암동 301 춘천시종합경기장 ,,푸드트럭,2026-05-27
휴게음식점,떠기다방춘천시청점,"강원특별자치도 춘천시 시청길10번길 4-2, 1층 (조양동)",강원특별자치도 춘천시 조양동 26-1 ,,기타 휴게음식점,2026-05-27
휴게음식점,세븐일레븐춘천벨라스테이점,"강원특별자치도 춘천시 춘천로 352, 1층 102호 (후평동)",강원특별자치도 춘천시 후평동 729-2 ,,편의점,2026-05-27
휴게음식점,만방만두,"강원특별자치도 춘천시 남춘로55번길 3, 1층 (효자동)",강원특별자치도 춘천시 효자동 711-18 ,,일반조리판매,2026-05-27
휴게음식점,학교앞,"강원특별자치도 춘천시 동내면 동내로 132, 1층",강원특별자치도 춘천시 동내면 신촌리 464-3 ,,일반조리판매,2026-05-27
휴게음식점,이디야커피춘천한숲시티점,"강원특별자치도 춘천시 안마산로 107, 1층 101,102호 (퇴계동)",강원특별자치도 춘천시 퇴계동 530-5 ,,커피숍,2026-05-27
휴게음식점,스마일명품찹쌀꽈배기,"강원특별자치도 춘천시 행촌로32번길 8, 1층 (퇴계동)",강원특별자치도 춘천시 퇴계동 903-4 ,,기타 휴게음식점,2026-05-27
휴게음식점,솔티홈,"강원특별자치도 춘천시 효평길 7, 1층 (효자동)",강원특별자치도 춘천시 효자동 644-3 ,,기타 휴게음식점,2026-05-27
휴게음식점,쏘쏘의하루,,강원특별자치도 춘천시 삼천동 329-31 삼악산 호수케이블카 임시주차장 ,,기타 휴게음식점,2026-05-27
휴게음식점,앵무새마을,,강원특별자치도 춘천시 삼천동 329-31 삼악산 호수케이블카 임시주차장 ,,기타 휴게음식점,2026-05-27
휴게음식점,(주)케이알산업춘천(하)휴게소엔제리너스,"강원특별자치도 춘천시 동내면 영서로 1432, 춘천휴게소 1층",강원특별자치도 춘천시 동내면 사암리 산 121-1 춘천휴게소 ,02-6984-9000,커피숍,2026-05-27
휴게음식점,(주)케이알산업춘천(하)휴게소특산물,"강원특별자치도 춘천시 동내면 영서로 1432, 춘천휴게소 1층",강원특별자치도 춘천시 동내면 사암리 산 121-1 춘천휴게소 ,02-6984-9000,기타 휴게음식점,2026-05-27
휴게음식점,꽃마중,,강원특별자치도 춘천시 삼천동 329-31 삼악산 호수케이블카 임시주차장 ,,기타 휴게음식점,2026-05-27
휴게음식점,모어아워(morehour),"강원특별자치도 춘천시 백령로 138, 2층 (효자동)",강원특별자치도 춘천시 효자동 626 ,,커피숍,2026-05-27
휴게음식점,벤처창업진흥협동조합,"강원특별자치도 춘천시 신북읍 신샘밭로 1128, 소양강 물문화관 지하1층",강원특별자치도 춘천시 신북읍 천전리 산 73-6 소양강 물문화관 ,,커피숍,2026-05-27
휴게음식점,(주)비지에프리테일강원대다온관점,"강원특별자치도 춘천시 공지로218번길 36, 강원대다온관 1층 (효자동)",강원특별자치도 춘천시 효자동 산 25 ,031-870-9000,편의점,2026-05-27
휴게음식점,춘천구움,"강원특별자치도 춘천시 동내면 외솔길19번길 49-20, 1층",강원특별자치도 춘천시 동내면 거두리 1022-1 ,,기타 휴게음식점,2026-05-27
휴게음식점,카페힘찬하루,"강원특별자치도 춘천시 국사봉길 18, 1층 1호 (퇴계동)",강원특별자치도 춘천시 퇴계동 424-8 ,,기타 휴게음식점,2026-05-27
휴게음식점,설빙춘천온의점,"강원특별자치도 춘천시 춘천로17번길 31, 더스위트캐슬 2층 213,214호 (온의동)",강원특별자치도 춘천시 온의동 587-3 ,,기타 휴게음식점,2026-05-27
휴게음식점,카페예와생,"강원특별자치도 춘천시 후만로126번길 12, 1층 (후평동)",강원특별자치도 춘천시 후평동 873-3 ,,일반조리판매,2026-05-27
휴게음식점,파익스피크소다,"강원특별자치도 춘천시 영서로 2279, 1층 (온의동)",강원특별자치도 춘천시 온의동 170-4 ,,일반조리판매,2026-05-27
휴게음식점,더아이엔지라운지강원대점,"강원특별자치도 춘천시 강원대학길 1, 강원대학교 천지관 2층 (효자동)",강원특별자치도 춘천시 효자동 192-1 강원대학교 ,,일반조리판매,2026-05-27
휴게음식점,GS25춘천후평대로점,"강원특별자치도 춘천시 춘천로 402, 1층 (후평동)",강원특별자치도 춘천시 후평동 748 ,,편의점,2026-05-27
휴게음식점,유너파티세리,"강원특별자치도 춘천시 퇴계로 240, 1층 104호 (석사동)",강원특별자치도 춘천시 석사동 822-2 ,,커피숍,2026-05-27
휴게음식점,어디야PC방,"강원특별자치도 춘천시 서부대성로 215, 2층 (효자동)",강원특별자치도 춘천시 효자동 618-12 ,,기타 휴게음식점,2026-05-27
휴게음식점,GS25운교사거리점,"강원특별자치도 춘천시 금강로 114, 1층 (운교동)",강원특별자치도 춘천시 운교동 174-4 ,,편의점,2026-05-27
휴게음식점,우지커피춘천신사우점,"강원특별자치도 춘천시 사우로 40, 1층 (사농동)",강원특별자치도 춘천시 사농동 46-22 ,070-8633-2616,커피숍,2026-05-27
휴게음식점,지에스(GS)25춘천신북2점,"강원특별자치도 춘천시 신북읍 신북로 246, 1층",강원특별자치도 춘천시 신북읍 산천리 347-1 ,,편의점,2026-05-27
휴게음식점,잼비JAMBEE,"강원특별자치도 춘천시 충혼길34번길 4, 1층 (온의동)",강원특별자치도 춘천시 온의동 529-4 ,033-818-0066,커피숍,2026-05-27
휴게음식점,사랑담아,"강원특별자치도 춘천시 삭주로108번길 27, 1층 (후평동)",강원특별자치도 춘천시 후평동 851-2 ,,커피숍,2026-05-27
휴게음식점,프롬,"강원특별자치도 춘천시 수변공원길 54, MBC춘천문화방송 2층 (삼천동)",강원특별자치도 춘천시 삼천동 238-3 MBC춘천문화방송 ,,커피숍,2026-05-27
휴게음식점,협업컴퍼니,"강원특별자치도 춘천시 신북읍 신북로 28, 1층",강원특별자치도 춘천시 신북읍 율문리 318-34 ,,일반조리판매,2026-05-27
제과점영업,독일제과,"강원특별자치도 춘천시 중앙로 39, 1층 (중앙로1가)",강원특별자치도 춘천시 중앙로1가 77-2 ,033-254-3446,제과점영업,2026-05-27
제과점영업,파리바게트 한림점,강원특별자치도 춘천시 삭주로 96 (후평동),강원특별자치도 춘천시 후평동 855-1 ,033-255-4520,제과점영업,2026-05-27
제과점영업,마들렌과자점,"강원특별자치도 춘천시 충열로 39 (우두동, 1층B동)",강원특별자치도 춘천시 우두동 707-35 ,033-243-0880,제과점영업,2026-05-27
제과점영업,파리바게뜨퇴계점,"강원특별자치도 춘천시 안마산로 199, 1층 108.109호 (퇴계동, 선우씨티상가)",강원특별자치도 춘천시 퇴계동 87 , 033-262-1172,제과점영업,2026-05-27
제과점영업,아망떼과자점,강원특별자치도 춘천시 효제길 22 (효자동),강원특별자치도 춘천시 효자동 154-21 ,033-257-5336,제과점영업,2026-05-27
제과점영업,파리바게뜨(남춘천점),강원특별자치도 춘천시 행촌로 29 (퇴계동),강원특별자치도 춘천시 퇴계동 891-1 , 033-257-0082,제과점영업,2026-05-27
제과점영업,파리바게트석사점,"강원특별자치도 춘천시 후석로186번길 14 (석사동, 1층)",강원특별자치도 춘천시 석사동 729-7 ,033-262-8277,제과점영업,2026-05-27
제과점영업,애디스,강원특별자치도 춘천시 동내면 영서로 1775 (1층),강원특별자치도 춘천시 동내면 학곡리 306-16 , 033-261-7434,제과점영업,2026-05-27
제과점영업,파리바게뜨우두강북점,강원특별자치도 춘천시 충열로 10-14 (우두동),강원특별자치도 춘천시 우두동 1067-1 , 033-253-8277,제과점영업,2026-05-27
제과점영업,케익하우스몽마,"강원특별자치도 춘천시 동면 춘천순환로 901, 1층 (춘천신북농협협동조합내)",강원특별자치도 춘천시 동면 장학리 450 외3필지 ,033-253-7645,제과점영업,2026-05-27
제과점영업,파리바게뜨춘천주공랜드마크점,"강원특별자치도 춘천시 퇴계로 175 (퇴계동, 석사동 805-1)",강원특별자치도 춘천시 퇴계동 968-7 석사동 805-1 ,033-262-8202,제과점영업,2026-05-27
제과점영업,파리바게트춘천온의점,"강원특별자치도 춘천시 영서로 2347-1, 1층 (온의동)",강원특별자치도 춘천시 온의동 65-32 , 033-244-8200,제과점영업,2026-05-27
제과점영업,파리바게뜨(명동점),"강원특별자치도 춘천시 금강로 54 (중앙로2가, 1,2,3층)",강원특별자치도 춘천시 중앙로2가 5 , 033-243-4520,제과점영업,2026-05-27
제과점영업,(주)신세계푸드블랑제리춘천점,"강원특별자치도 춘천시 경춘로 2353, 이마트춘천점 (온의동)",강원특별자치도 춘천시 온의동 511 이마트 ,033-253-8504,제과점영업,2026-05-27
제과점영업,뚜레쥬르(남춘천점),"강원특별자치도 춘천시 행촌로 27 (퇴계동, 1층)",강원특별자치도 춘천시 퇴계동 891-2 , 033-244-0069,제과점영업,2026-05-27
제과점영업,파리바게뜨석사퇴계CGV점,"강원특별자치도 춘천시 퇴계농공로 16, 1층 102,103,104호 (석사동)",강원특별자치도 춘천시 석사동 880-2 ,033-263-0081,제과점영업,2026-05-27
제과점영업,파리바게뜨거두점,"강원특별자치도 춘천시 동내면 춘천순환로 58 (메디피아빌딩 110호,111호,112호)",강원특별자치도 춘천시 동내면 거두리 926-1 , 033-264-0482,제과점영업,2026-05-27
제과점영업,파리바게뜨춘천포스코점,"강원특별자치도 춘천시 춘천로296번길 3 (후평동, 1층)",강원특별자치도 춘천시 후평동 692 ,033-257-8205,제과점영업,2026-05-27
제과점영업,남양동산,강원특별자치도 춘천시 신북읍 신북로 255,강원특별자치도 춘천시 신북읍 산천리 345-4 ,033-243-1602,제과점영업,2026-05-27
제과점영업,몽블랑제(주)춘천점,"강원특별자치도 춘천시 김유정로 1840 (퇴계동, 홈플러스춘천점)",강원특별자치도 춘천시 퇴계동 144-1 외10필지(홈플러스춘천점) ,033-269-8165,제과점영업,2026-05-27
제과점영업,파리바게뜨춘천만천점,강원특별자치도 춘천시 동면 만천로 135 (벨몽드만천점),강원특별자치도 춘천시 동면 만천리 821-2 ,033-244-8255,제과점영업,2026-05-27
제과점영업,칠전빵집,강원특별자치도 춘천시 칠전서길 28-1 (칠전동),강원특별자치도 춘천시 칠전동 590-7 ,033-257-7109,제과점영업,2026-05-27
제과점영업,빚은팔호광장점,"강원특별자치도 춘천시 춘천로 188 (효자동, 메가시티빌딩 106호)",강원특별자치도 춘천시 효자동 654-9 외6필지(106호) ,033-253-9991,제과점영업,2026-05-27
제과점영업,산토리니,강원특별자치도 춘천시 동면 순환대로 1154-97 (1층),강원특별자치도 춘천시 동면 장학리 144-16 ,033-242-3010,제과점영업,2026-05-27
제과점영업,빵이가득한집,"강원특별자치도 춘천시 중앙로77번길 6-2 (중앙로2가, 1층,2층)","강원특별자치도 춘천시 중앙로2가 41-3 (1층,2층) ",033-257-0092,제과점영업,2026-05-27
제과점영업,수제빵,"강원특별자치도 춘천시 효평길 97 (후평동, 1층)",강원특별자치도 춘천시 후평동 692-1 ,033-251-4876,제과점영업,2026-05-27
제과점영업,파리바게뜨춘천신성점,강원특별자치도 춘천시 공지로439번길 24 (근화동),강원특별자치도 춘천시 근화동 291-20 ,033-261-6358,제과점영업,2026-05-27
제과점영업,쁘띠방스,"강원특별자치도 춘천시 동면 소양강로 100-1, 1층 101호(우측)호",강원특별자치도 춘천시 동면 장학리 989 ,033-251-8919,제과점영업,2026-05-27
제과점영업,대원당,"강원특별자치도 춘천시 퇴계로 191, 1, 2층 (석사동)",강원특별자치도 춘천시 석사동 796-5 ,033-255-0008,제과점영업,2026-05-27
제과점영업,파리바게뜨춘천장학점,"강원특별자치도 춘천시 동면 춘천로 457, 유정빌딩 1층 104,105호","강원특별자치도 춘천시 동면 장학리 1007-5 104,105호",033-253-0082,제과점영업,2026-05-27
제과점영업,뚜레쥬르강북점,"강원특별자치도 춘천시 사우4길 36 (사농동, 벨몽드강북점 내)",강원특별자치도 춘천시 사농동 99-6 외 2필지  벨몽드강북점 내 ,033-258-5086,제과점영업,2026-05-27
제과점영업,하루밀,강원특별자치도 춘천시 동내면 학곡동2길 17 (동춘천농협하나로마트내),강원특별자치도 춘천시 동내면 학곡리 364-5 ,,제과점영업,2026-05-27
제과점영업,살루떼,"강원특별자치도 춘천시 후석로379번길 34, 2층 (후평동)",강원특별자치도 춘천시 후평동 848-10 ,070-7559-3654,제과점영업,2026-05-27
제과점영업,프레즌트15,"강원특별자치도 춘천시 퇴계로 133, 1층 (퇴계동)",강원특별자치도 춘천시 퇴계동 1129 ,033-252-2369,제과점영업,2026-05-27
제과점영업,빵굽는마미갸또,"강원특별자치도 춘천시 후석로326번길 14, 1층 (후평동, MS마트내)",강원특별자치도 춘천시 후평동 79-1 ,,제과점영업,2026-05-27
제과점영업,이레빵집,"강원특별자치도 춘천시 애막골길3번길 67, 1층 (석사동)",강원특별자치도 춘천시 석사동 725-6 ,033-262-1665,제과점영업,2026-05-27
제과점영업,자유빵집,"강원특별자치도 춘천시 만천로199번길 28, 1층 (후평동)",강원특별자치도 춘천시 후평동 735-23 ,033-911-9871,제과점영업,2026-05-27
제과점영업,아라비스타,"강원특별자치도 춘천시 남산면 북한강변길 688, 지하1,지상1층",강원특별자치도 춘천시 남산면 백양리 29-1 엘리시안 강촌 ,0507-1354-2763,제과점영업,2026-05-27
제과점영업,빵굽는사람들MS마트,"강원특별자치도 춘천시 서부대성로 33, 1층 (소양로2가, e편한세상 춘천 MS마트내)",강원특별자치도 춘천시 소양로2가 183 e편한세상 춘천 ,,제과점영업,2026-05-27
제과점영업,브레댄코춘천한림대점,"강원특별자치도 춘천시 한림대학길 1, 학생회관(김유정관) 2층 (옥천동)",강원특별자치도 춘천시 옥천동 1-1 한림대학교 ,033-255-6419,제과점영업,2026-05-27
제과점영업,뚜레쥬르효자점,"강원특별자치도 춘천시 공지로 240, 1층 (효자동)",강원특별자치도 춘천시 효자동 287-5 ,033-264-5407,제과점영업,2026-05-27
제과점영업,베이커리팩토리춘천점,"강원특별자치도 춘천시 방송길 84, 롯데마트 1층 (온의동)",강원특별자치도 춘천시 온의동 6-25 롯데마트 ,02-2276-5000,제과점영업,2026-05-27
제과점영업,동내빵집,"강원특별자치도 춘천시 동내면 거두택지길44번길 19-1, 1층",강원특별자치도 춘천시 동내면 거두리 1127-9 ,033-262-8063,제과점영업,2026-05-27
제과점영업,케익하우스몽마,"강원특별자치도 춘천시 신북읍 율문길 71, 신북농협 1층",강원특별자치도 춘천시 신북읍 율문리 551-1 ,,제과점영업,2026-05-27
제과점영업,파리바게뜨춘천한숲점,"강원특별자치도 춘천시 안마산로 115, 이편한세상 춘천 한숲시티 상가A동 1층 A3-106,107호 (퇴계동)",강원특별자치도 춘천시 퇴계동 1240 ,033-244-0089,제과점영업,2026-05-27
제과점영업,박혜정케이커리,"강원특별자치도 춘천시 동내면 거두택지길 66, 1층",강원특별자치도 춘천시 동내면 거두리 1123-5 ,033-262-9004,제과점영업,2026-05-27
제과점영업,오하이베이크하우스,"강원특별자치도 춘천시 옛경춘로 585, 지하1층 (칠전동)",강원특별자치도 춘천시 칠전동 42 ,033-251-9982,제과점영업,2026-05-27
제과점영업,오하이베이크하우스,"강원특별자치도 춘천시 옛경춘로 585, 1층 (칠전동)",강원특별자치도 춘천시 칠전동 42 ,033-251-9982,제과점영업,2026-05-27
제과점영업,쁘띠방스산토리니점,"강원특별자치도 춘천시 동면 순환대로 1154-97, 1층",강원특별자치도 춘천시 동면 장학리 144-16 ,,제과점영업,2026-05-27
제과점영업,데일리베이크샵,강원특별자치도 춘천시 춘천로68번길 42 (효자동),강원특별자치도 춘천시 효자동 694 ,033-251-6570,제과점영업,2026-05-27
제과점영업,하루에베이커리강대점,"강원특별자치도 춘천시 후만로 29, 예스마트내 1층 (후평동)",강원특별자치도 춘천시 후평동 481-4 ,,제과점영업,2026-05-27
제과점영업,뚜레쥬르춘천후평점,"강원특별자치도 춘천시 후석로 312, 1층 (후평동)",강원특별자치도 춘천시 후평동 67-72 ,033-910-0606,제과점영업,2026-05-27
제과점영업,거북당제빵소,"강원특별자치도 춘천시 서부대성로 12, 서부시장상가동 128호 (소양로2가, 신동아아파트)",강원특별자치도 춘천시 소양로2가 172-1 신동아아파트 ,033-252-2049,제과점영업,2026-05-27
제과점영업,블랑오,강원특별자치도 춘천시 부안길 4 (후평동),강원특별자치도 춘천시 후평동 798-1 ,033-910-0252,제과점영업,2026-05-27
제과점영업,브래댄코강대병원점,"강원특별자치도 춘천시 백령로 156, 강원대학교병원 어린이병동 1층 (효자동)",강원특별자치도 춘천시 효자동 17-1 강원대학교병원 ,033-252-1450,제과점영업,2026-05-27
제과점영업,카페드220볼트,"강원특별자치도 춘천시 동내면 금촌로 107-27, 지하1층",강원특별자치도 춘천시 동내면 신촌리 107-15 ,033-263-0220,제과점영업,2026-05-27
제과점영업,인디커피삼악산케이블카점,"강원특별자치도 춘천시 스포츠타운길 245, 1층 (삼천동)",강원특별자치도 춘천시 삼천동 392-10 ,033-263-0220,제과점영업,2026-05-27
제과점영업,스튜디베이글,"강원특별자치도 춘천시 동면 만천로 261, 1층 104호",강원특별자치도 춘천시 동면 장학리 859 ,033-255-1123,제과점영업,2026-05-27
제과점영업,유동부치아바타(주),"강원특별자치도 춘천시 동내면 외솔길19번길 80-34, 1층",강원특별자치도 춘천시 동내면 거두리 1062-2 ,033-263-4647,제과점영업,2026-05-27
제과점영업,라니떡공방,"강원특별자치도 춘천시 효석로 143, 1층 (석사동)",강원특별자치도 춘천시 석사동 661-8 ,,제과점영업,2026-05-27
제과점영업,거북당제빵소(리버레인),"강원특별자치도 춘천시 영서로 2529-47, 1층 (근화동)",강원특별자치도 춘천시 근화동 532-8 ,,제과점영업,2026-05-27
제과점영업,모토모토,"강원특별자치도 춘천시 동면 순환대로 1156-19, 지하1층",강원특별자치도 춘천시 동면 만천리 326-37 ,,제과점영업,2026-05-27
제과점영업,모토모토,"강원특별자치도 춘천시 동면 순환대로 1156-19, 지하1층",강원특별자치도 춘천시 동면 만천리 326-37 ,,제과점영업,2026-05-27
제과점영업,구르망디즈,"강원특별자치도 춘천시 후석로 120, 춘천농협농수산물종합유통센터 A동 1층 (석사동)",강원특별자치도 춘천시 석사동 980 ,,제과점영업,2026-05-27
제과점영업,뚜레쥬르퇴계중앙점,"강원특별자치도 춘천시 퇴계로 146, 1층 (퇴계동)",강원특별자치도 춘천시 퇴계동 971-5 ,033-255-4500,제과점영업,2026-05-27
제과점영업,파리바게트춘천온의푸르지오,"강원특별자치도 춘천시 방송길 77, 1층 1204,1222,1223호 (온의동, 춘천 센트럴타워 푸르지오)",강원특별자치도 춘천시 온의동 601 춘천 센트럴타워 푸르지오 ,,제과점영업,2026-05-27
제과점영업,찌니네식빵,강원특별자치도 춘천시 사우로 68 (우두동),강원특별자치도 춘천시 우두동 639-9 ,,제과점영업,2026-05-27
제과점영업,언쏠티드버터,"강원특별자치도 춘천시 충혼길5번길 4-4, 우측상가 1층 (퇴계동)",강원특별자치도 춘천시 퇴계동 874-2 ,,제과점영업,2026-05-27
제과점영업,구오베이커리,"강원특별자치도 춘천시 국사봉길 16, 1층 (퇴계동)",강원특별자치도 춘천시 퇴계동 424-7 ,,제과점영업,2026-05-27
제과점영업,바이,"강원특별자치도 춘천시 춘천로 223, 1층 (효자동)",강원특별자치도 춘천시 효자동 744-9 ,,제과점영업,2026-05-27
제과점영업,빌즈(Billz),"강원특별자치도 춘천시 동면 춘천로449번길 20-3, 1층 101호",강원특별자치도 춘천시 동면 장학리 996-5 ,,제과점영업,2026-05-27
제과점영업,블랑제리춘천,강원특별자치도 춘천시 김유정로 1852-11 (퇴계동),강원특별자치도 춘천시 퇴계동 107-14 ,,제과점영업,2026-05-27
제과점영업,브리꼴레르,강원특별자치도 춘천시 삭주로108번길 7 (후평동),강원특별자치도 춘천시 후평동 848-12 ,,제과점영업,2026-05-27
제과점영업,근화당,"강원특별자치도 춘천시 공지로439번길 15, 1층 (근화동)",강원특별자치도 춘천시 근화동 714 ,,제과점영업,2026-05-27
제과점영업,베이킹스튜디오바우,"강원특별자치도 춘천시 동내면 춘천순환로 136, 1층",강원특별자치도 춘천시 동내면 거두리 1105-3 ,,제과점영업,2026-05-27
제과점영업,꼼아파리,"강원특별자치도 춘천시 동내면 거두택지길 61-3, 1층",강원특별자치도 춘천시 동내면 거두리 1098-3 ,,제과점영업,2026-05-27
제과점영업,하루에베이커리한림점,"강원특별자치도 춘천시 성심로 10, 1층 (교동)",강원특별자치도 춘천시 교동 157-12 ,,제과점영업,2026-05-27
제과점영업,공지천제빵소,"강원특별자치도 춘천시 수변공원길 23, 1층 (삼천동)",강원특별자치도 춘천시 삼천동 13-8 ,033-255-7200,제과점영업,2026-05-27
제과점영업,베이커리팩토리롯데슈퍼춘천점,"강원특별자치도 춘천시 영서로 2195, 롯데슈퍼 1층 (퇴계동)",강원특별자치도 춘천시 퇴계동 381-1 롯데슈퍼 ,,제과점영업,2026-05-27
제과점영업,38마일,"강원특별자치도 춘천시 남산면 종자리로 42, 1층",강원특별자치도 춘천시 남산면 광판리 134-1 ,033-262-3800,제과점영업,2026-05-27
제과점영업,(주)신세계푸드블랑제리춘천점,"강원특별자치도 춘천시 경춘로 2353, 이마트춘천점 1층 (온의동)",강원특별자치도 춘천시 온의동 511 이마트 ,033-240-1111,제과점영업,2026-05-27
제과점영업,레시피,"강원특별자치도 춘천시 공지로297번길 9, 1층 우측상가호 (효자동)",강원특별자치도 춘천시 효자동 710-1 ,,제과점영업,2026-05-27
제과점영업,브와베르(BOIS VERT),"강원특별자치도 춘천시 동내면 영서로 1543-48, 1,2층",강원특별자치도 춘천시 동내면 학곡리 105-77 ,,제과점영업,2026-05-27
제과점영업,신촌리빵집,"강원특별자치도 춘천시 동내면 향군길 14, 2동 1층",강원특별자치도 춘천시 동내면 신촌리 396-5 ,,제과점영업,2026-05-27
제과점영업,챌린지제빵소,"강원특별자치도 춘천시 동내면 춘천순환로94번길 31, 지하1층",강원특별자치도 춘천시 동내면 거두리 770-11 ,,제과점영업,2026-05-27
제과점영업,근화당(남산하나로마트),강원특별자치도 춘천시 남산면 장터골길 32,강원특별자치도 춘천시 남산면 광판리 591-42 ,,제과점영업,2026-05-27
제과점영업,사계곳간,"강원특별자치도 춘천시 새롬공원길5번길 25-1, 1층 (석사동)",강원특별자치도 춘천시 석사동 830-2 ,,제과점영업,2026-05-27
제과점영업,몽키쿠키(Monkey Cookie),"강원특별자치도 춘천시 성심로 80, 1층 (효자동)",강원특별자치도 춘천시 효자동 44-28 ,,제과점영업,2026-05-27
제과점영업,브릭파티카페(Brick partycafe),,강원특별자치도 춘천시 중도동 560-4 ,,제과점영업,2026-05-27
제과점영업,멜로우바이트(Mellow Bite),"강원특별자치도 춘천시 안마산로 115, e편한세상 춘천 한숲시티 상가A동 1층 A1-104호 (퇴계동)",강원특별자치도 춘천시 퇴계동 1240 e편한세상 춘천 한숲시티 ,,제과점영업,2026-05-27
제과점영업,선초빵집,"강원특별자치도 춘천시 동면 춘천로449번길 20-1, 1층 102호",강원특별자치도 춘천시 동면 장학리 996-3 ,,제과점영업,2026-05-27
제과점영업,알로록공작소,"강원특별자치도 춘천시 번개시장길 32-1, 1층 111호 (소양로1가)",강원특별자치도 춘천시 소양로1가 92-26 ,,제과점영업,2026-05-27
제과점영업,하루에베이커리안마산점,"강원특별자치도 춘천시 안마산로 218, 1층 (퇴계동)",강원특별자치도 춘천시 퇴계동 74-3 ,,제과점영업,2026-05-27
제과점영업,베이커리선(善),"강원특별자치도 춘천시 남산면 충효로 437, 애견체험박물관동 3층",강원특별자치도 춘천시 남산면 광판리 1193 ,,제과점영업,2026-05-27
제과점영업,카페겨울,"강원특별자치도 춘천시 남산면 충효로 437, 애견체험박물관 교육강의동 1층",강원특별자치도 춘천시 남산면 광판리 1193 ,,제과점영업,2026-05-27
제과점영업,카페봄,"강원특별자치도 춘천시 남산면 충효로 437, 애견체험박물관 2층",강원특별자치도 춘천시 남산면 광판리 1193 ,,제과점영업,2026-05-27
제과점영업,컴포어춘천,"강원특별자치도 춘천시 솟발1길 4-41, 1층 (퇴계동)",강원특별자치도 춘천시 퇴계동 493-3 ,,제과점영업,2026-05-27
제과점영업,컴포어춘천(원예농협하나로마트),"강원특별자치도 춘천시 우두로 62, 춘천원예농협하나로마트 1층 (사농동)",강원특별자치도 춘천시 사농동 808-5 ,,제과점영업,2026-05-27
제과점영업,파리바게뜨춘천봄내점,"강원특별자치도 춘천시 퇴계로 213, 1층 우측상가호 (석사동)",강원특별자치도 춘천시 석사동 796-14 ,,제과점영업,2026-05-27
제과점영업,하룸(HARUM),"강원특별자치도 춘천시 공지로 452-8, 1층 (근화동)",강원특별자치도 춘천시 근화동 711 ,,제과점영업,2026-05-27
제과점영업,르방베이커리원마트점,"강원특별자치도 춘천시 춘천로 300, 1층 (후평동)",강원특별자치도 춘천시 후평동 692-2 ,,제과점영업,2026-05-27
제과점영업,오호하우스(OHO HOUSE),"강원특별자치도 춘천시 시청길10번길 4-2, 1층 (조양동)",강원특별자치도 춘천시 조양동 26-1 ,,제과점영업,2026-05-27
제과점영업,수제과점,"강원특별자치도 춘천시 중앙로77번길 24-2, 1층 우측상가호 (죽림동)",강원특별자치도 춘천시 죽림동 30-37 ,,제과점영업,2026-05-27
제과점영업,피버하우스,"강원특별자치도 춘천시 지석로 63, 현진에버빌2차 상가동 1층 106,109호 (석사동)",강원특별자치도 춘천시 석사동 873 현진에버빌2차 ,,제과점영업,2026-05-27
제과점영업,컴포어,"강원특별자치도 춘천시 후석로 120, 하나로마트 내 1층 (석사동)",강원특별자치도 춘천시 석사동 980 ,,제과점영업,2026-05-27
제과점영업,빵굽는사람들,"강원특별자치도 춘천시 후석로 434, 하나로마트 (후평동)",강원특별자치도 춘천시 후평동 244-34 ,,제과점영업,2026-05-27
제과점영업,거북당빵나라,"강원특별자치도 춘천시 행촌로 1, 1층 (온의동)",강원특별자치도 춘천시 온의동 548-9 ,,제과점영업,2026-05-27
제과점영업,뚜레쥬르춘천CGV중앙점,"강원특별자치도 춘천시 퇴계농공로 19, 파인프라자 1층 101,102호 (석사동)",강원특별자치도 춘천시 석사동 888-3 ,,제과점영업,2026-05-27
제과점영업,디모먼트(D.MOMENT),"강원특별자치도 춘천시 옥천길54번길 23, 1층 (옥천동)",강원특별자치도 춘천시 옥천동 14-91 ,,제과점영업,2026-05-27
제과점영업,브레드1994,"강원특별자치도 춘천시 동내면 공지로 80, 신동농협 하나로마트 1층",강원특별자치도 춘천시 동내면 거두리 929-2 신동농협 하나로마트 ,,제과점영업,2026-05-27
제과점영업,어바웃블랭크,"강원특별자치도 춘천시 동면 만천양지길 47, 1층",강원특별자치도 춘천시 동면 만천리 844-22 ,,제과점영업,2026-05-27
제과점영업,올데이스테이,"강원특별자치도 춘천시 동면 만천로 28-84, 지하2층",강원특별자치도 춘천시 동면 만천리 437-1 ,,제과점영업,2026-05-27
제과점영업,앙호두춘천거두점,"강원특별자치도 춘천시 공지로 49, 1층 (석사동)",강원특별자치도 춘천시 석사동 116-27 ,,제과점영업,2026-05-27
제과점영업,브레드컴퍼니,"강원특별자치도 춘천시 후석로420번길 7, 춘천하이테크타워 5층 501호 (후평동)",강원특별자치도 춘천시 후평동 558-1 ,,제과점영업,2026-05-27
